age,weight,height,exercise_hours,sleep_hours,sugar_intake,smoking,alcohol,profession,bmi,risk
56,107.2,169.9,3.6,7.4,12.7,1,1,0,37.13710346528668,1
69,70.9,176.4,1.7,4.8,75.0,0,0,3,22.785002133884543,1
46,99.6,193.9,1.1,6.1,136.2,1,0,3,26.491327414986376,1
32,57.3,174.0,9.1,7.3,41.4,0,0,3,18.925881886642884,1
60,88.7,190.7,10.0,7.2,14.4,0,1,1,24.390585948767676,0
25,108.5,153.7,1.6,4.2,70.7,0,0,3,45.92847264758385,1
38,51.6,158.6,0.5,9.7,108.6,1,1,3,20.51366862315119,1
56,45.5,169.8,3.3,5.7,73.6,1,1,3,15.781054687770963,1
36,73.2,176.3,4.6,4.1,74.4,1,1,2,23.550842956094083,0
40,51.0,186.7,2.0,4.5,103.8,1,0,2,14.631253677536924,1
28,93.6,194.5,3.0,7.5,45.6,1,0,0,24.74210453274826,0
28,104.4,167.5,2.0,4.8,115.3,0,0,2,37.21096012474939,1
41,73.2,152.1,7.7,4.3,31.4,0,1,1,31.641178659840477,0
53,61.8,186.1,7.1,6.3,65.4,0,1,1,17.844144392044512,1
57,73.2,177.2,6.3,7.7,101.8,0,0,0,23.31222069921376,1
41,92.0,158.9,3.9,4.7,126.0,0,0,0,36.43678356669377,1
20,45.6,172.3,9.1,5.9,120.8,0,1,1,15.360108652558047,1
39,83.3,183.4,9.7,6.5,111.0,1,1,1,24.76545655847561,1
19,84.9,184.7,1.7,5.0,60.3,0,1,1,24.887077450988727,0
41,86.4,172.5,2.2,7.0,27.1,0,1,0,29.035916824196594,1
61,60.7,163.7,5.3,4.5,40.4,0,0,1,22.65120613008062,1
47,91.4,193.8,0.9,4.3,131.1,0,0,0,24.33540903189802,1
55,50.9,179.9,4.4,7.1,130.0,1,1,1,15.727346518555638,1
19,58.0,168.4,5.8,5.5,143.2,0,0,1,20.45237840003159,0
38,102.0,162.6,5.2,4.6,20.6,1,0,2,38.57972159057385,0
50,93.0,182.9,3.3,6.5,85.2,1,1,1,27.8006876036734,1
29,45.9,160.9,5.4,9.5,100.8,0,1,0,17.7296677599318,1
39,61.1,157.7,9.6,8.3,109.5,0,0,1,24.568453703342556,0
61,58.9,173.8,2.1,8.9,100.1,1,1,3,19.499153160716716,1
42,62.6,163.0,6.5,9.2,117.8,0,0,2,23.561293236478605,1
66,61.1,178.3,0.4,9.8,60.3,0,1,1,19.219342396516733,0
44,49.1,155.3,0.7,8.6,35.1,0,0,1,20.358162690329124,1
59,74.8,179.5,5.5,7.7,38.6,1,1,3,23.21521403465212,1
45,92.6,162.7,1.0,6.2,11.7,0,0,3,34.981294829228204,1
33,84.4,150.0,0.2,5.1,59.0,1,1,3,37.51111111111111,0
32,88.7,155.7,1.7,8.1,22.8,1,1,3,36.58865075328484,1
64,50.3,192.0,5.6,10.0,55.0,1,1,3,13.64474826388889,1
68,106.8,189.0,7.0,6.8,97.9,0,1,3,29.898379104728313,0
61,99.5,160.5,2.0,8.3,135.2,1,1,1,38.625401539193135,0
69,97.3,185.0,6.7,7.0,127.5,0,0,0,28.42951059167275,1
20,98.5,177.4,1.8,6.6,45.4,1,0,1,31.298894592949136,1
54,105.6,193.7,6.1,6.5,28.8,0,1,1,28.145221882163742,1
68,80.4,166.8,4.1,7.0,37.0,0,0,1,28.8977451132619,1
24,58.0,180.7,6.5,6.2,145.9,1,0,2,17.76281073817035,1
38,85.1,152.9,10.0,8.5,86.9,1,1,0,36.40110683318497,0
26,93.3,167.8,9.4,9.2,35.6,1,0,0,33.13582063896374,1
56,93.0,193.4,0.0,9.3,127.7,0,0,2,24.8639434321225,1
35,78.9,174.3,8.9,5.4,65.3,0,0,0,25.97061469383805,1
21,49.4,163.0,0.7,9.4,135.9,0,0,2,18.59309721856299,1
42,69.1,155.4,9.5,6.0,46.5,1,1,1,28.613831702634787,0
31,104.8,181.7,2.8,5.9,65.1,0,0,0,31.743252817137968,0
67,83.0,179.0,3.8,8.4,80.7,0,0,1,25.90431010268094,1
26,80.0,166.8,0.9,5.8,135.0,0,0,3,28.753975237076517,1
43,62.5,192.8,1.1,4.3,131.6,1,0,1,16.813803136998327,1
19,68.9,151.0,7.3,6.2,90.4,1,1,0,30.21797289592562,1
37,103.2,163.7,9.4,8.3,41.0,0,0,1,38.51078208606788,1
45,88.3,191.4,6.1,6.0,66.5,1,1,1,24.103318341779044,1
64,96.2,164.4,7.2,7.8,146.6,1,1,2,35.593561487322475,1
24,74.5,161.4,7.6,8.0,95.1,1,1,0,28.598892282368183,1
61,86.0,174.0,2.6,8.4,119.4,1,1,1,28.405337561104506,1
25,61.1,187.1,0.5,9.4,73.0,1,1,2,17.453946291550604,1
64,90.9,154.6,0.0,6.6,84.5,1,0,0,38.031626916852574,1
52,72.8,192.4,3.5,5.0,70.1,1,0,3,19.666235882452096,0
31,73.8,185.8,2.4,5.9,108.4,1,1,1,21.377895140555314,1
34,87.2,158.2,0.6,6.6,129.2,1,1,1,34.84203611744643,0
53,105.9,182.0,1.8,8.3,81.0,0,0,1,31.97077647627098,1
67,49.2,167.3,1.2,4.1,77.3,0,0,1,17.578152214650675,1
57,98.6,168.1,9.1,5.9,57.6,1,1,1,34.893255303615554,1
21,64.0,185.2,1.4,8.7,34.8,1,0,3,18.659414374279866,1
19,73.9,193.3,5.4,8.0,141.5,1,0,3,19.777925212679605,0
23,46.4,155.7,5.9,8.4,54.3,1,1,0,19.13994808289083,1
59,64.6,168.9,5.4,8.9,122.1,0,1,0,22.64504660638036,1
21,77.7,171.6,1.0,8.7,110.1,1,1,2,26.386783379790376,1
46,48.7,166.9,3.2,8.1,120.7,0,1,2,17.48301329606496,1
35,76.9,166.3,0.5,6.6,141.1,0,1,2,27.806212754048083,1
43,105.3,152.4,4.0,9.9,97.3,0,0,3,45.337590675181346,1
61,51.9,180.8,1.9,7.4,135.7,0,1,0,15.87707533871094,1
51,94.7,169.6,5.6,5.2,33.5,0,0,0,32.92291518333927,0
27,71.6,158.8,6.9,5.8,97.7,0,1,3,28.3930486203199,0
53,87.6,186.7,5.3,8.2,118.1,1,1,0,25.131329846122245,1
31,61.9,186.1,4.3,9.5,48.0,1,1,1,17.873018412096364,1
48,55.4,171.9,3.9,5.1,113.7,0,1,0,18.748132378058454,0
65,55.4,163.4,8.4,4.5,119.0,1,1,0,20.749405608182304,0
32,49.6,178.7,2.2,9.3,126.4,0,1,1,15.532185600849763,1
25,57.1,163.0,7.3,9.5,53.8,1,0,2,21.491211562347097,1
31,88.2,160.6,7.6,5.7,105.4,0,1,2,34.196172820168464,1
40,102.3,182.9,4.2,6.3,52.6,0,1,2,30.580756364040738,1
57,97.9,151.8,3.0,8.0,113.5,1,0,3,42.48534494281186,1
38,89.5,154.3,4.7,6.0,74.8,0,0,1,37.591632228671365,1
33,52.2,150.3,0.9,9.3,93.7,1,1,1,23.107477659451554,0
62,63.8,156.9,0.5,4.6,68.2,0,0,3,25.916406994830126,1
35,65.1,153.1,1.1,4.2,32.7,1,0,1,27.773499644405348,1
64,61.2,194.8,1.9,5.3,34.9,1,1,0,16.1277401346719,1
41,78.5,163.0,5.0,5.7,20.9,1,1,2,29.545711167149687,0
43,79.8,156.7,8.5,4.7,96.5,1,0,1,32.49861840146708,1
42,68.2,160.8,2.4,4.4,128.8,1,1,1,26.376203559317837,1
62,68.0,192.1,9.4,8.5,12.9,0,0,2,18.426980785265783,1
58,98.9,173.4,9.5,5.0,19.3,0,0,3,32.89259254824802,1
46,96.3,166.4,9.6,9.5,74.0,1,0,2,34.77920441937869,1
32,65.0,189.3,8.4,6.2,113.3,0,0,3,18.13894937530854,1
62,104.4,167.8,3.6,8.0,32.1,0,1,3,37.07802438057679,1
18,106.9,165.1,0.7,5.4,48.0,1,1,0,39.21782991494977,1
42,66.2,159.3,5.7,5.4,42.5,1,1,2,26.087138134548944,1
24,68.0,167.0,5.6,7.4,65.9,0,1,1,24.38237297859371,1
26,77.9,164.3,8.5,7.4,41.5,1,1,3,28.857740968619893,1
41,106.2,180.5,10.0,8.6,59.4,1,1,0,32.59643495676062,1
18,102.0,163.0,5.1,8.5,112.0,1,1,2,38.39060559298431,0
61,51.7,176.0,3.5,8.0,95.5,0,1,3,16.69034090909091,0
25,70.5,153.0,1.9,6.7,21.4,1,1,0,30.116621812123544,0
41,81.0,158.6,0.0,9.3,99.3,0,1,1,32.20168911773733,1
28,77.7,168.3,5.1,7.7,76.8,1,1,3,27.431704059574457,1
68,57.6,192.2,5.6,9.9,140.8,0,1,3,15.592498708746202,1
34,100.8,167.0,8.2,8.9,50.5,1,0,1,36.14328229768009,1
25,89.0,179.9,5.0,4.3,111.7,1,1,1,27.49968251771025,1
52,99.5,161.5,9.2,5.9,112.3,1,1,1,38.14854930076968,1
52,100.8,155.7,6.3,7.4,41.0,0,1,3,41.57988721455594,1
50,93.6,152.6,8.4,8.3,136.5,0,1,0,40.19451396415817,1
22,73.5,163.7,1.5,7.3,78.8,0,1,0,27.4277372415309,0
59,84.7,157.1,8.6,8.7,105.0,0,0,1,34.31871674741222,1
56,55.4,157.8,6.8,5.7,30.4,1,0,0,22.24824544071605,1
58,88.8,184.2,1.7,5.1,46.1,1,1,1,26.171807304763625,1
45,56.7,150.7,1.9,4.3,92.1,0,1,1,24.966436215158726,0
24,90.1,175.1,9.3,7.4,54.7,0,1,2,29.386813637699404,0
26,59.9,167.1,0.3,8.1,80.0,0,0,0,21.45230300679633,1
25,52.6,172.8,4.6,6.0,62.4,0,1,3,17.615633573388198,1
29,55.7,175.3,3.1,7.7,99.7,0,1,2,18.125557068007286,0
51,45.1,164.1,6.7,4.3,78.2,0,0,1,16.747862233793473,1
50,91.7,163.3,8.4,4.6,10.6,1,0,2,34.38721200709944,0
65,92.6,183.0,3.6,8.2,101.0,0,1,1,27.650870435068224,1
40,78.5,189.2,4.3,6.2,69.1,0,1,1,21.92943248304869,1
41,55.5,158.7,9.8,8.0,57.8,0,0,1,22.036323007231488,0
54,50.4,154.4,7.8,9.0,23.2,1,1,0,21.141507154554482,1
52,46.2,190.4,9.0,9.1,40.9,0,1,1,12.744068215521501,1
61,55.8,165.7,4.4,5.0,41.3,1,0,1,20.323063873058796,1
57,102.9,174.8,2.3,6.9,141.0,1,1,0,33.67693185805025,1
39,60.7,166.2,4.1,8.4,70.6,0,0,0,21.974887084558787,1
44,68.0,155.7,7.2,8.6,15.9,1,1,1,28.049923914581385,1
52,51.8,176.5,1.1,8.7,29.4,0,1,0,16.628012422858703,1
18,59.5,173.6,2.7,5.4,21.1,1,0,3,19.74319904861008,0
52,78.7,159.1,0.5,5.2,92.4,0,0,3,31.09097725617978,1
54,84.5,170.3,4.3,7.5,36.1,0,0,1,29.135831245265425,1
64,60.9,185.9,8.3,8.4,79.8,1,0,2,17.62213455845268,1
31,48.8,176.6,0.2,5.9,61.8,0,0,0,15.647264486224636,0
20,70.4,154.4,6.8,4.6,122.5,0,0,2,29.530994120647534,0
18,60.2,174.7,9.3,8.3,54.9,1,0,3,19.72471247627383,1
22,59.3,181.6,2.4,5.8,74.2,1,0,1,17.98137941741544,0
43,107.4,185.7,6.9,5.0,111.0,0,0,3,31.1444362378565,1
31,85.1,178.3,9.8,4.9,70.7,1,1,0,26.76867492542674,1
56,81.2,156.9,9.6,5.9,121.1,0,1,0,32.98451799342016,0
44,72.0,182.0,2.3,7.6,102.6,1,0,1,21.736505252988767,1
26,72.9,180.5,1.0,6.2,67.5,1,1,0,22.375518910996696,1
32,80.2,151.1,1.5,4.1,80.6,1,0,0,35.12735417877546,0
32,90.3,168.5,7.0,4.6,145.4,0,0,0,31.804453680141584,1
43,90.6,165.0,7.3,5.7,102.6,0,1,2,33.278236914600555,1
59,56.2,180.1,6.7,8.0,136.7,0,0,1,17.326422084590554,0
30,77.5,159.7,3.4,4.6,35.0,0,0,1,30.3872829808866,1
68,71.8,176.6,1.7,7.4,77.7,0,0,1,23.0219997973551,1
49,101.6,191.1,5.8,4.7,137.2,1,0,0,27.820974221512454,1
56,86.0,185.9,4.8,5.3,55.2,0,1,0,24.88511612523695,1
66,79.6,191.5,7.3,5.0,145.5,1,0,0,21.705785709903264,1
69,52.5,194.0,4.4,4.4,23.6,1,1,1,13.9494101392284,1
49,84.4,150.5,3.4,8.0,136.4,1,1,2,37.26228187326851,1
21,52.6,178.0,2.9,6.8,72.3,0,0,3,16.60143921222068,0
47,66.9,168.6,2.1,9.0,20.3,1,1,1,23.53482520906946,1
54,54.3,188.7,2.7,4.6,133.1,0,1,1,15.249514922197989,1
40,90.0,161.3,0.9,4.9,45.3,0,1,2,34.5918488536069,0
56,58.4,194.1,3.5,5.8,13.1,0,1,3,15.501073528970686,0
62,70.5,177.6,0.4,8.6,29.0,0,0,3,22.351320915510104,1
32,103.2,185.7,1.9,5.8,102.3,1,0,0,29.92649739056602,1
60,58.3,153.9,7.5,6.5,146.9,0,0,3,24.61451682294562,1
46,78.0,158.3,3.3,5.8,25.6,1,1,0,31.126677997309528,1
53,72.3,184.1,6.7,4.5,74.7,1,1,1,21.331958017054355,1
30,46.2,151.0,7.2,9.6,35.3,0,0,2,20.262269198719356,0
49,96.5,186.8,5.8,7.3,114.3,1,1,1,27.65499406205723,1
24,49.5,150.6,9.6,8.7,26.5,1,1,3,21.82505039602546,0
68,75.8,179.6,0.2,8.0,43.6,1,0,1,23.499387403832323,0
39,81.4,166.4,7.4,7.1,37.5,0,1,2,29.39799833579881,1
45,85.8,177.5,9.6,4.5,87.4,1,1,2,27.23269192620512,1
19,89.8,181.3,8.6,7.9,132.2,0,0,0,27.32000210528301,0
59,61.5,165.4,1.7,4.9,81.6,0,0,1,22.480403667632164,0
62,45.6,154.9,3.3,6.5,18.2,0,0,2,19.00474326717376,0
23,92.0,153.1,1.7,7.8,88.9,0,0,2,39.24979980468959,1
45,79.8,176.5,6.0,8.7,121.7,1,0,2,25.61612724602557,1
45,99.3,173.4,7.1,8.1,28.5,1,0,2,33.025626289595834,0
61,98.4,183.4,3.2,8.0,20.2,1,0,3,29.254753005450183,1
61,99.8,172.9,5.4,4.9,36.3,0,1,1,33.38416780929946,0
37,76.5,169.0,6.9,6.1,114.5,1,0,1,26.784776443401846,1
47,66.7,167.9,4.2,4.3,92.8,0,1,1,23.660528527254478,0
28,96.5,151.2,8.5,8.3,85.7,1,0,3,42.21081436689904,1
45,74.3,165.1,7.7,9.7,44.9,0,1,3,27.258042681765833,0
42,56.9,193.9,0.6,5.6,56.5,0,1,2,15.134101705951052,1
56,100.6,189.3,6.2,4.5,145.2,0,1,3,28.07351241778521,0
50,102.4,164.8,2.4,6.9,43.7,0,1,0,37.70383636535017,1
18,75.3,176.5,5.6,9.1,136.2,1,1,3,24.171608792302322,1
44,49.9,188.1,9.6,7.3,91.3,0,0,2,14.10337177985965,1
69,70.2,169.9,8.8,4.3,27.3,1,0,1,24.3192599184993,0
30,97.2,150.8,4.0,9.8,75.4,1,0,3,42.742860359251104,1
58,103.6,153.4,2.9,9.0,142.8,1,1,1,44.025980427986916,1
20,58.2,173.0,2.3,4.8,68.6,0,1,1,19.44602225266464,1
56,49.4,193.6,5.3,9.5,130.9,0,1,0,13.180025271497849,1
23,102.0,181.2,1.1,6.7,45.9,0,0,0,31.065888923000458,1
25,70.3,153.2,5.5,6.2,89.9,1,1,3,29.952825365228485,1
44,80.2,158.5,0.0,6.8,128.1,0,1,1,31.923892167301897,0
26,107.9,184.7,3.2,9.0,138.9,0,0,2,31.62915968152749,1
54,49.3,187.9,2.2,8.0,78.0,1,0,1,13.963470089425687,1
50,87.1,177.8,9.7,4.4,99.6,0,0,1,27.55209592051837,0
68,49.8,179.0,7.3,9.7,10.4,1,1,0,15.542586061608564,0
59,69.4,151.3,3.5,4.9,45.5,1,1,0,30.31667823563922,0
61,97.2,187.3,0.9,8.5,49.0,1,0,0,27.70707690623691,1
41,73.2,185.5,5.2,7.8,23.1,0,1,0,21.272731235605672,0
32,109.8,161.7,2.1,5.1,49.2,0,1,3,41.99352198292034,1
49,81.3,181.9,5.4,5.0,55.0,1,1,3,24.571131006440176,1
49,65.9,159.7,8.4,9.2,145.6,1,1,1,25.838992883102286,1
41,59.3,151.8,6.2,6.5,103.6,0,0,3,25.73422834636101,0
58,67.8,159.1,6.3,7.9,69.6,0,1,2,26.78485715335437,1
69,69.2,158.0,5.4,7.0,148.3,1,1,1,27.719916680019224,1
66,49.5,165.2,9.3,8.4,31.5,1,0,1,18.137821057753758,1
66,69.0,168.8,9.3,6.9,76.6,1,1,2,24.216100267289587,1
69,75.2,172.9,5.1,5.7,100.6,0,1,1,25.15520460179679,1
29,92.0,171.5,3.1,6.2,17.8,1,0,2,31.279483888515838,1
56,87.7,162.2,4.6,9.2,110.4,0,1,0,33.33480305479072,1
19,91.1,151.3,1.9,6.8,24.0,1,0,0,39.79610068107684,1
20,45.5,177.2,6.4,5.3,29.6,0,1,0,14.490519696915657,0
66,59.1,167.8,5.0,9.6,32.4,1,1,2,20.989571272912723,0
54,88.0,163.4,1.0,8.8,140.0,0,1,3,32.959344648376224,0
66,76.5,189.0,2.0,4.3,105.7,0,0,3,21.415973796926178,1
34,45.3,183.6,4.8,10.0,101.8,0,1,1,13.438563515457018,0
66,97.3,188.6,8.9,8.2,87.8,0,1,0,27.354542990770863,1
19,95.2,172.3,5.7,5.0,51.0,0,0,0,32.06759525709487,0
19,80.6,155.9,6.8,5.4,96.9,0,1,1,33.16216008271613,1
45,49.3,181.3,3.4,8.2,67.4,1,1,0,14.998620309470516,1
40,94.8,159.3,5.7,8.7,30.4,1,1,0,37.357412313523255,1
54,82.9,169.9,4.5,5.4,106.5,1,0,2,28.718898108883078,1
49,95.8,152.9,6.6,5.5,28.1,0,0,1,40.9779792552188,1
50,93.9,187.1,0.5,5.8,36.7,0,0,2,26.823658867047495,0
18,97.2,155.7,4.9,7.6,124.5,1,1,0,40.09489124260751,1
36,78.7,190.6,3.0,5.0,102.4,0,0,0,21.663515776654936,1
19,54.1,188.9,3.3,4.6,98.3,0,1,1,15.161192056432142,1
61,88.6,170.9,9.6,8.1,68.5,1,0,0,30.335390958478516,1
43,85.3,183.5,1.8,8.7,65.5,1,0,3,25.332432492631174,0
49,93.2,177.9,3.1,7.0,106.6,1,1,2,29.44855681533448,1
23,56.0,186.1,5.1,6.2,113.6,1,0,2,16.1694512290371,0
49,57.7,169.4,8.6,6.6,81.4,1,0,3,20.107079782941113,1
21,102.9,185.4,4.2,6.3,145.7,1,1,1,29.936147854896085,0
28,93.7,170.8,7.4,9.8,143.8,1,1,1,32.11913628660278,1
34,104.0,192.3,8.6,8.6,67.7,0,1,0,28.123849862990877,0
55,94.3,171.9,3.1,5.2,124.9,0,1,1,31.91243471572044,1
41,83.8,170.8,3.9,6.3,86.1,0,1,3,28.725545579693843,0
22,87.5,185.3,3.6,7.3,81.6,0,1,1,25.483390799593078,1
69,102.8,187.0,8.3,7.7,17.7,1,1,0,29.397466327318476,1
51,82.6,175.0,0.4,6.8,90.4,0,1,3,26.971428571428568,1
23,86.1,158.1,3.1,8.9,136.1,0,0,0,34.44604872615631,1
39,55.2,171.0,6.8,8.6,119.2,0,1,2,18.877603365137993,1
28,75.8,193.6,5.7,7.0,120.1,0,0,2,20.22360152995014,1
65,91.6,183.9,4.4,9.1,32.4,1,1,1,27.08519802798469,1
33,62.6,186.5,5.4,8.5,60.2,0,1,3,17.997685601132762,0
50,58.1,151.5,2.0,8.7,42.6,1,0,3,25.31342243135205,0
26,65.4,171.1,4.3,9.7,54.2,1,0,3,22.339720193296653,1
23,60.7,179.1,5.0,5.6,91.1,0,0,0,18.92332809902232,1
33,59.0,187.4,9.0,5.6,61.1,1,1,3,16.80013759027938,1
46,72.6,152.2,2.6,9.3,88.5,0,1,1,31.340600668944834,0
20,104.0,188.4,8.7,8.6,71.4,1,1,2,29.300264603928035,0
37,78.0,174.7,6.4,9.6,50.1,1,1,1,25.556936431052467,0
53,57.2,158.9,0.2,4.4,23.4,1,0,2,22.654174130596562,0
36,50.0,164.3,7.2,7.8,134.9,0,1,2,18.52229843942227,0
43,90.3,162.7,0.4,4.9,11.6,0,0,1,34.11242897493852,0
20,69.9,173.9,10.0,7.0,10.2,0,1,2,23.114154493156853,1
36,98.4,152.3,8.7,4.9,125.8,0,1,2,42.42240558320244,0
37,87.9,157.1,3.0,4.8,149.6,1,0,0,35.615291642237715,1
49,96.8,186.6,2.6,4.1,111.8,0,1,1,27.800466174759247,1
24,62.7,156.0,3.8,7.8,12.1,1,0,1,25.76429980276134,1
69,90.0,160.5,3.6,6.2,41.7,1,1,1,34.93754913092847,1
58,62.2,170.4,3.7,4.6,146.1,1,1,2,21.42156538605656,0
50,106.0,173.3,3.2,5.9,123.2,1,1,3,35.29463864449941,1
57,86.4,184.4,6.2,5.0,89.4,1,1,3,25.409253673754595,1
56,66.1,170.1,1.6,9.7,43.2,1,1,2,22.84508783953555,0
35,62.5,185.5,8.5,5.9,12.0,1,0,3,18.163192653351835,1
57,57.4,177.8,8.1,6.0,12.9,1,1,3,18.1571791715012,0
18,90.2,155.1,4.8,9.0,95.7,1,1,2,37.495827446031164,0
28,59.2,157.0,8.5,7.9,13.1,1,1,1,24.017201509189015,0
45,83.7,169.7,2.5,8.3,149.1,1,1,0,29.064427536687337,1
42,62.2,167.9,0.2,7.8,35.7,0,0,1,22.064240995430715,0
67,88.0,183.5,6.2,9.7,109.5,1,1,1,26.134279711038022,1
40,98.0,176.1,4.6,5.2,31.7,0,0,1,31.601475724423526,1
48,95.6,167.5,5.7,9.9,85.6,0,0,0,34.07440409890844,1
47,94.5,157.7,9.0,9.0,21.3,1,0,1,37.998672258033906,1
59,57.2,160.2,9.7,7.5,117.3,1,0,3,22.287995187039925,0
52,50.7,175.9,6.3,8.0,91.9,1,0,0,16.386125637951945,1
24,90.4,169.1,7.6,7.9,22.1,1,1,3,31.614128577878304,0
33,68.9,173.2,0.8,4.4,128.8,0,0,0,22.968014123495248,1
43,73.1,157.7,1.6,5.3,86.6,0,0,3,29.393681926584954,1
65,47.0,179.8,7.3,9.8,139.0,1,0,1,14.5384625854212,1
69,61.9,188.4,4.3,7.2,138.3,0,0,1,17.439292105607166,1
66,47.2,161.6,4.5,6.3,138.9,1,0,1,18.07420841094011,0
19,102.1,172.1,3.1,8.6,20.9,1,0,3,34.47180317917133,0
18,60.8,193.9,6.1,7.1,26.9,1,1,3,16.17141271918847,1
65,81.2,165.0,1.9,4.1,148.3,0,1,2,29.825528007346193,1
29,47.5,176.8,6.3,8.4,78.3,0,0,3,15.195993120533977,1
22,88.3,154.1,1.7,8.4,43.3,0,0,0,37.183941758914145,1
54,66.0,177.3,0.6,5.0,117.8,1,0,1,20.99551173219652,1
49,103.4,154.0,3.3,9.7,47.0,0,0,0,43.599257884972175,1
26,102.7,193.2,2.3,5.3,111.8,1,0,2,27.514156261118185,0
58,66.1,182.2,8.9,6.7,127.2,1,1,2,19.91153374839292,1
52,103.6,185.5,0.5,4.7,119.8,0,1,3,30.107308142196004,1
36,109.8,181.7,1.8,7.6,48.4,1,1,1,33.25772098589455,1
65,98.7,176.5,5.5,6.3,66.2,1,1,0,31.68310475166321,1
33,99.9,170.2,4.8,6.1,67.9,1,1,2,34.48628212333317,1
20,61.2,188.6,0.5,9.0,78.8,1,1,2,17.205529609816825,1
37,82.5,193.1,0.1,4.1,33.4,0,0,0,22.125311866327717,0
41,49.4,172.5,9.9,8.8,73.3,1,0,2,16.601554295316106,1
50,51.2,191.9,6.6,7.4,81.5,1,1,0,13.903367792142479,1
41,109.9,176.2,3.7,9.9,84.4,1,0,1,35.39858354130136,1
69,66.2,174.2,4.7,7.5,124.8,0,1,3,21.81532503516156,1
28,93.6,170.5,2.7,4.3,82.4,1,1,0,32.19786551543244,0
66,97.4,159.4,3.4,4.3,42.3,1,1,1,38.33383972834138,1
25,100.8,150.2,6.5,9.3,102.8,0,0,0,44.68077184260313,1
53,109.8,160.9,8.8,9.0,121.6,1,0,2,42.41214640611137,1
55,60.7,172.9,1.8,6.1,54.7,0,1,1,20.3047994591631,0
57,47.6,167.1,8.4,7.7,100.3,1,0,0,17.047239117253845,0
37,71.7,170.2,1.2,6.9,30.6,0,1,1,24.751415698128007,1
52,53.5,194.1,2.1,9.8,57.9,1,0,0,14.200469756848147,1
65,46.5,165.8,0.4,9.7,137.3,0,0,0,16.91546342549411,1
42,68.4,170.3,1.4,9.9,137.6,0,1,1,23.584507185516628,0
52,95.9,156.0,9.2,9.2,90.5,1,1,1,39.40664036817883,1
42,81.8,152.2,4.6,9.5,108.3,1,1,1,35.31213684186898,1
46,65.3,184.9,0.8,5.3,129.6,0,1,2,19.100263513436435,1
35,87.5,175.7,9.6,9.0,144.2,1,0,3,28.34422129353956,1
63,60.1,184.2,8.8,8.3,78.6,1,1,0,17.71312634027358,1
35,45.9,156.7,7.5,9.8,88.6,0,0,0,18.692814343700988,1
19,94.7,175.7,9.3,7.4,68.2,0,1,1,30.67654578855082,1
52,85.5,161.4,2.2,4.5,20.1,1,0,0,32.821547518691006,1
33,94.5,160.3,8.4,7.6,69.2,1,1,3,36.77602312258401,1
58,47.5,150.5,6.9,8.1,120.7,1,1,3,20.971070959481686,1
53,99.4,155.9,8.7,5.3,122.7,1,1,0,40.89725449406928,1
50,85.3,163.9,8.0,6.4,134.9,0,0,0,31.75346505499529,0
21,81.6,155.3,3.5,7.6,17.2,0,0,1,33.83352495989524,1
50,85.6,194.4,7.7,6.2,83.8,0,1,3,22.650679943775508,1
31,101.2,163.9,2.6,6.2,25.0,0,0,0,37.67234072175291,0
38,83.2,155.9,3.3,4.8,38.1,1,1,3,34.23190718215859,1
65,82.8,159.0,1.1,9.6,136.0,0,0,0,32.751868992524024,1
37,109.4,176.4,9.4,8.5,79.6,0,1,2,35.15767607118433,1
25,94.2,152.9,2.9,4.0,116.2,1,1,3,40.293587117344586,1
24,73.7,188.8,5.2,8.6,19.0,1,0,2,20.675856434932488,1
20,91.0,193.3,3.9,8.4,68.4,0,0,1,24.354413996669063,1
34,70.3,161.1,9.6,4.1,104.4,1,0,3,27.087208094875354,0
50,59.9,170.3,3.4,6.2,28.7,0,1,0,20.653683924158567,0
65,83.8,151.0,7.8,7.6,55.6,1,0,0,36.7527740011403,1
29,105.3,178.8,8.6,6.7,19.0,1,0,2,32.937705508760864,0
68,105.4,168.6,4.4,8.7,101.2,0,0,3,37.07878291533514,1
39,67.2,162.2,3.8,6.6,145.9,1,0,3,25.54274532818627,1
39,79.3,159.3,7.5,4.9,125.8,0,0,3,31.249396587156056,1
63,58.8,179.4,9.1,9.9,146.4,0,1,1,18.269743440602827,0
47,109.7,168.7,7.5,5.5,128.4,0,1,3,38.54574663322054,1
55,108.8,158.1,2.3,8.3,129.7,1,0,1,43.52764345419055,1
55,87.2,181.0,8.9,4.9,90.8,0,1,0,26.617014132657733,1
62,97.3,175.4,3.9,6.0,82.6,0,0,2,31.626684210321027,0
68,91.5,188.6,5.8,6.7,66.9,0,0,2,25.723953583304564,1
25,83.6,155.3,8.3,5.2,124.5,0,1,3,34.662778022637774,1
44,48.5,185.4,1.9,6.7,35.5,0,1,2,14.109846170675025,1
44,74.6,180.3,7.8,4.9,17.9,0,1,3,22.948133833762604,1
51,88.9,155.2,6.0,7.4,142.7,1,1,0,36.90781432670848,1
38,89.0,181.3,8.9,8.0,10.5,0,1,0,27.076616785859553,0
47,69.3,169.9,1.7,4.4,146.8,1,1,0,24.007474534928793,1
50,106.2,192.5,4.2,9.2,112.0,1,1,2,28.659133074717488,0
45,55.9,156.4,8.3,5.1,56.0,0,0,3,22.852741674897466,1
64,77.5,178.9,0.2,5.4,107.7,1,0,1,24.21480752664956,1
50,89.9,167.2,1.1,8.0,124.5,1,0,0,32.157860396968935,1
22,90.3,193.1,9.9,6.8,44.4,0,1,0,24.217159533689607,0
65,87.2,164.8,2.8,7.0,117.9,1,0,1,32.107173154868505,1
36,62.9,193.3,9.8,4.8,122.6,0,0,1,16.83398505923609,1
21,55.2,190.6,1.8,8.8,44.9,1,0,2,15.194740417679192,1
52,86.3,162.2,3.6,7.7,15.9,0,0,0,32.80266252712017,1
66,84.0,186.2,7.5,4.8,38.6,1,1,2,24.228132091776168,1
34,56.7,194.8,6.6,6.2,38.1,0,0,0,14.941876889475434,0
61,90.8,161.4,5.8,8.9,19.1,0,0,2,34.85609958710109,1
45,74.6,169.7,5.3,7.4,111.6,1,0,2,25.904495749544505,0
47,88.4,173.4,8.4,4.7,63.2,0,0,1,29.400456837867793,0
46,99.4,163.3,2.3,6.2,133.8,0,0,3,37.274687824489476,0
63,56.0,150.7,4.4,5.5,45.3,1,1,3,24.658208607564173,0
23,46.2,159.9,1.6,7.1,73.5,0,0,3,18.06945476006932,1
52,95.6,162.7,6.0,9.1,99.5,0,0,0,36.11459811743214,0
58,84.6,170.0,2.5,6.6,132.8,1,0,1,29.273356401384085,1
54,90.5,157.7,3.3,6.6,83.4,1,0,1,36.39026285028644,0
41,99.5,189.3,4.7,9.4,62.3,1,0,1,27.76654558220307,1
46,97.2,181.7,0.3,7.5,131.4,1,0,0,29.441261200627963,1
66,107.5,153.8,0.9,7.4,53.4,1,1,2,45.44601351796956,1
63,79.8,179.3,6.9,5.6,21.1,1,0,2,24.822316693567874,1
48,76.8,179.4,4.3,7.6,72.3,0,0,3,23.862522044868996,0
52,71.1,193.0,8.6,7.5,119.9,1,1,3,19.087760745254904,0
50,55.0,150.1,6.9,6.4,14.3,1,1,0,24.411884415497376,1
69,82.2,161.2,0.1,9.9,92.0,1,0,0,31.633099150909132,1
38,63.0,191.8,6.2,9.3,93.2,0,0,3,17.125503299513632,0
49,104.9,191.9,0.9,8.5,140.0,0,1,2,28.485610964760664,1
40,82.9,182.4,7.8,7.2,50.1,0,0,2,24.91752269929209,0
50,83.5,184.5,9.9,6.8,49.0,1,1,1,24.529784593238887,1
20,68.1,154.1,5.3,5.1,71.7,0,0,3,28.677536056421893,0
35,48.4,173.1,6.8,5.8,60.0,0,0,3,16.152926833582473,0
42,47.1,160.4,2.4,8.6,113.1,0,0,2,18.306789136883474,1
59,72.5,158.2,4.4,6.7,99.8,0,1,1,28.968435992142965,1
48,50.5,186.5,8.6,9.3,116.2,1,1,3,14.518899726153425,0
20,84.4,156.1,1.7,4.9,124.8,1,1,2,34.63671056308868,0
57,102.3,171.1,2.7,7.1,139.2,1,1,2,34.94424121978972,0
63,102.4,192.2,4.5,7.9,70.3,1,0,2,27.719997704437695,1
41,87.8,158.4,7.1,7.1,147.9,1,0,1,34.99324048566472,1
67,58.7,194.0,3.8,9.3,40.2,1,1,1,15.596769050908707,1
49,101.1,194.7,9.3,9.9,110.0,0,1,2,26.66976890684812,1
64,102.6,175.0,0.9,4.7,84.8,1,1,1,33.50204081632653,1
39,57.8,157.7,3.7,4.8,124.4,1,1,1,23.241515941950894,1
40,92.9,164.2,7.1,4.8,76.7,1,0,1,34.45636096320551,1
19,63.6,169.1,2.3,8.1,119.8,1,1,1,22.241798424259514,0
44,97.2,163.9,6.6,6.2,140.2,1,0,0,36.18331539678244,0
59,109.8,162.6,1.6,8.4,112.5,0,1,3,41.5299355945589,1
19,47.0,193.8,0.6,6.4,118.7,0,0,3,12.513831777890667,1
43,103.3,156.9,1.2,7.8,19.4,0,1,1,41.96183138818107,0
34,85.5,183.0,9.3,8.6,38.7,0,0,2,25.530771298038157,1
57,108.3,150.0,5.5,7.3,146.4,0,0,3,48.13333333333333,0
50,75.2,176.8,8.0,7.2,107.0,1,0,1,24.057656477140107,0
26,100.1,191.2,3.3,4.5,88.6,0,0,3,27.38156719945379,1
60,49.1,163.0,5.9,6.5,61.4,0,0,2,18.48018367270127,1
65,66.8,158.3,4.9,7.3,16.2,1,0,1,26.65720628487534,1
56,49.4,179.3,9.5,6.8,61.7,0,0,2,15.36619604839916,0
46,108.4,182.1,7.5,9.4,79.8,0,0,3,32.68958375363876,1
59,98.1,181.0,7.3,9.4,39.6,1,0,0,29.944140899239947,0
43,100.4,164.4,0.5,8.9,34.2,1,1,2,37.14754234227834,0
52,106.0,161.3,5.5,6.3,81.2,1,1,1,40.741510872025906,1
67,50.5,193.0,4.7,8.3,92.0,0,0,1,13.557410937206368,0
42,70.1,191.5,9.3,6.4,43.6,0,1,2,19.11527108372134,0
41,49.6,170.6,2.6,5.4,92.2,0,1,0,17.042120149695787,0
30,58.7,188.1,2.7,6.1,136.0,1,0,3,16.590539548652536,1
24,59.9,170.4,4.1,4.4,76.2,0,0,3,20.62944962419273,1
53,75.5,169.1,2.4,6.0,130.0,0,1,3,26.403392783515617,1
62,62.5,157.1,1.3,6.8,139.8,0,0,3,25.323728414560374,1
37,51.6,169.2,8.6,9.7,22.9,0,0,3,18.023908924769046,1
18,55.9,174.2,5.6,5.9,23.4,1,0,1,18.421097726065423,0
25,54.6,151.0,8.6,9.4,76.6,1,1,1,23.946318143941056,1
63,108.2,170.0,8.3,5.4,92.3,1,1,2,37.439446366782015,0
33,94.4,185.2,2.8,5.1,69.6,1,1,2,27.522636202062802,1
31,107.9,180.6,5.5,7.1,55.7,0,0,3,33.081557843977684,1
29,73.6,178.6,0.8,8.0,99.7,1,0,3,23.07357586503964,1
68,63.1,190.9,9.2,4.3,10.3,0,0,3,17.3148009168338,0
40,96.9,150.8,4.0,5.3,145.5,1,0,0,42.61093795073489,1
32,66.2,175.1,3.9,6.7,42.5,1,0,2,21.591643316489463,1
45,64.5,185.4,3.0,6.0,138.4,0,1,1,18.76464078368122,0
51,60.1,174.4,4.6,8.3,25.3,0,0,3,19.75975296692198,1
19,53.4,164.6,2.5,7.1,43.3,1,1,2,19.70977176527212,0
49,61.7,156.1,3.7,5.0,42.9,0,0,0,25.320912816855113,1
40,68.1,189.9,8.0,9.4,149.5,1,1,0,18.884138737690993,1
39,88.8,171.2,8.3,5.8,10.6,0,0,3,30.297405886977028,1
68,49.1,189.5,3.0,8.4,99.5,1,0,1,13.672976378610564,0
42,58.7,176.4,4.7,8.7,131.8,1,0,2,18.86431065245448,0
39,97.6,180.3,8.7,9.8,104.1,1,0,1,30.023295739614348,1
39,54.5,186.2,0.5,7.0,60.8,1,1,3,15.719442845259538,1
66,67.3,179.7,8.9,7.7,144.2,0,0,3,20.841017103569328,1
69,101.2,167.9,2.2,6.0,135.1,0,1,0,35.89873293790335,1
59,55.1,173.1,6.8,8.1,70.8,1,1,0,18.3889724902974,1
23,50.4,186.1,5.8,6.8,90.3,1,1,2,14.55250610613339,1
32,76.5,166.8,5.5,6.6,145.5,1,0,3,27.49598882045442,1
60,64.7,167.5,8.6,9.1,147.6,0,0,3,23.06081532635331,1
54,81.6,154.3,1.0,4.3,73.0,1,1,2,34.27348815485568,1
50,97.2,191.2,3.5,9.3,128.6,0,0,1,26.58829502284624,0
25,53.9,154.1,5.4,9.1,52.3,0,1,0,22.69778551308576,0
61,82.7,179.2,8.1,7.0,62.1,1,1,3,25.753099091198983,0
61,77.9,168.6,2.2,6.9,33.1,0,0,3,27.404527410859654,1
22,54.4,168.3,8.0,6.2,39.3,1,0,1,19.20572330554505,1
56,85.6,180.6,4.0,10.0,102.0,1,1,1,26.24449815981918,0
21,62.8,153.0,1.9,4.7,81.5,0,1,1,26.82728864966466,0
23,76.7,176.7,7.6,7.5,42.4,0,0,0,24.565310898510678,1
62,50.3,184.7,0.9,8.1,66.4,1,0,2,14.744640704178243,1
49,74.9,187.3,5.1,9.6,62.2,0,0,3,21.350412142768977,0
69,64.9,157.7,0.6,8.7,148.2,0,1,0,26.09644264070265,1
47,98.5,190.4,3.6,7.9,129.5,0,1,1,27.170794788503635,1
64,48.7,179.5,6.0,4.7,64.3,1,1,3,15.114718228443294,0
52,72.2,189.7,5.6,6.2,137.9,1,0,3,20.063307794761815,1
57,74.8,171.8,4.0,4.8,58.0,0,1,0,25.34283983460747,1
69,92.1,174.4,4.3,9.3,103.5,1,1,1,30.280752882753976,0
33,82.3,191.4,2.3,8.5,145.3,1,1,1,22.46549376589372,1
30,88.4,190.5,4.6,8.5,64.6,0,0,2,24.359159829430773,1
67,95.5,170.2,9.5,7.9,105.2,0,1,1,32.96736679457775,1
59,101.0,162.3,8.5,7.0,51.4,0,0,0,38.34284501632227,1
47,65.4,167.7,1.5,4.9,47.3,1,1,2,23.254747221964436,1
36,80.0,167.4,0.3,6.0,90.4,1,1,2,28.54822294449226,1
34,99.6,162.9,9.3,4.8,147.1,0,0,2,37.533336272690995,1
36,109.3,162.1,5.3,8.3,73.4,1,0,2,41.596245453621705,1
45,102.8,188.7,5.4,5.0,141.3,1,0,2,28.870168213663966,1
43,69.1,153.1,7.8,8.2,138.0,1,1,0,29.48001267939185,1
54,57.7,180.5,3.1,8.2,45.5,0,0,3,17.710115791008356,1
43,76.8,157.8,4.8,6.8,66.3,1,1,1,30.84233302972911,1
40,93.2,165.5,9.7,4.8,100.1,1,1,3,34.02670658354706,1
26,77.0,152.8,6.7,5.9,82.5,0,0,3,32.979496176091665,1
29,76.4,162.1,1.5,5.9,23.4,1,0,1,29.075509173437315,0
18,99.5,184.6,1.3,8.2,149.1,1,0,1,29.198442593220804,1
18,68.5,189.8,2.0,4.7,115.4,0,0,3,19.01507992995788,1
64,100.9,160.0,7.7,9.0,71.3,1,1,1,39.41406249999999,1
51,71.4,170.9,3.0,8.6,96.5,0,1,2,24.446353436065085,1
49,66.3,171.2,0.2,5.1,22.3,1,0,1,22.620698314263255,1
65,74.5,189.3,9.4,8.3,79.3,1,0,1,20.790026591699785,1
42,94.6,184.3,1.7,8.0,140.3,0,1,2,27.850979009017408,1
57,53.2,173.1,0.1,8.5,135.5,0,1,2,17.754869990631974,1
62,57.8,180.2,2.4,5.1,57.2,0,0,2,17.7999288002848,0
18,106.8,188.1,2.4,4.9,84.4,1,1,1,30.185172466713638,1
33,56.4,150.4,4.2,5.4,107.6,1,1,2,24.93351063829787,0
56,81.9,168.1,9.2,6.2,57.6,0,1,2,28.98334289417966,1
22,82.7,190.8,8.8,8.8,19.1,0,1,0,22.71688444110421,1
39,76.8,183.3,4.6,8.4,80.8,0,1,0,22.857897984129828,1
46,86.9,174.4,4.1,9.6,94.2,1,1,1,28.57109039643128,0
20,59.9,173.8,5.6,4.4,10.8,1,1,2,19.83020839264739,1
29,80.9,165.6,2.4,4.1,23.4,0,1,1,29.50039674204766,1
43,69.2,173.4,0.5,8.2,39.0,1,0,0,23.014837253172526,1
33,88.0,179.5,9.4,5.7,58.7,1,1,0,27.312016511355438,0
68,54.2,168.8,1.9,6.0,85.7,1,0,2,19.021922238943414,1
54,82.1,182.1,2.0,7.3,51.1,0,0,1,24.758439355846324,1
39,57.0,188.8,4.7,4.6,48.7,1,0,0,15.990825193909794,0
46,63.1,157.0,4.9,7.9,131.7,0,0,3,25.59941579780113,1
31,59.2,170.3,0.2,6.0,30.3,0,0,2,20.412322008517318,1
45,56.9,168.4,1.5,7.8,79.4,0,1,1,20.064488464858577,1
22,98.7,180.9,3.8,9.0,143.4,0,0,3,30.160602918702963,0
64,63.6,161.2,6.8,5.0,97.5,0,1,2,24.475244598513633,1
66,105.3,178.8,2.3,9.6,110.4,0,0,2,32.937705508760864,1
47,108.0,189.5,4.2,7.2,70.4,1,1,0,30.074978592463154,0
63,82.1,168.8,5.6,9.5,12.8,0,1,1,28.813649738325726,1
69,54.3,191.0,8.9,5.2,100.5,1,0,0,14.88446040404594,0
22,69.3,194.7,3.3,7.6,98.5,1,1,3,18.28105821211251,1
29,96.9,154.8,1.3,6.4,25.5,1,0,3,40.437273401037594,1
33,68.9,160.5,4.9,8.6,74.7,1,1,3,26.74663483467746,1
43,50.7,192.8,7.5,7.6,138.1,0,1,3,13.639357104733044,0
43,81.2,193.1,1.1,7.0,38.7,1,0,3,21.77667058843407,0
65,99.9,154.4,4.2,9.5,74.6,0,1,1,41.90548739563478,1
38,96.7,150.7,0.2,6.3,74.6,0,1,1,42.57944236341885,1
56,56.4,157.2,0.3,5.3,123.5,1,1,2,22.823067808791254,0
53,88.7,194.8,4.8,7.6,125.4,0,1,2,23.374682188650283,1
50,59.3,158.1,3.0,7.7,116.3,1,1,1,23.724165963543197,1
47,59.2,172.6,8.5,6.6,61.2,0,1,2,19.871933445135337,0
54,101.8,188.2,6.0,6.9,20.1,0,0,0,28.741441092468392,0
40,61.2,150.9,4.5,9.8,58.9,0,1,1,26.876514274195777,1
27,62.1,177.2,4.1,8.4,105.2,1,0,0,19.777170839087084,0
22,45.0,162.5,5.0,4.7,108.4,1,1,3,17.041420118343197,1
53,101.6,188.8,0.4,5.3,145.1,0,0,3,28.502944556162017,1
51,96.5,162.8,8.9,9.9,73.5,0,1,2,36.40981835085029,0
69,85.8,180.9,10.0,8.4,98.5,1,0,1,26.218639619298013,1
48,93.8,180.3,1.8,9.5,85.5,0,1,3,28.854355946473625,0
27,54.9,160.0,1.2,5.8,31.1,1,0,2,21.445312499999996,0
36,74.8,151.6,1.4,8.5,74.6,1,0,0,32.546417805501214,1
49,67.8,168.4,6.6,8.3,86.3,1,0,1,23.908125095209343,0
18,51.1,163.0,6.6,5.8,143.1,1,1,2,19.232940645112727,1
22,76.6,186.4,8.5,7.3,61.3,0,1,3,22.046362983293115,1
62,104.8,186.0,7.5,7.8,147.2,1,1,0,30.292519366400736,0
21,47.6,170.6,4.5,6.9,85.9,1,0,0,16.35493788559515,0
33,63.9,177.3,6.1,9.0,43.9,1,1,2,20.32747272253572,1
41,58.5,177.2,6.9,9.0,36.8,1,0,1,18.630668181748703,1
33,60.5,187.2,5.1,9.1,29.8,0,1,2,17.264089780115423,1
19,104.0,169.1,4.8,8.8,73.4,1,0,3,36.37023641702813,1
66,75.4,162.4,6.5,6.9,13.1,0,0,1,28.5890218156228,1
45,75.3,161.9,5.6,6.3,72.3,1,0,3,28.727727903780043,1
49,94.4,174.1,6.4,9.0,148.4,1,1,0,31.14400439975046,1
44,55.0,170.2,6.1,6.9,103.8,0,0,0,18.986441609442682,0
37,76.7,169.8,7.2,5.5,116.4,1,1,3,26.60234933081391,1
41,72.9,154.1,6.4,7.0,26.7,0,0,3,30.698860183746792,1
29,83.8,182.3,5.2,4.9,76.2,1,1,0,25.21567981984329,0
67,110.0,159.6,6.8,8.1,50.1,0,0,2,43.184402108026966,1
52,95.0,158.9,4.5,6.0,135.2,0,0,2,37.62493955256422,0
50,70.9,168.6,2.4,5.6,35.4,0,0,2,24.941989646084075,1
50,98.8,160.3,0.0,9.7,74.2,0,1,3,38.449429465728045,1
68,56.1,176.3,5.6,8.7,92.3,0,0,3,18.049211609793414,1
60,47.0,166.7,5.9,8.7,82.0,1,0,0,16.9132340298587,1
54,58.3,170.2,9.7,7.7,126.2,0,1,1,20.12562810600924,1
29,67.1,174.2,3.6,9.0,42.4,0,1,2,22.11190800391753,1
20,78.2,159.2,3.9,8.6,62.8,1,0,2,30.854650135097607,1
18,85.0,157.0,2.0,7.6,120.9,0,1,2,34.484157572315304,1
50,104.2,189.6,0.7,9.8,83.9,1,1,0,28.98618455019673,1
57,78.1,169.5,7.7,5.1,66.3,1,0,1,27.18389154288598,0
27,77.6,168.5,2.5,9.7,14.1,0,1,1,27.33140205513828,0
60,48.3,151.6,6.1,6.4,115.5,0,0,1,21.015935561573645,0
61,47.3,172.4,6.9,7.2,146.1,0,0,2,15.914266180737615,0
46,80.8,174.9,4.7,4.7,96.8,0,0,3,26.413852104003887,1
30,73.5,175.1,8.8,7.2,129.9,0,1,2,23.972594920875764,1
29,99.5,181.8,4.4,7.7,82.4,0,1,1,30.10477065308291,0
48,55.4,158.0,2.8,10.0,42.4,1,0,0,22.191956417240824,1
63,46.6,161.4,9.0,9.9,12.0,1,0,1,17.88870309205849,1
19,74.2,186.5,8.6,9.8,101.5,1,1,2,21.332719993674935,1
68,60.4,192.6,1.6,6.1,79.0,1,1,3,16.28262320608086,1
67,48.2,156.1,0.3,9.9,119.5,0,0,1,19.780680677024577,1
52,92.1,172.4,0.9,6.7,107.3,0,0,3,30.98739778532631,0
40,52.3,159.6,2.9,9.1,148.3,1,0,1,20.532220274998274,0
34,84.5,152.7,9.7,5.3,81.4,0,1,3,36.239202754694055,1
43,63.3,164.6,5.6,7.0,69.8,0,0,3,23.36383057568774,1
25,56.3,156.5,3.7,9.8,50.1,1,1,1,22.986863191417694,1
46,69.7,181.9,8.9,9.7,76.8,1,0,0,21.06528697600099,0
43,97.1,174.0,4.5,8.1,132.2,1,1,2,32.07160787422381,0
27,70.5,156.5,3.2,8.8,15.9,1,1,2,28.784615541650933,1
43,93.8,150.4,9.4,5.1,146.9,0,0,1,41.467434359438656,0
51,53.2,186.4,8.5,8.3,149.1,1,1,3,15.311573246882425,1
68,95.2,157.9,8.4,7.7,93.7,0,1,2,38.183232186539534,1
58,60.4,177.3,5.1,4.5,56.4,1,0,3,19.214074373101056,0
24,89.0,165.2,7.9,4.7,41.2,1,1,0,32.611435841213826,0
21,81.8,176.3,1.8,4.7,48.7,1,1,1,26.317745270607865,1
67,105.4,164.2,5.7,8.3,17.0,0,0,0,39.0925774544872,0
62,70.2,153.9,9.8,4.9,76.5,0,1,3,29.638749244781867,0
28,49.3,160.0,2.9,6.8,18.0,0,1,3,19.257812499999996,0
46,46.2,158.5,7.9,6.1,110.6,0,0,1,18.390072545253712,0
53,98.7,169.3,4.9,7.3,62.1,1,0,3,34.43524969393796,1
42,79.1,179.6,0.4,8.2,37.9,1,0,1,24.522447805318425,1
38,95.4,161.9,7.6,8.1,86.3,1,1,1,36.39608555140261,1
53,60.2,150.5,1.7,7.1,146.3,1,0,0,26.578073089701004,1
27,67.4,173.4,6.3,6.8,107.3,0,0,2,22.416185417107343,0
54,47.0,177.3,0.9,6.4,78.8,1,0,2,14.951349263836915,1
26,107.5,193.3,9.5,9.2,118.8,1,0,3,28.770324226834333,1
41,88.4,176.5,2.9,6.0,113.2,1,0,2,28.37676251314111,0
52,105.7,171.2,2.3,5.6,134.8,0,0,3,36.063466241593154,1
66,62.3,175.8,1.3,8.5,38.7,0,0,2,20.158132949196325,1
52,84.7,191.8,9.5,6.2,130.2,0,1,0,23.024287769346106,1
65,89.1,187.3,7.1,9.1,52.1,1,1,2,25.398153830717163,0
53,65.6,164.5,7.4,6.0,141.7,0,0,3,24.24220027531157,1
35,100.1,160.7,5.0,8.2,49.3,0,0,3,38.76165608691594,0
66,106.6,161.8,4.7,4.3,139.8,1,1,2,40.719287496504855,1
56,102.5,172.7,1.1,6.3,144.9,0,0,1,34.36680749793213,0
49,93.0,183.5,5.6,6.1,30.4,1,1,0,27.619181967347,1
41,63.0,172.6,2.5,8.9,146.4,1,0,1,21.147496740600104,1
40,63.3,153.1,9.8,9.8,22.0,0,1,2,27.00556877866142,1
49,107.6,182.6,8.0,6.8,40.6,1,0,1,32.27087379689024,1
54,45.7,186.3,4.1,8.9,72.2,1,1,2,13.167110804550806,1
29,91.5,163.0,1.5,8.2,149.1,1,1,3,34.43863148782416,1
66,90.9,179.9,7.9,9.8,78.4,1,0,1,28.086754391683844,1
30,85.5,169.2,1.2,8.9,87.1,0,1,0,29.865197927669637,0
40,109.4,190.0,1.9,4.5,107.2,1,1,1,30.30470914127424,1
42,65.3,188.0,2.1,8.3,145.6,0,0,3,18.475554549569942,0
52,67.1,173.6,5.6,7.2,119.7,1,1,3,22.265019431289684,0
58,50.1,181.1,7.9,4.1,41.4,1,1,3,15.27568960896369,1
47,73.8,189.8,3.1,5.5,52.4,1,1,1,20.48631969096192,1
34,62.0,172.3,0.8,9.5,23.7,1,1,3,20.884358255671028,1
66,67.3,164.1,4.6,9.6,100.2,1,0,3,24.991821027368086,0
37,99.2,183.9,7.5,8.8,35.3,1,1,1,29.33244153248997,0
65,105.8,159.9,2.2,9.9,46.0,1,1,1,41.37983362803753,1
42,57.1,167.5,2.2,8.8,134.3,0,1,2,20.35197148585431,1
39,69.2,189.0,9.5,4.1,55.7,0,1,1,19.37235799669662,1
30,105.4,182.6,9.5,5.7,89.3,0,0,3,31.611060392121114,0
36,49.0,168.2,9.9,4.2,65.7,1,1,0,17.319848829531686,0
66,51.0,159.7,8.1,4.6,20.4,0,0,3,19.996792671293118,0
53,55.6,166.0,1.9,5.3,60.8,1,0,3,20.177093917840036,1
29,83.7,162.8,2.1,7.0,67.1,0,1,3,31.5803294918774,1
58,54.8,157.9,3.4,9.1,135.4,0,0,1,21.97942356956267,0
36,107.9,183.4,3.2,9.2,55.4,1,1,0,32.079144809838155,0
29,74.0,161.3,9.6,7.7,63.1,1,1,3,28.442186835187893,1
26,77.6,170.4,7.9,9.6,119.6,1,1,1,26.72529700897088,1
24,61.0,167.4,7.2,7.0,116.3,1,0,2,21.768019995175347,1
45,75.6,194.2,1.9,9.3,121.8,1,0,0,20.045797753810028,0
31,88.0,167.6,9.1,6.7,143.5,0,1,0,31.328142355078864,1
48,93.8,153.6,8.3,5.7,121.4,1,0,1,39.75762261284722,1
69,94.0,154.0,1.6,9.5,67.1,1,0,2,39.63568898633834,1
36,82.6,176.6,8.7,6.3,125.0,1,0,3,26.484918986929404,1
64,103.8,177.0,2.7,7.0,81.2,0,0,2,33.13224169300009,1
33,98.1,168.8,0.8,6.0,48.9,1,1,0,34.428977336537805,1
22,94.2,169.4,6.6,8.0,52.4,0,1,1,32.82646300785187,0
52,48.6,152.4,6.5,10.0,41.3,0,1,2,20.925041850083698,1
29,45.4,173.2,0.9,4.2,30.3,0,0,3,15.134221207644183,0
42,58.8,172.7,3.2,9.4,35.8,0,1,2,19.714812496374723,0
69,88.1,156.7,9.9,4.0,18.8,1,1,2,35.87880051590538,1
38,71.7,154.7,6.8,6.2,134.4,1,1,1,29.959773676264803,1
53,71.2,155.6,7.3,5.0,140.3,1,0,1,29.40768300500261,1
40,102.5,154.5,2.1,8.5,92.1,1,0,0,42.940480304982145,1
33,103.2,177.4,0.8,4.3,127.7,0,0,1,32.79234438570914,0
56,104.1,158.8,2.8,7.3,35.7,0,1,2,41.28095476781147,0
62,65.4,161.3,2.5,5.8,136.2,1,1,3,25.136743500287682,1
59,89.9,157.8,2.3,4.8,80.9,1,1,0,36.103199731414676,0
56,62.7,193.1,1.9,8.6,19.4,1,0,1,16.815237018409064,0
31,57.4,188.5,5.7,5.3,29.8,0,1,2,16.15433866417128,0
48,57.0,160.4,3.3,5.3,53.3,0,0,2,22.15471296820293,1
22,67.2,164.7,8.2,5.7,16.1,0,0,0,24.773198053976827,0
52,72.9,159.4,1.8,7.5,53.3,1,0,0,28.69134410878939,1
40,99.0,172.1,4.6,8.0,18.4,0,1,1,33.425156853457025,0
46,52.8,150.9,0.1,4.1,43.0,0,0,1,23.187580942443415,1
60,92.8,180.2,4.8,5.5,47.2,0,1,3,28.578432399073176,0
28,79.5,173.5,0.6,6.6,149.2,1,0,0,26.409985964504312,1
35,63.7,190.4,9.8,6.0,43.0,0,1,0,17.57136678200692,0
64,77.0,157.4,7.9,9.3,43.5,1,0,2,31.08001853499287,0
29,64.5,186.2,4.9,8.7,106.2,1,1,3,18.6037442847567,1
26,83.7,185.6,0.9,7.8,130.3,1,1,1,24.297943296670635,1
27,73.2,155.7,5.9,6.0,64.2,0,0,3,30.19491809628467,0
61,55.7,167.9,7.6,8.2,132.6,1,1,3,19.758492338351942,1
34,52.6,157.7,1.9,9.1,57.6,0,1,2,21.15058371187919,1
55,80.5,161.5,5.7,7.6,37.6,0,0,0,30.86390169559758,0
24,103.7,161.8,8.1,8.7,56.1,1,0,0,39.611539525211576,0
63,67.4,175.0,7.7,8.5,95.3,1,1,0,22.008163265306123,1
30,92.6,168.5,8.0,7.4,61.4,1,0,1,32.61453389569336,1
57,87.8,192.6,8.8,5.9,104.2,0,1,0,23.669111216786415,0
59,105.6,155.7,9.4,8.5,43.2,1,0,3,43.559881843820506,0
26,98.4,193.8,4.1,5.2,108.1,0,0,3,26.199171211583863,1
67,81.8,160.4,5.7,8.7,58.6,1,0,0,31.793956505245607,1
44,87.7,184.8,7.9,8.8,73.8,0,1,3,25.680037855362528,1
19,103.4,165.3,7.0,8.9,88.1,1,0,1,37.842065371618965,0
22,71.0,156.4,10.0,6.8,106.1,1,1,0,29.025843630012883,1
46,66.2,188.6,0.1,5.2,43.4,0,1,1,18.61121013349467,1
54,45.7,163.9,3.6,4.6,127.0,1,0,0,17.01211433778763,1
55,98.7,179.6,2.8,8.5,111.1,1,0,1,30.59880655353892,1
36,97.1,175.5,2.6,9.3,42.8,1,0,1,31.525718135404748,0
25,51.8,171.2,2.2,7.9,146.5,1,0,1,17.67348676740327,1
65,82.5,172.3,7.1,4.9,103.1,0,0,3,27.789670259562257,1
62,75.2,183.0,0.8,9.6,73.3,0,1,1,22.45513452178327,1
18,52.7,153.9,7.4,9.9,32.1,0,0,2,22.25017215384622,1
39,108.7,180.1,6.9,6.6,84.7,0,1,1,33.51213666539134,0
69,59.0,190.3,2.5,7.6,33.1,0,1,1,16.29200126249203,1
34,49.4,152.6,2.5,8.7,70.1,1,0,1,21.213771258861257,0
24,83.7,156.3,6.3,8.4,67.2,0,0,1,34.261589074605524,1
42,93.0,182.2,7.6,9.8,110.8,1,1,0,28.014714653563413,1
62,47.1,169.7,8.8,4.7,36.9,0,1,3,16.355251337849147,1
21,87.8,168.2,8.5,7.5,125.1,1,0,3,31.034341372099632,0
53,79.6,156.2,9.6,8.2,55.7,0,1,3,32.62503668267316,1
23,51.7,172.8,5.8,9.3,72.2,1,1,0,17.314225394375853,0
48,56.2,155.7,9.1,9.2,118.1,0,1,1,23.182437117639324,1
36,81.9,171.4,8.1,9.9,97.6,1,0,1,27.878041906245365,1
61,64.3,184.4,8.9,7.1,53.1,1,1,3,18.909895963222457,1
56,106.0,161.6,0.1,9.0,64.1,1,1,2,40.59038329575532,0
44,98.2,171.6,9.7,6.6,52.8,1,1,1,33.348547334561324,1
27,108.9,194.6,4.7,6.5,93.3,1,0,1,28.756909316182355,0
43,61.9,180.9,8.0,5.5,56.6,0,0,1,18.91531226613691,0
36,108.0,187.9,1.3,8.9,111.6,1,1,0,30.58934624052686,1
56,73.0,168.7,4.0,9.9,91.2,1,1,1,25.650314532589785,1
20,67.6,184.6,2.7,5.5,30.4,1,1,3,19.837333862328904,1
62,48.3,151.8,2.9,4.3,53.4,0,0,1,20.960594083123723,1
30,48.4,155.5,1.2,8.9,41.0,1,0,3,20.016335645826658,1
67,90.0,159.1,8.1,7.7,64.6,1,1,2,35.55512011507217,1
45,74.8,168.1,0.1,9.8,82.2,0,1,0,26.470745402742835,0
37,59.7,188.1,3.1,5.5,80.9,0,1,2,16.873172249651727,0
45,84.9,165.6,1.7,4.4,115.6,1,1,1,30.959007211370164,0
25,61.4,179.5,5.9,7.0,36.5,1,1,2,19.05633879315027,1
58,82.5,181.9,2.5,4.5,142.5,0,1,1,24.93380452683044,1
56,68.3,176.4,2.6,5.6,58.0,1,1,3,21.949444932924035,1
18,98.5,166.1,4.9,4.8,52.0,1,0,1,35.70236335146965,1
20,98.3,176.0,6.5,5.3,105.9,1,0,0,31.734245867768596,1
30,76.0,165.4,1.2,4.6,122.8,0,0,2,27.78066144292755,1
45,67.8,153.8,1.8,9.7,63.0,1,1,1,28.662695037379873,0
66,68.6,194.7,2.5,5.7,114.6,1,0,3,18.096401058454806,0
42,97.4,155.7,9.7,6.7,133.7,0,1,2,40.17739101882687,1
50,66.3,153.3,4.0,9.4,117.4,0,0,0,28.21169751443455,0
55,58.6,189.5,6.0,8.1,14.8,0,0,1,16.318460606651303,0
23,50.5,163.6,2.4,7.7,125.8,1,0,0,18.86795272625104,1
61,75.3,179.3,4.9,8.2,118.4,1,0,3,23.422561992802766,1
62,76.3,164.8,0.7,9.0,103.7,0,0,2,28.093776510509937,0
49,99.7,167.6,0.3,9.3,116.4,1,1,2,35.493361281833664,1
62,59.4,161.8,4.7,7.9,147.1,0,1,2,22.689734308558993,0
64,69.8,165.4,4.0,9.3,70.4,1,0,3,25.51434432521504,1
38,97.5,168.5,1.4,7.2,19.4,1,1,1,34.34035696360802,1
33,98.5,182.4,6.9,5.7,74.5,1,0,1,29.60646545090797,1
38,70.0,173.0,9.9,9.3,16.5,1,0,1,23.38868655818771,0
28,74.8,192.5,4.0,7.2,51.2,1,0,0,20.185528756957325,1
54,64.7,151.9,6.2,9.4,92.2,1,1,3,28.040692375402028,1
53,105.6,172.6,9.6,4.2,53.3,0,0,2,35.44723263186303,1
52,52.7,176.3,8.3,6.4,106.0,1,0,3,16.955319997078664,1
36,105.7,191.4,4.6,9.7,125.1,0,1,3,28.853009611846492,1
37,89.5,152.2,7.4,5.5,68.9,1,0,3,38.6361399431207,1
35,79.6,175.8,1.3,9.6,136.0,0,1,2,25.755816737656943,1
64,47.1,188.4,5.1,9.7,21.2,0,1,2,13.269639065817408,1
58,75.9,160.9,2.8,9.3,127.6,1,1,0,29.31768590367808,1
66,71.5,189.4,1.6,7.4,126.0,1,1,3,19.931780345647734,1
31,55.5,150.9,4.3,7.9,55.1,1,1,1,24.373309513363814,1
32,87.7,183.0,1.3,9.2,51.8,0,1,0,26.187703425005225,1
48,108.1,192.0,7.0,8.7,52.7,1,1,2,29.32400173611111,0
18,81.5,179.6,4.6,7.8,123.6,1,1,2,25.266491733671955,1
20,91.5,169.8,5.3,9.9,126.4,1,1,0,31.735527558924023,1
33,49.4,152.0,1.5,8.1,56.2,1,1,1,21.38157894736842,1
40,72.1,191.4,1.4,9.9,93.0,0,1,3,19.681191986888663,1
28,52.6,171.2,5.8,4.3,29.5,1,1,3,17.946436369988646,1
29,84.8,151.3,9.9,4.8,75.6,0,1,1,37.04401029369172,1
27,106.0,181.0,1.0,6.7,149.8,0,1,3,32.35554470254266,0
49,88.0,171.7,2.9,6.3,32.2,1,1,2,29.849845103048114,0
33,50.0,155.6,8.7,8.7,142.7,1,1,0,20.651462784411944,1
25,68.1,159.6,0.7,5.0,125.4,0,1,1,26.735070759605783,1
55,80.8,152.9,8.8,9.9,146.1,1,0,0,34.56180296264801,0
29,71.2,175.8,5.2,5.9,35.1,0,0,3,23.03786622765295,1
41,99.2,178.0,4.1,6.6,39.9,0,1,3,31.30917813407398,1
45,98.0,172.8,3.1,5.6,12.4,1,1,2,32.82000171467763,1
25,84.8,186.8,3.0,7.5,111.5,1,0,2,24.302005144688632,1
45,69.3,188.7,3.1,4.4,100.2,1,0,3,19.46208810512561,0
53,61.6,177.7,8.8,4.9,34.9,0,1,3,19.507690495289495,1
43,51.9,150.6,7.2,8.5,120.8,0,1,2,22.883234657650938,1
25,68.1,181.3,6.7,5.1,51.9,1,0,2,20.718175315921744,0
67,71.9,168.8,8.0,5.4,28.9,1,1,1,25.233878394465528,1
45,88.9,175.5,2.6,8.8,69.2,0,0,2,28.86340208277531,1
45,87.8,179.2,6.2,4.6,22.7,0,1,1,27.341258769132658,1
54,49.6,165.8,4.6,6.6,46.9,1,0,1,18.04316098719372,1
58,70.7,191.3,7.8,4.1,62.0,0,1,0,19.31921491301298,1
53,56.8,156.0,3.1,6.1,129.3,1,1,2,23.339907955292567,1
44,55.2,180.2,6.4,8.2,121.0,0,0,1,16.999239961517667,0
34,98.8,150.2,8.8,4.5,72.0,1,1,0,43.79424859175783,0
26,47.7,191.6,4.0,9.3,111.4,1,0,0,12.993536464712063,0
50,72.2,155.1,0.7,9.5,89.6,0,0,2,30.013289818220066,0
37,55.9,154.3,5.2,4.6,57.7,0,0,2,23.479019459024904,1
30,102.2,165.0,3.5,9.9,111.6,1,1,0,37.53902662993573,1
45,81.2,166.8,6.7,5.8,105.7,1,0,1,29.185284865632667,1
65,60.0,159.6,9.5,4.5,96.7,1,1,2,23.555128422560163,1
46,77.7,176.3,4.9,4.0,96.5,1,0,0,24.998640678804783,1
30,92.5,169.9,4.7,6.5,105.6,0,0,0,32.04460886696845,1
63,107.3,151.5,6.5,7.8,63.8,1,0,1,46.74922937838338,0
52,59.3,164.4,1.0,6.0,131.7,0,0,3,21.940729690210212,1
23,102.6,186.5,2.5,9.0,32.7,0,1,1,29.49780419610577,1
35,105.7,181.0,9.2,8.3,133.7,1,1,0,32.263972406214705,1
68,104.6,182.6,6.7,6.1,57.9,0,1,1,31.371128244932336,1
22,86.3,181.4,0.1,8.4,27.5,0,1,2,26.226252022429975,1
64,85.9,164.0,2.0,9.6,94.0,1,1,0,31.93783462224867,1
42,71.2,154.5,6.8,4.6,62.6,1,1,1,29.827923880143697,1
19,93.9,162.3,7.6,5.8,124.2,1,0,1,35.64745690131348,1
27,79.5,187.4,8.4,6.8,70.3,1,1,1,22.63747353266459,1
47,89.0,194.1,2.9,7.0,103.6,1,1,1,23.62321137120533,0
67,72.8,172.2,9.3,7.3,53.2,0,1,0,24.55076815576518,1
62,92.5,150.4,5.5,5.8,39.3,1,1,1,40.892725780896335,1
22,98.6,156.3,7.0,8.0,64.3,1,1,2,40.36072500305979,0
50,54.5,164.5,6.0,7.9,95.0,0,1,3,20.140242606775622,1
18,99.1,176.0,1.2,7.5,102.0,1,0,3,31.99251033057851,1
35,80.1,153.4,9.6,4.7,90.9,1,0,3,34.039392203491815,1
49,99.9,192.5,1.2,6.9,148.3,1,1,2,26.95901501096306,1
64,73.0,166.4,2.5,6.1,106.8,0,0,3,26.364298261834314,1
66,69.6,191.1,8.1,6.9,140.4,1,1,0,19.058462655681762,1
28,104.5,185.1,6.2,9.5,26.5,1,0,0,30.500253779623556,1
38,61.3,184.0,8.4,6.9,18.6,1,1,2,18.10609640831758,1
43,99.9,177.3,5.2,4.1,53.5,1,0,2,31.77957003100655,1
42,76.5,178.2,3.8,6.6,29.1,1,0,0,24.090512306000527,0
39,78.4,178.7,9.2,8.9,83.6,0,1,2,24.5508740142464,1
44,65.1,178.3,0.4,8.7,82.7,1,1,2,20.4775644846684,1
66,82.2,174.9,8.6,7.1,90.5,1,0,0,26.871517858281184,0
30,66.1,194.4,2.3,5.5,114.3,1,1,0,17.490770377144404,0
50,47.6,183.0,8.5,6.8,146.0,1,1,1,14.213622383469197,1
51,62.7,185.0,1.4,7.4,133.0,1,1,1,18.319941563184805,1
58,45.4,189.3,5.8,10.0,26.6,0,1,3,12.669358486753962,1
52,108.6,159.7,8.9,7.9,57.4,0,1,2,42.58140557063593,1
18,107.8,153.8,4.7,8.2,45.8,1,1,0,45.572839602205754,1
38,70.7,171.7,7.5,6.9,34.8,1,0,3,23.981636918017067,1
65,92.3,173.1,8.0,6.1,86.3,0,1,1,30.804031957431036,1
23,67.5,187.3,7.4,8.9,87.5,0,1,2,19.241025629331187,0
45,88.6,170.0,9.3,7.0,41.8,0,0,3,30.657439446366784,1
34,97.4,175.7,4.5,10.0,109.7,1,0,2,31.55116747418004,1
22,106.5,173.7,1.7,6.7,112.6,0,0,3,35.2979896054878,0
48,71.0,151.7,0.5,4.4,12.9,1,1,2,30.852274529622317,1
22,95.9,177.7,2.5,8.1,65.4,1,0,2,30.36992724834842,1
55,62.3,187.3,1.4,4.3,134.6,0,0,0,17.758754025293822,1
20,109.4,157.1,5.6,5.5,82.8,1,0,2,44.326654216846485,0
40,46.7,176.7,1.8,6.1,58.7,1,0,1,14.95697547536439,1
54,84.2,176.7,0.4,8.4,45.5,0,0,0,26.96739475429725,0
54,87.9,157.4,0.4,7.0,44.1,1,0,2,35.47965752241394,0
27,89.7,155.6,8.3,4.2,24.0,0,0,1,37.04872423523503,1
27,52.8,194.1,5.9,7.7,124.4,0,0,1,14.014669217973497,0
36,106.0,167.7,3.6,6.5,22.1,0,1,3,37.69118051266407,0
34,56.8,160.2,8.9,9.5,50.9,1,1,0,22.132135080836846,0
38,85.5,157.7,0.7,7.0,16.4,0,0,0,34.379751090602106,1
31,59.5,180.0,9.8,8.3,119.4,0,1,3,18.364197530864196,0
26,65.0,177.4,6.2,5.3,15.5,1,1,3,20.654092878595876,1
63,80.5,179.0,1.8,8.6,53.2,0,1,3,25.12405979838332,0
18,72.1,154.0,6.8,8.3,90.3,1,0,0,30.401416765053128,1
68,55.4,190.2,7.6,9.4,67.3,1,0,1,15.314003412203217,1
62,56.1,167.5,4.3,4.2,49.5,0,1,1,19.995544664736023,1
30,72.2,164.1,8.6,6.7,48.5,0,0,2,26.8114335538778,1
21,94.2,170.8,1.5,8.1,121.7,1,1,0,32.29052975664869,1
18,103.4,167.6,2.8,4.6,146.4,0,0,0,36.810567267217664,1
66,50.5,188.9,0.9,6.5,58.7,1,1,3,14.152314211641833,1
57,70.6,191.8,2.1,9.7,15.5,0,0,0,19.191437030883527,1
49,51.5,163.7,2.4,6.6,15.1,1,0,0,19.218074393725733,0
51,46.1,188.9,9.2,9.9,116.3,0,1,1,12.919241290231456,0
45,88.0,185.2,0.8,4.3,87.3,0,1,0,25.656694764634814,1
48,84.2,191.9,4.3,8.3,119.7,1,1,1,22.86452281442181,1
25,55.6,161.1,5.3,7.5,107.6,0,1,1,21.423168848863014,1
56,60.2,176.0,9.0,7.0,137.1,0,0,0,19.434400826446282,1
43,46.5,162.4,10.0,9.8,134.0,1,0,1,17.631160668785945,0
51,99.3,187.1,7.5,4.8,120.4,1,1,3,28.366233498379298,0
20,108.4,150.2,9.7,9.4,76.5,1,1,1,48.04956019581527,1
67,53.8,175.4,7.9,8.1,53.1,0,0,0,17.48731357158552,0
29,60.0,165.3,9.6,5.6,81.0,0,0,3,21.95864528333789,0
18,101.4,164.5,7.1,9.4,80.3,1,0,3,37.47193762067978,1
61,105.2,179.0,0.8,6.6,95.4,1,0,0,32.83293280484379,1
22,72.3,188.3,4.0,8.9,36.1,0,1,2,20.390959274770008,1
47,48.3,177.4,6.5,6.3,101.8,1,1,1,15.347579785172012,1
47,47.6,188.4,3.5,9.1,73.9,1,0,1,13.410505722567063,1
34,82.3,161.9,2.7,7.8,96.8,1,0,2,31.39830021887248,1
65,70.5,173.4,5.8,4.8,43.5,0,1,3,23.447196912552933,1
64,46.9,170.3,9.3,7.9,70.8,0,1,2,16.171248347963886,1
40,82.9,150.5,0.3,5.1,39.4,1,0,0,36.60003752717962,1
32,45.7,175.1,7.7,6.5,132.5,0,1,2,14.905409358966292,1
54,96.2,179.8,7.2,5.0,78.3,0,1,3,29.757448951436583,1
38,64.9,176.6,9.6,4.1,41.5,1,0,0,20.809579204015964,1
31,47.6,183.1,9.3,5.3,15.8,0,1,0,14.198101093462581,1
19,83.2,175.7,7.6,7.2,104.6,1,0,0,26.95130527568562,0
28,70.8,153.0,5.2,6.9,40.1,0,0,1,30.244777649621938,0
68,108.3,155.2,2.0,7.0,148.5,1,0,1,44.961938038048686,1
56,80.4,176.8,5.5,5.5,84.7,1,1,0,25.721217829282775,1
55,62.9,162.4,7.7,8.1,50.5,1,1,2,23.849462496056685,0
51,91.1,153.6,9.0,8.2,102.1,0,1,1,38.61321343315972,1
55,62.6,169.3,7.9,6.1,48.5,1,0,3,21.840391396560452,1
67,103.8,174.9,2.0,9.3,124.8,0,1,1,33.93264663855945,1
51,69.4,164.8,6.0,7.9,53.2,1,1,2,25.55318597417287,1
35,80.7,182.4,3.3,8.3,148.4,0,0,1,24.256261542012926,1
47,48.3,179.0,0.1,5.7,94.7,1,1,2,15.074435879029993,0
32,72.7,165.0,2.0,4.0,128.2,1,1,2,26.703397612488526,1
44,99.1,184.0,1.1,9.2,20.2,0,0,1,29.27103024574669,0
68,97.4,179.2,8.4,8.9,58.8,1,1,2,30.330735809948987,1
51,59.6,178.7,2.6,4.7,113.2,1,1,2,18.66367463327915,1
69,59.7,174.9,2.8,6.2,101.7,0,1,3,19.516175378824656,1
55,98.1,150.5,9.6,8.0,37.2,0,1,0,43.31078023421375,0
50,105.5,181.3,3.8,7.9,59.9,1,1,0,32.096438998968345,1
41,51.2,166.9,0.1,9.2,46.9,1,1,1,18.380498578203817,1
32,74.3,192.4,2.8,4.8,95.9,0,0,2,20.071446786623497,0
47,66.9,186.8,1.2,6.6,58.2,1,0,1,19.17221868136403,1
59,101.6,176.4,1.0,4.6,53.3,1,0,1,32.65100446830281,1
68,50.4,161.3,0.8,6.3,39.0,0,1,0,19.371435358019863,1
34,58.7,159.2,5.9,4.1,67.3,1,0,2,23.160715638493983,0
22,93.9,165.3,1.9,9.4,37.4,1,0,1,34.3652798684238,0
46,48.3,171.4,3.6,7.2,144.8,0,0,1,16.440896508811367,1
21,77.0,163.3,8.6,9.1,31.6,1,1,0,28.874758173900297,1
27,73.7,173.2,4.2,4.4,137.9,1,0,0,24.56810799566908,1
34,66.7,157.4,9.2,5.4,70.0,1,1,0,26.922561510182135,1
27,70.6,194.0,5.0,5.6,62.9,1,0,1,18.758635349133808,1
34,79.4,154.9,4.0,6.3,42.4,1,0,2,33.09159244328063,1
37,55.5,191.9,7.5,8.8,99.0,0,0,0,15.071033446560694,0
41,82.2,191.1,0.7,6.3,106.0,1,0,0,22.5087015847276,0
22,97.4,173.6,0.9,5.2,75.5,1,1,2,32.3191191148676,1
51,94.4,182.6,6.5,4.4,17.8,0,0,1,28.311993368275456,1
23,55.0,169.6,4.9,4.5,138.6,1,0,1,19.121017265930938,1
19,54.7,178.4,7.9,8.6,147.2,1,0,2,17.18690301433771,1
30,62.4,165.3,9.2,6.7,70.3,1,1,0,22.836991094671404,1
60,68.5,163.6,3.9,8.4,95.9,0,0,3,25.593163598974183,1
60,71.5,176.0,6.0,8.1,73.0,1,0,2,23.082386363636363,0
65,89.2,172.4,5.0,4.8,55.1,0,1,3,30.01168167699356,1
28,48.7,176.1,9.8,4.9,20.8,0,1,1,15.703998650810467,0
68,47.3,162.9,8.3,8.5,73.8,1,0,1,17.824566322271927,1
64,70.5,166.5,9.1,8.3,124.6,0,0,3,25.43083624164705,1
40,90.3,153.8,2.5,6.3,12.4,0,0,0,38.17465135509443,1
33,57.6,152.4,7.7,4.5,91.5,0,0,3,24.8000496000992,1
48,86.7,161.4,2.7,4.1,133.3,0,1,0,33.28220081719895,0
28,61.9,153.3,2.1,5.7,40.5,1,0,2,26.339427996131203,1
33,102.6,154.7,9.4,4.1,35.7,1,0,1,42.871307938420756,0
25,103.2,186.6,0.2,5.4,118.1,1,0,1,29.638513525156554,1
21,64.3,151.7,9.7,6.5,45.7,1,1,3,27.940862707812883,1
57,59.9,179.7,1.5,4.7,36.9,0,1,2,18.549434242255614,1
21,71.7,162.3,8.2,4.6,62.9,1,0,3,27.21962364030007,0
42,60.6,189.2,2.8,9.4,65.0,1,1,3,16.92896316525797,1
20,88.7,171.8,3.5,7.5,132.4,0,0,3,30.05227130119897,0
49,98.7,163.8,2.2,9.6,96.6,1,0,0,36.78657524811371,1
20,88.8,173.3,5.9,6.1,66.8,0,1,1,29.56758407199573,1
44,98.6,167.2,3.5,8.1,84.8,1,1,1,35.26991140312722,1
46,70.8,175.4,6.6,5.2,143.6,1,1,3,23.013044625803996,1
49,55.2,155.2,0.2,7.7,25.9,1,0,0,22.916888085875232,1
67,93.0,194.9,0.6,4.8,39.1,0,1,1,24.482697708972328,0
68,68.4,169.2,1.0,4.0,144.8,1,0,0,23.892158342135712,1
36,88.6,165.7,4.2,9.6,144.0,1,1,2,32.26923761922956,1
38,62.6,182.0,8.1,7.3,34.8,0,0,0,18.898683733848568,1
22,50.3,166.4,8.9,9.6,30.3,1,0,0,18.16608496671597,1
35,109.5,187.5,2.4,6.0,69.0,1,0,2,31.14666666666667,1
45,55.2,170.4,5.7,6.0,17.0,0,1,1,19.010778284731867,1
59,109.2,182.4,7.7,6.4,101.7,0,1,1,32.82259926131117,0
39,108.5,154.8,2.9,8.2,20.8,1,1,0,45.27806154811743,1
38,96.6,188.1,4.1,7.4,18.1,0,0,0,27.302318916521887,0
23,87.9,183.1,5.2,9.6,77.9,0,1,2,26.21876231334792,1
18,82.6,159.5,1.3,4.2,144.1,0,1,2,32.4682343923507,1
22,101.3,156.5,0.3,8.2,69.8,1,1,1,41.36002204779063,1
58,63.8,164.2,1.5,6.0,59.9,1,1,1,23.663248971501737,0
29,75.4,193.9,6.3,5.1,149.7,0,0,2,20.054679589256757,0
43,85.3,161.6,0.7,7.1,84.5,0,1,0,32.66377070875405,1
63,71.7,170.5,1.9,7.0,62.5,1,0,2,24.664390571116517,1
51,72.8,151.4,3.4,4.8,64.0,0,0,1,31.759936759334714,1
66,66.5,167.9,0.8,5.2,37.3,0,0,0,23.589582414728977,0
31,81.7,175.7,1.9,6.4,81.7,1,0,3,26.465404339224943,0
43,100.3,192.9,9.1,6.5,71.4,1,0,3,26.954822588625063,1
62,58.1,173.3,0.2,5.9,47.9,1,1,2,19.345457596654864,1
44,105.7,186.9,6.5,4.9,32.5,0,1,1,30.259126332854397,0
26,89.8,174.6,3.8,4.0,53.6,0,0,0,29.45695544979918,1
43,98.5,151.8,6.7,9.8,81.2,0,1,3,42.74572499353389,1
64,81.2,164.2,5.9,9.7,18.2,1,0,0,30.116862327365848,1
39,95.7,175.9,2.2,6.9,31.5,0,0,0,30.930024133175564,1
64,46.1,192.8,8.5,10.0,142.7,1,0,0,12.401861193849967,0
47,98.2,188.7,4.9,8.0,86.0,1,0,0,27.57831243756616,0
60,47.6,160.3,8.2,4.4,18.9,0,1,2,18.524219054338612,1
65,102.8,159.9,4.1,4.7,107.0,1,0,0,40.206492409851215,1
34,109.5,159.1,9.8,9.5,18.7,0,1,3,43.25872947333781,0
43,64.1,191.5,7.7,7.8,113.4,0,1,3,17.479156582974863,1
53,58.7,188.4,9.7,9.1,115.0,1,1,2,16.537745502409383,1
18,94.7,184.9,5.1,9.4,101.2,0,1,3,27.699769597586993,1
25,61.4,167.7,4.7,6.7,112.5,1,0,0,21.832438523373337,1
66,101.3,172.7,7.6,4.3,22.3,1,1,3,33.96446438576122,1
52,51.7,170.9,8.8,5.1,111.7,1,0,1,17.7013511574869,1
69,53.2,161.4,9.6,4.4,29.1,0,1,0,20.42229623385218,1
32,108.6,172.7,3.2,5.1,57.5,0,0,2,36.4120516514676,0
64,88.8,151.4,8.0,6.5,142.0,0,0,1,38.74014264050718,0
39,100.0,155.9,2.1,4.7,80.4,1,1,3,41.144119209325225,1
31,66.1,189.9,5.5,5.0,145.4,1,1,1,18.329538481077453,1
43,89.0,183.8,1.8,6.7,22.4,0,1,3,26.345047900625293,1
45,83.6,169.0,3.5,6.0,76.9,1,0,3,29.270683799586852,0
40,84.2,173.3,9.3,6.8,18.7,0,1,3,28.035929942140097,0
31,89.4,166.6,1.5,6.6,98.2,0,1,2,32.20976265656323,1
41,82.4,183.3,6.3,7.9,21.0,0,1,1,24.524619712139295,1
19,72.9,185.3,5.9,9.6,34.6,0,0,2,21.231305020460976,1
62,62.9,184.3,1.2,4.6,46.2,1,1,3,18.518251370689164,1
43,95.0,182.5,3.3,4.6,114.8,0,1,0,28.5231750797523,1
31,59.7,159.2,5.6,9.1,33.0,1,0,0,23.555276381909554,0
68,90.0,165.2,1.9,7.0,128.5,1,1,2,32.977856468643196,1
24,60.2,171.1,8.0,8.6,28.5,0,0,0,20.563473327774595,1
20,85.6,164.9,9.7,5.3,14.9,0,0,1,31.47983543695372,0
64,93.6,184.0,2.1,9.0,65.3,1,0,0,27.64650283553875,1
40,59.2,164.8,1.9,9.5,147.1,0,0,0,21.797530398718067,0
63,48.9,156.2,4.5,7.8,25.4,1,0,3,20.042264997270323,1
60,53.5,168.0,7.5,4.6,24.2,1,0,1,18.955498866213155,0
64,84.4,194.1,2.8,9.4,115.2,1,0,1,22.40223640145764,1
62,100.2,160.2,0.2,8.8,53.7,1,0,0,39.04295660387064,0
35,47.9,177.5,5.4,8.5,110.4,0,0,3,15.203332672088871,1
55,92.7,169.5,9.6,4.2,38.0,0,0,0,32.26564335500039,1
52,67.2,153.2,3.9,8.8,74.4,0,0,0,28.632003763063363,1
68,76.1,172.0,4.2,4.8,47.1,1,0,2,25.723363980530017,1
32,105.4,181.6,9.7,5.3,73.2,0,0,3,31.960158357429805,1
42,66.6,173.1,6.9,7.5,117.7,1,0,2,22.22696130406183,0
54,75.2,189.2,7.2,5.6,116.7,1,1,0,21.007558251277217,1
45,45.9,163.0,5.6,8.0,82.2,1,0,0,17.275772516842938,0
27,50.3,153.9,9.7,7.6,140.0,0,1,3,21.23688158137504,1
56,61.8,192.1,6.9,4.6,46.9,0,1,1,16.74687371366802,0
34,46.8,167.0,9.0,7.9,43.6,1,1,0,16.780809638208613,1
56,86.0,175.9,7.0,9.5,95.9,0,1,0,27.795006013094028,0
39,72.7,185.6,7.4,5.0,97.0,1,1,2,21.104665205112966,1
43,80.6,164.6,2.9,7.6,16.5,0,1,2,29.749206072676646,1
61,56.4,182.2,3.0,6.1,95.1,0,0,3,16.989568886677166,1
42,64.2,156.1,7.8,6.8,62.4,0,1,2,26.346881731638543,0
34,88.1,163.1,3.0,5.7,114.6,1,0,1,33.11829622342407,1
30,107.7,156.5,5.6,6.1,123.1,0,0,0,43.973093529585896,0
37,48.3,186.5,2.5,4.2,87.3,0,1,2,13.88639320342991,1
42,102.9,160.0,8.2,9.9,10.2,1,0,1,40.19531249999999,1
21,82.5,182.3,1.1,7.7,99.1,0,0,0,24.824505789225196,0
27,81.7,192.4,8.3,7.0,114.8,1,1,0,22.070487247202422,1
20,77.5,173.7,6.0,6.3,44.9,0,0,1,25.686330464087366,1
58,49.5,174.3,1.9,7.2,75.1,1,1,0,16.29335142389079,0
62,50.8,170.7,5.4,6.3,145.2,1,1,1,17.433985082960717,1
35,84.1,164.7,2.8,6.2,51.7,0,1,1,31.003362445527543,1
64,67.2,171.4,3.2,6.8,41.2,1,1,2,22.87429079486799,1
53,104.6,177.1,3.5,5.7,39.5,1,1,3,33.34990200676499,0
64,71.4,194.4,0.6,5.1,88.2,0,0,1,18.893207336280042,0
39,54.3,192.2,9.9,7.3,143.0,0,1,2,14.699178470224282,0
51,91.5,188.8,0.3,9.1,95.2,0,1,0,25.669482548118353,1
64,64.1,190.0,6.6,4.9,52.5,0,0,2,17.75623268698061,1
25,79.2,171.1,3.7,4.2,99.4,1,1,1,27.053606105643652,0
57,90.4,179.6,6.5,5.5,97.5,1,1,2,28.02565463464963,1
66,103.5,190.3,3.6,9.9,93.6,0,1,3,28.58003611301568,0
61,96.5,167.7,6.7,9.0,32.3,0,1,0,34.31319735351021,1
36,89.0,193.3,7.3,7.6,98.8,0,1,2,23.819152150588426,1
59,89.2,168.7,6.9,9.6,70.2,0,1,0,31.342576113794642,1
58,106.5,177.0,1.1,6.7,12.6,1,1,1,33.994063008713965,1
54,64.2,181.9,6.6,9.9,85.6,1,0,3,19.40303334087896,0
23,45.1,192.8,2.8,5.8,148.5,1,1,3,12.132840343657994,0
69,62.7,161.0,0.3,5.4,59.0,1,0,2,24.188881601790055,1
43,59.2,183.6,4.1,7.8,145.2,1,1,0,17.562096249780478,1
51,88.0,173.4,4.3,6.3,23.5,0,1,0,29.267423096519973,0
62,86.2,162.1,4.7,7.8,112.5,0,1,2,32.80509019306671,1
23,83.6,184.9,7.0,5.8,26.0,1,0,2,24.45301730050974,1
54,46.1,174.9,3.1,7.7,48.3,1,0,2,15.07027948013093,1
50,92.4,179.7,3.2,5.7,89.9,0,0,2,28.613818430457744,0
39,66.0,164.5,0.6,4.3,93.0,1,1,3,24.39001856967323,1
38,88.2,171.7,6.9,9.5,118.5,1,1,2,29.9176856601005,0
23,81.2,177.8,5.7,9.3,96.1,1,0,0,25.6857656572456,0
23,67.3,168.2,3.5,9.8,93.1,1,0,1,23.788282167907806,0
65,53.7,158.9,7.1,8.3,137.7,0,1,0,21.26799214708104,0
21,51.1,193.3,5.4,8.1,73.3,1,1,2,13.675940167360322,0
47,99.0,173.0,4.7,7.4,41.5,1,1,3,33.07828527515119,1
28,104.7,183.0,5.1,4.8,32.7,1,0,2,31.26399713338708,1
47,87.2,168.5,6.4,5.1,66.0,1,0,1,30.712606433093534,1
48,51.7,166.0,6.6,5.7,109.8,1,1,2,18.76179416461025,1
41,71.1,168.3,2.9,9.3,16.0,0,1,1,25.101597923239943,1
26,92.4,168.4,1.4,5.0,28.1,0,1,2,32.58275455453309,1
20,95.7,174.5,1.6,9.5,24.9,0,0,3,31.428313396441734,1
68,52.7,174.5,6.4,7.1,91.9,1,1,0,17.306918662408354,1
48,45.0,172.4,8.7,8.3,44.0,1,0,1,15.140422370680607,0
57,91.3,156.1,4.1,4.7,33.3,0,0,0,37.468384767890946,0
54,68.2,172.3,1.7,5.6,93.0,0,0,2,22.97279408123813,0
53,61.5,157.6,7.6,9.8,116.6,1,1,0,24.760686954057057,1
41,45.8,155.7,8.3,5.6,56.5,1,1,3,18.892448754232756,1
48,80.1,192.0,8.8,5.8,90.9,0,0,3,21.728515625,1
23,100.3,177.2,6.1,5.2,23.7,1,0,0,31.9428379252888,1
19,107.2,179.7,8.6,4.8,140.9,1,1,0,33.196984153085175,1
37,81.8,168.1,0.2,5.4,57.2,0,0,3,28.947954197117166,1
45,78.4,190.9,1.1,7.9,149.7,1,1,1,21.513159934703168,1
28,50.5,178.7,0.9,6.7,147.0,1,1,1,15.814019613768407,1
21,80.7,184.6,7.1,7.3,119.0,1,1,3,23.68155092736602,0
32,69.7,166.6,0.7,4.7,12.8,0,1,3,25.112085650586767,1
23,84.5,193.2,5.0,8.8,86.1,1,0,1,22.638229835097242,1
66,70.3,186.9,4.7,8.7,22.2,1,1,0,20.12503861116049,1
47,60.6,188.4,3.1,4.1,135.3,0,0,0,17.073038798058064,1
55,51.2,157.7,8.7,6.3,120.5,1,0,2,20.587640419167577,0
68,65.5,162.2,1.7,4.4,146.1,1,0,1,24.896574687443465,0
19,51.3,162.9,3.5,8.8,95.2,1,1,3,19.331929224789636,1
32,56.5,162.2,7.7,8.4,83.1,0,1,2,21.47567129527566,1
28,109.2,188.5,0.3,9.4,82.7,0,0,0,30.73264428793561,1
25,73.9,151.4,6.7,5.4,64.1,1,1,1,32.23982591366532,1
43,79.6,153.4,8.2,6.7,75.6,0,1,2,33.82691160297064,0
68,101.8,162.3,9.3,5.1,99.0,0,1,0,38.64655071942185,0
62,109.7,159.0,8.8,6.2,140.6,0,1,3,43.39227087536094,1
61,82.9,160.4,3.2,7.1,93.4,0,1,0,32.221503597614436,1
22,97.8,185.9,5.9,4.3,130.0,0,0,0,28.29958554707179,0
23,66.3,175.3,0.8,8.3,130.8,0,1,1,21.574944948094846,1
43,64.9,150.3,2.6,7.3,82.6,0,1,3,28.72941187927981,1
21,71.2,169.3,0.9,9.0,58.6,0,0,1,24.840828553276424,1
36,88.7,168.4,3.2,5.6,99.5,0,1,3,31.27803386349659,1
37,89.3,155.1,8.8,9.4,72.4,1,0,2,37.121700564640605,0
50,65.5,180.4,3.5,10.0,21.4,0,0,0,20.126498886436153,1
37,53.7,181.6,5.6,9.5,62.9,0,1,1,16.28330648760892,1
66,86.1,182.4,4.3,8.7,149.2,1,0,3,25.87935710987996,1
29,53.3,182.8,4.6,8.9,16.8,1,0,1,15.950519274691283,0
64,82.6,150.0,9.7,7.4,107.5,1,1,0,36.71111111111111,1
18,90.1,192.9,3.0,5.1,127.8,1,0,0,24.213654189781835,1
43,90.5,186.6,6.3,8.1,100.8,0,1,2,25.991138314211902,0
31,94.0,190.7,4.2,8.3,89.8,0,0,3,25.84797158043023,1
55,101.7,150.7,0.6,9.9,109.1,0,1,3,44.781068131951365,1
54,77.5,192.0,4.9,7.2,70.1,1,0,2,21.02322048611111,0
28,92.5,186.4,8.1,5.6,22.8,0,1,2,26.62256626572602,0
53,85.2,187.7,1.0,8.1,144.7,0,1,3,24.183048647949033,1
30,57.1,154.2,0.7,9.9,70.5,1,0,3,24.014157839045428,1
60,46.7,183.2,1.5,5.1,103.2,1,0,1,13.914446711542498,1
20,63.5,193.2,7.6,6.0,84.4,1,1,3,17.012160881996152,0
50,73.8,180.5,7.2,7.3,17.7,1,0,1,22.651759885206527,1
23,85.1,175.7,5.7,5.0,143.4,1,0,1,27.566779795202475,1
67,100.2,192.6,4.7,4.1,121.0,0,0,1,27.01190141141229,1
27,57.8,169.9,8.9,6.0,30.9,1,1,1,20.02355018930569,1
22,53.2,177.0,7.7,9.2,147.4,1,1,0,16.981071850362284,0
40,107.6,171.4,8.1,4.3,113.2,0,1,2,36.6260965703541,1
27,52.0,192.0,8.1,6.6,76.1,0,0,2,14.105902777777779,0
61,76.1,153.4,6.4,8.6,95.6,0,0,3,32.339547399322434,1
19,83.1,172.6,4.6,9.7,24.9,1,0,2,27.89455522450585,1
30,80.2,180.9,8.6,9.9,88.5,1,1,2,24.507399737385793,1
57,50.6,185.6,9.3,6.5,20.3,0,1,0,14.689079221165283,1
19,48.7,176.2,0.2,9.7,86.3,0,1,1,15.686178511932452,1
37,51.9,190.9,0.5,4.2,87.4,1,1,1,14.241492354733346,0
18,83.1,192.4,9.6,8.5,132.4,0,0,1,22.44868409109573,0
54,80.4,152.9,2.8,7.9,111.5,0,0,2,34.39070492817946,1
26,60.2,168.1,8.7,5.5,44.9,0,0,2,21.303995631619237,1
34,86.5,151.1,3.9,7.0,134.4,0,1,3,37.8867348686294,1
26,98.3,164.8,1.2,4.8,90.3,1,0,0,36.19421010462814,1
28,47.7,174.2,0.8,9.2,94.9,1,0,0,15.718897344066562,0
32,77.4,191.0,1.6,6.1,33.7,1,1,3,21.216523669855544,0
41,89.8,188.1,2.5,7.8,130.1,0,1,3,25.380416549727386,1
55,61.4,155.7,4.9,5.0,140.3,1,0,3,25.327431299342603,1
52,65.0,154.2,7.0,5.2,118.5,1,1,1,27.336606997162043,1
47,84.9,176.5,9.9,10.0,141.7,0,0,1,27.253248160245253,1
48,103.4,173.9,4.4,8.5,52.3,0,0,1,34.191753570706986,1
66,97.6,162.0,5.2,9.8,130.6,1,1,1,37.1894528273129,1
22,82.9,190.5,5.2,5.8,78.4,0,1,3,22.843601242758044,1
61,92.5,191.7,5.4,5.0,32.9,0,0,3,25.17082828896329,1
67,68.7,168.1,5.2,7.0,103.6,1,1,3,24.312034881930924,1
31,86.7,190.1,0.1,7.0,105.8,1,1,1,23.991359789872217,1
28,75.3,167.3,0.0,5.0,50.2,1,0,1,26.90314759681292,0
26,57.3,183.2,1.0,8.4,13.8,0,0,2,17.072757956560707,0
51,90.6,171.4,1.0,6.2,38.0,0,0,3,30.839445625223803,0
29,81.2,155.5,7.0,5.1,66.0,0,1,0,33.58112509175878,1
52,68.3,191.8,2.0,6.0,33.5,0,1,0,18.56622024375843,1
52,104.2,170.4,8.9,7.4,37.2,0,1,2,35.88628799400472,1
18,46.4,183.1,9.3,8.4,64.8,0,0,1,13.84016577177865,0
57,65.5,166.5,9.8,6.9,144.7,1,1,3,23.62723083443804,1
39,48.7,150.8,9.4,7.2,117.0,1,0,1,21.41540431579762,1
46,94.8,154.5,2.7,4.8,54.8,0,1,1,39.714707638168846,1
25,90.6,172.3,5.1,9.5,143.2,1,0,0,30.518110612319276,0
28,66.5,181.0,1.8,9.6,100.4,1,1,0,20.29852568602912,0
58,88.9,165.1,8.1,8.1,73.8,1,0,3,32.61426641196478,1
54,70.7,181.3,8.9,4.1,75.6,0,0,3,21.50917760404798,0
31,94.2,181.4,8.5,7.2,67.5,1,0,1,28.627032914402132,1
47,74.5,181.7,4.3,7.8,42.6,1,0,1,22.565575714473077,1
52,71.8,172.2,7.6,10.0,64.1,0,1,2,24.213532329449723,0
38,105.8,191.2,1.0,10.0,83.9,0,1,1,28.940757339682428,1
54,61.3,172.0,0.4,9.1,83.9,0,1,2,20.72065981611682,1
22,52.8,170.3,7.5,4.4,116.6,1,1,1,18.20558449408301,0
36,83.0,159.0,4.3,9.7,60.2,1,1,1,32.83097978719196,1
31,108.0,163.8,10.0,7.7,110.4,1,0,1,40.252787505534755,0
43,69.6,151.9,1.0,8.8,90.9,0,1,3,30.164330592395377,1
21,49.0,178.5,8.6,6.4,144.7,0,1,3,15.378700499807767,1
42,67.1,161.2,4.8,5.9,63.9,0,0,3,25.822152713211707,1
62,77.9,163.7,8.3,6.8,136.2,1,1,2,29.069669811091934,0
59,55.5,184.7,8.2,4.9,124.9,1,1,2,16.268937556300052,1
42,87.8,164.7,9.2,6.1,99.3,1,1,3,32.36736293361853,1
35,109.9,160.9,3.0,9.1,101.6,0,0,2,42.450773133257194,1
57,74.4,157.6,9.5,4.2,21.9,0,0,3,29.954392022469026,0
25,68.1,184.9,1.5,4.9,143.0,1,1,0,19.919264092879345,1
56,71.0,155.8,0.8,4.8,25.0,1,0,3,29.249836448097604,1
57,52.5,170.4,4.3,6.4,88.9,1,1,0,18.080903259935198,1
31,102.4,172.8,8.3,10.0,56.2,0,0,1,34.293552812071326,1
49,72.0,180.9,4.7,5.0,70.2,1,0,2,22.001655624585748,1
68,70.2,178.5,8.3,4.9,95.4,0,1,2,22.03234234870419,1
55,87.9,186.5,7.3,9.5,137.2,1,0,3,25.27151061245319,0
50,73.7,152.0,2.1,9.3,74.1,1,1,1,31.899238227146814,1
40,87.1,163.3,9.5,4.2,148.3,1,0,1,32.66222645385345,1
32,49.0,162.6,0.6,8.5,93.0,1,1,1,18.533395666059985,1
50,97.9,156.6,9.0,7.9,32.5,1,0,1,39.920794533909444,0
42,106.1,163.0,3.0,8.6,36.6,1,1,2,39.93375738642779,1
34,87.2,163.9,5.0,7.0,110.3,1,1,3,32.460752084356265,0
50,107.0,173.5,4.2,9.9,17.1,1,1,3,35.5455157006536,0
64,54.8,179.9,1.7,4.3,77.2,1,1,0,16.932388786185637,1
19,76.0,167.1,3.6,5.4,30.8,1,0,2,27.218280943514543,1
31,84.1,182.4,1.9,6.4,70.7,0,1,0,25.27821060326254,0
57,82.8,165.1,2.0,6.7,115.0,0,0,1,30.37639211373097,1
57,71.1,163.1,1.9,9.5,74.2,1,0,3,26.72770557872249,0
68,67.0,174.4,4.9,7.4,32.9,1,1,0,22.028343573773252,0
56,53.2,151.1,8.0,4.3,45.3,0,1,2,23.301436936544324,1
68,70.5,153.6,5.7,6.4,61.5,0,1,3,29.881795247395832,1
23,55.6,168.8,8.9,6.5,19.7,0,1,2,19.513263403786972,1
23,92.7,192.4,6.4,9.8,91.8,1,0,3,25.04203387779271,1
20,58.6,182.5,6.9,7.6,95.1,1,1,2,17.59429536498405,1
24,48.8,154.0,6.7,7.8,18.7,1,1,2,20.576825771630965,1
68,80.9,188.1,4.5,8.3,66.3,1,1,3,22.864985510834583,1
25,83.7,183.0,6.9,8.6,68.0,0,1,2,24.9932813759742,1
59,101.7,177.5,0.7,7.8,56.7,0,0,2,32.27930966078159,1
69,82.5,186.9,8.6,5.4,88.1,0,0,1,23.617577317506978,0
32,67.5,168.2,7.8,9.2,58.4,0,0,3,23.85897542843651,1
64,97.2,160.0,2.5,8.4,68.3,1,1,0,37.96874999999999,1
46,80.1,173.0,7.7,8.5,121.7,0,0,3,26.763339904440507,1
50,50.2,174.7,0.1,10.0,32.7,0,1,3,16.448182164600436,1
69,81.8,174.2,2.2,8.8,96.7,1,0,1,26.95609649359842,1
47,104.0,175.4,0.7,9.0,80.8,1,1,0,33.80447233168948,1
56,70.8,192.7,7.8,9.7,52.7,1,0,0,19.066449538944706,1
44,64.3,190.6,7.6,4.9,111.9,0,1,0,17.69967045030384,0
53,54.3,189.4,8.1,7.0,87.2,0,1,2,15.13700241634506,1
46,54.8,186.1,0.0,7.5,76.8,1,0,2,15.822962988414876,1
55,73.1,192.5,5.0,6.0,103.5,1,1,2,19.72676673975375,1
50,83.7,154.4,7.0,9.0,122.3,1,0,0,35.11000295309941,1
54,50.2,161.9,1.6,8.6,146.2,1,0,3,19.15181860252003,1
44,106.1,172.3,6.5,8.3,98.1,0,0,3,35.739200176237034,0
50,94.1,188.1,0.8,10.0,132.4,1,1,0,26.59573716402391,1
21,83.1,172.7,1.8,5.6,10.2,0,0,0,27.862260517835704,1
39,98.8,183.7,4.8,8.4,84.2,1,1,1,29.27781295922531,1
19,50.2,156.3,6.5,7.3,40.1,1,1,2,20.548766685127806,1
27,76.0,161.4,1.5,5.9,23.2,0,0,2,29.174708905503113,1
22,86.0,182.9,1.9,5.0,84.5,1,0,2,25.708162730278627,1
27,98.9,157.4,2.0,9.4,114.6,1,1,1,39.91966017027006,0
50,95.9,165.8,2.4,7.6,67.7,1,1,1,34.885869731287855,1
55,63.0,161.9,2.3,8.9,103.8,0,0,1,24.03515083583191,0
30,106.2,165.7,4.0,7.3,78.6,0,1,0,38.67937962936997,1
48,53.1,181.9,6.5,5.3,71.2,1,1,1,16.048303277269046,0
64,101.9,166.6,4.4,6.0,50.6,1,1,3,36.71336481771581,0
53,108.1,175.0,7.8,6.3,63.6,0,0,0,35.29795918367347,1
62,56.5,154.5,7.2,9.8,59.0,0,0,0,23.669630607136497,1
41,91.9,186.2,1.3,4.0,100.5,0,0,2,26.506730228978927,1
69,47.6,166.6,0.5,9.9,26.2,1,1,2,17.149717029669013,1
32,71.4,179.2,8.8,9.9,23.0,1,0,1,22.234235491071434,1
46,78.6,182.6,0.8,10.0,102.4,1,0,3,23.573333461297146,1
25,82.7,159.4,1.5,6.9,86.5,1,1,0,32.548342356610185,1
22,105.8,189.8,0.2,9.8,70.2,0,0,0,29.369276738533486,1
46,88.7,177.7,6.3,6.4,31.3,0,0,0,28.08980758006783,0
64,76.3,169.3,5.8,4.2,67.5,0,0,2,26.62015756481729,1
21,97.6,158.2,9.9,5.3,120.6,1,1,2,38.99750831494004,1
29,106.8,192.4,8.9,9.7,134.5,0,1,3,28.851016377003898,0
62,46.4,184.0,4.1,4.1,108.4,1,0,2,13.705103969754251,0
19,108.9,159.4,3.7,7.3,18.4,0,1,3,42.85990910078415,1
44,50.6,165.2,3.0,4.5,103.9,1,0,2,18.540883747926063,1
48,97.9,186.4,1.5,5.7,43.7,1,0,3,28.176748512590027,0
68,63.2,181.3,1.4,4.5,54.1,0,0,2,19.227440234453077,1
68,53.6,184.5,1.3,9.2,37.4,0,0,2,15.74606531973179,1
53,73.6,169.9,1.1,7.5,118.6,0,1,1,25.497115811987868,1
53,86.9,182.2,2.4,9.4,100.8,0,0,1,26.177190359082374,0
43,69.8,167.4,3.1,8.1,95.7,0,1,1,24.908324519069495,0
60,48.5,159.5,9.6,9.8,103.5,0,1,3,19.064278063305196,0
44,84.0,178.5,5.8,7.1,43.1,1,0,3,26.363486571099028,0
22,103.7,193.9,9.9,7.8,72.3,0,0,3,27.58183386480007,0
37,69.9,164.0,3.7,7.5,98.7,1,0,3,25.988994646044027,0
28,59.1,170.7,4.6,6.9,99.1,1,0,1,20.282451149664933,0
27,73.8,180.3,3.2,9.1,120.9,1,1,0,22.70204124573298,0
57,48.1,174.4,1.8,7.9,50.2,0,1,2,15.814377998484977,1
55,98.3,188.0,1.4,8.8,117.8,0,1,2,27.812358533272974,0
23,98.7,184.3,9.5,8.7,71.6,0,1,3,29.058051037949454,1
25,83.2,152.6,9.9,5.1,103.8,0,0,1,35.728456857029485,1
40,68.0,194.9,0.4,7.9,73.8,0,0,0,17.901327357098047,1
64,97.0,183.9,1.5,5.2,142.8,0,1,1,28.68192367592265,1
43,81.1,188.9,4.2,7.5,35.1,1,1,2,22.727775892359457,1
63,98.7,179.3,1.9,8.1,104.5,1,1,3,30.70128643678132,0
60,86.0,188.5,3.6,10.0,90.7,1,0,3,24.203364549106798,1
29,96.0,155.1,1.3,4.2,34.2,1,0,1,39.90686734832585,0
43,83.9,165.6,4.6,4.5,19.2,1,1,3,30.594354594039537,0
30,71.9,189.4,2.7,4.5,121.9,0,0,0,20.04328680911989,1
57,107.3,159.1,3.5,6.4,32.0,0,1,2,42.389604314969375,1
35,80.2,153.5,0.9,8.9,36.1,1,1,0,34.037496419060155,1
42,84.3,185.5,4.3,9.1,147.0,1,0,1,24.498514250840955,1
50,59.3,187.6,9.8,8.4,110.4,1,0,2,16.849577879715042,1
64,85.7,157.3,3.3,9.4,45.1,0,1,0,34.63565273656009,1
57,82.2,188.4,8.8,5.9,92.7,0,0,0,23.15847836964312,1
60,57.0,180.9,8.4,4.5,84.8,0,0,0,17.417977369463717,1
29,48.9,173.4,9.5,4.3,128.2,0,0,2,16.26337487977076,1
61,84.3,187.4,7.9,9.1,112.1,0,0,2,24.00426438746698,1
53,94.6,168.9,6.6,8.4,126.4,0,0,3,33.16132212017929,0
65,79.0,158.7,8.6,8.2,39.6,0,0,1,31.367018334617796,1
21,59.7,162.8,0.8,6.0,99.6,1,1,3,22.525037881303238,1
22,88.3,172.7,4.6,6.3,15.6,1,1,1,29.605747337242995,1
54,50.2,173.9,9.9,9.7,19.7,0,1,2,16.599864886358713,0
25,73.7,186.3,7.7,4.4,109.9,1,1,0,21.234487227470336,1
59,55.6,185.6,9.6,8.6,13.4,0,0,3,16.140569262782407,1
66,57.0,176.2,7.8,5.9,91.2,1,1,2,18.359592919510263,1
45,58.1,185.1,8.7,4.2,127.7,0,0,2,16.957557364556255,0
48,70.1,158.6,7.1,8.5,63.2,0,1,2,27.868375396955393,0
26,48.3,152.3,7.6,6.0,16.3,1,1,3,20.82319298443778,1
68,70.9,189.3,5.2,8.3,109.9,0,0,2,19.785407857067312,0
46,78.3,153.4,9.2,8.2,140.2,1,0,1,33.27446204161559,1
31,76.4,161.1,8.3,7.2,110.4,0,1,1,29.437591727574357,1
57,69.9,181.3,8.4,8.7,91.0,1,0,0,21.265792284624528,1
58,99.5,168.4,6.7,7.5,42.2,0,0,3,35.086407772467986,1
39,54.4,189.4,3.0,5.7,12.2,1,0,3,15.1648790322131,0
28,77.9,163.4,0.4,8.4,107.3,0,0,3,29.176510773960317,0
40,49.0,150.5,9.4,7.5,42.3,1,1,3,21.633315305570584,1
18,49.6,163.5,5.9,4.1,130.1,1,0,3,18.554367851565058,1
63,82.3,176.0,3.0,9.4,75.3,1,1,2,26.568956611570247,1
54,81.8,166.9,1.5,7.3,84.3,1,1,2,29.36571843158344,1
38,102.1,174.1,8.3,9.2,115.6,0,1,1,33.684352216255526,0
43,81.3,189.4,8.4,9.3,119.1,1,1,3,22.663688700715536,0
63,107.4,191.1,8.1,6.7,100.0,0,1,3,29.409179442819273,1
53,48.2,162.0,6.5,7.0,141.4,0,1,3,18.366102728242645,1
40,51.4,170.8,3.7,6.5,147.5,0,1,1,17.619248720719135,0
18,47.9,174.7,3.0,6.7,142.6,0,0,3,15.694580192915554,1
68,57.0,192.7,0.1,9.4,125.4,0,1,3,15.350107679658874,0
57,80.2,194.9,8.3,8.7,108.8,0,0,2,21.1130360888127,1
32,87.0,160.6,0.9,4.8,102.9,0,0,1,33.730918768193376,1
38,48.0,182.7,6.3,7.7,24.5,0,1,2,14.380174054031707,1
64,106.5,167.0,5.0,10.0,48.0,1,1,0,38.18709885617986,1
26,99.7,150.4,5.3,7.6,10.8,1,1,3,44.075727138976916,1
26,64.3,150.4,9.3,8.7,29.2,0,0,0,28.425970461747397,0
27,50.0,170.7,0.3,8.6,71.5,1,0,3,17.15943413677236,0
69,56.0,172.0,7.7,6.1,30.5,1,0,0,18.92915089237426,1
43,53.3,151.0,0.5,6.2,136.2,0,1,2,23.376167711942458,1
58,53.0,180.9,0.4,8.3,122.8,1,0,1,16.19566316809784,0
52,78.7,163.2,4.3,7.0,20.0,1,1,0,29.548430891964635,0
69,61.0,175.2,0.6,7.4,44.8,1,0,2,19.872917578866165,1
42,68.3,163.5,7.9,8.3,124.7,0,1,0,25.54966379560269,0
43,109.3,157.5,5.3,8.7,122.4,0,1,0,44.06147644242883,0
28,89.5,168.3,0.3,5.6,142.4,1,1,1,31.597651394233125,1
55,106.7,160.5,0.4,4.9,149.7,0,0,2,41.420405469667415,1
19,54.3,174.1,6.1,5.8,146.7,0,0,1,17.91440083587341,1
24,69.8,158.9,8.1,7.0,67.4,1,0,3,27.644429271252445,1
35,81.1,172.9,4.4,6.1,45.0,1,0,1,27.12881772879946,0
44,50.0,157.1,5.5,7.4,116.2,1,0,1,20.2589827316483,1
51,45.3,180.2,8.0,4.3,51.9,1,1,0,13.950463229288953,0
44,88.6,183.9,6.1,7.1,122.9,0,1,0,26.19812822357471,1
34,86.7,155.0,2.2,6.2,84.8,0,1,0,36.08740894901144,1
60,71.7,171.1,6.1,7.2,121.1,0,1,2,24.49171158806376,0
61,76.8,153.2,6.3,6.5,48.6,0,0,1,32.722290014929555,1
68,72.0,176.9,7.3,5.7,81.1,0,0,3,23.00789202651915,1
41,46.6,161.9,6.2,9.4,89.0,0,1,0,17.778381411901062,1
42,66.8,173.7,9.7,5.1,142.0,0,1,3,22.13995967743272,1
24,56.5,173.3,2.0,8.1,47.3,0,0,1,18.81270833409638,0
69,51.4,191.6,9.5,9.5,141.1,0,0,1,14.001420844574422,1
23,107.2,174.7,5.4,7.2,122.7,1,1,1,35.12440494113878,0
41,84.0,176.2,6.7,9.3,112.3,0,1,3,27.056242197173017,1
50,92.4,168.1,1.0,4.7,120.2,0,0,3,32.69915608574115,1
66,65.5,192.7,3.8,7.0,94.8,0,0,3,17.639158824871163,1
46,70.6,185.0,7.7,6.7,44.2,1,0,1,20.628195763330893,1
60,60.4,162.8,7.1,4.0,36.5,1,1,1,22.789150553278315,0
39,51.3,188.0,0.4,6.7,131.3,0,1,0,14.514486192847443,1
43,56.6,169.5,5.5,6.2,111.5,0,0,2,19.700489901758598,0
45,96.8,187.3,0.9,8.0,39.8,1,1,3,27.59305601361865,1
67,89.0,187.0,10.0,9.6,96.1,0,1,2,25.45111384369012,1
38,80.6,158.5,9.0,4.5,72.7,1,0,3,32.08311357462011,0
66,75.9,181.6,0.2,6.0,32.2,0,1,3,23.01495274505619,0
24,105.0,163.1,8.6,6.7,84.5,1,1,2,39.471295158450936,1
34,49.7,163.4,9.2,6.7,49.4,1,1,2,18.614538966185208,0
37,63.2,163.3,3.5,8.6,23.5,0,0,3,23.69980151416232,1
58,67.7,182.7,7.2,6.7,75.4,1,0,1,20.28203715537389,1
66,95.9,160.3,4.4,4.2,92.6,1,1,0,37.32085309477044,1
37,109.5,150.0,6.6,8.3,16.6,1,1,3,48.666666666666664,1
39,60.6,182.2,3.4,9.3,66.3,0,1,0,18.254749548451,1
45,101.8,157.7,3.2,7.1,46.1,0,1,1,40.934019427173034,1
57,99.0,154.7,4.2,7.5,14.3,1,0,1,41.36705151952881,0
66,59.6,160.7,1.5,5.0,27.6,1,1,0,23.078868159642262,1
24,71.0,167.1,8.3,5.3,29.5,0,1,3,25.427604565651745,1
18,71.6,171.4,3.5,5.4,35.6,0,1,0,24.372012215960535,1
49,108.6,152.0,4.0,6.6,122.5,0,1,3,47.00484764542936,1
30,56.8,193.7,8.9,9.6,71.5,1,0,2,15.13871783055777,1
47,96.9,182.2,5.0,7.1,30.6,0,1,3,29.189525268067687,1
40,66.7,164.5,5.4,5.2,24.0,0,0,2,24.64870058480613,1
68,92.5,164.3,9.6,5.6,51.7,0,0,2,34.26625211293119,1
36,72.3,170.2,8.9,6.3,121.7,0,1,0,24.958540515685563,0
49,82.6,178.2,1.7,7.7,61.0,1,0,2,26.011455117328673,0
47,99.1,156.6,4.7,6.6,32.4,1,0,0,40.410119901025794,1
46,97.3,158.5,9.7,6.4,66.6,0,0,0,38.730607330155536,1
66,101.3,188.7,3.7,7.4,87.7,1,1,1,28.448910895371203,1
62,48.9,161.5,3.7,5.5,14.1,0,0,0,18.748382520679773,0
46,90.0,167.1,2.0,4.5,97.9,1,0,1,32.232174801530384,1
47,54.1,189.2,1.1,4.1,65.3,0,1,1,15.113150284495976,1
33,72.0,179.8,7.4,5.5,11.4,0,0,0,22.27168736490056,1
57,80.7,165.4,7.7,4.5,104.3,1,1,3,29.498676032161228,0
36,71.2,180.8,9.7,6.0,109.7,0,1,3,21.7812671313337,1
35,78.8,150.9,7.7,8.6,98.0,0,1,0,34.60570792167691,1
18,109.8,183.1,2.4,8.3,57.9,1,1,2,32.75108193407965,1
31,53.8,171.9,0.4,7.7,84.1,0,1,0,18.206670071110917,1
68,88.9,186.6,9.9,9.1,64.2,1,0,2,25.531626476612576,0
64,70.7,193.0,3.4,5.7,108.1,0,1,3,18.980375312088917,0
67,53.6,191.7,3.1,9.3,91.7,0,0,2,14.585474554469538,0
19,55.3,190.9,9.1,6.4,21.5,1,0,0,15.174461025370983,0
45,106.7,173.0,5.9,6.4,100.0,1,1,2,35.65104079655184,1
66,102.2,166.2,2.1,6.4,106.2,0,0,1,36.99890378981727,1
67,104.0,170.9,8.9,4.6,61.9,0,0,1,35.60813385645334,1
47,109.4,181.0,9.9,9.9,132.6,1,1,0,33.3933640609261,0
55,58.5,189.8,0.9,4.8,128.0,1,1,0,16.239155852591768,1
68,68.1,159.3,8.6,6.0,34.5,0,1,0,26.835862642942338,1
21,88.5,191.3,3.9,5.9,136.6,0,0,3,24.183175669047365,0
18,76.4,186.7,5.2,4.4,71.7,0,0,3,21.918191783604335,0
25,72.2,194.0,9.1,4.9,111.3,1,0,3,19.183760229567437,1
46,68.3,189.6,9.7,4.3,124.0,0,0,1,18.999581619754668,1
56,83.6,162.6,2.6,5.8,80.7,1,1,2,31.62024240168601,1
20,82.4,154.8,2.1,9.2,65.9,0,0,1,34.386288217187804,0
49,55.5,155.1,0.8,6.0,138.2,1,0,2,23.07115768575088,1
27,75.7,163.1,5.6,4.7,42.3,0,1,2,28.45692422375939,0
27,81.0,177.6,0.1,7.9,46.0,1,0,0,25.680241051862673,1
36,82.1,186.2,4.1,10.0,60.6,1,1,0,23.680114818271704,1
63,58.7,190.5,0.7,5.4,130.3,0,0,3,16.175143461398036,1
51,93.2,178.1,4.1,5.7,141.4,1,1,0,29.382454576206964,1
50,46.6,150.3,0.4,9.8,40.8,1,0,1,20.628514538897363,0
40,68.1,158.4,8.4,5.1,130.9,1,1,1,27.14168197122742,1
45,95.7,154.5,2.1,7.1,46.1,0,0,1,40.09174600182235,1
49,81.7,166.3,3.3,5.4,145.9,0,0,0,29.54184111840999,1
67,62.0,172.6,8.7,9.6,93.6,0,1,0,20.811822189162008,0
24,90.2,152.0,7.5,9.9,11.0,0,1,2,39.04085872576177,1
46,81.9,165.7,2.2,8.9,14.8,1,1,2,29.829013104005657,0
25,96.8,158.1,0.7,5.9,30.6,1,0,0,38.72680042615483,1
18,92.8,179.1,7.2,6.4,36.3,0,1,1,28.930557620910562,1
20,84.7,170.9,3.9,5.5,117.5,1,1,0,29.00008593886152,1
41,76.7,172.3,7.7,9.3,41.2,1,0,3,25.835972229193032,1
40,53.7,169.2,4.5,9.5,145.7,0,1,3,18.757440101939878,1
25,62.0,193.0,3.5,6.5,99.1,0,1,1,16.64474214072861,0
64,72.2,159.7,4.5,7.9,107.0,1,1,3,28.309184918967905,1
54,84.0,173.2,7.5,5.0,40.5,0,0,0,28.0016427630421,1
20,78.4,183.1,9.0,6.6,135.0,1,0,0,23.385107683350135,1
68,63.7,175.1,0.5,7.8,103.5,1,0,2,20.776248931425663,1
50,45.4,191.8,5.2,6.3,131.0,0,1,3,12.341235711078077,0
45,77.3,167.0,0.3,6.1,143.9,0,0,3,27.71702104772491,0
64,63.6,170.9,4.7,4.0,27.6,1,0,3,21.775743396831082,1
25,92.7,154.0,8.9,8.8,23.5,0,0,3,39.0875358407826,0
51,46.6,177.4,3.6,9.3,122.5,1,1,1,14.807395817577968,1
52,83.0,163.0,9.3,9.8,131.3,1,0,1,31.239414355075468,1
49,106.2,157.2,6.3,8.3,91.7,0,0,0,42.975351086766516,1
41,56.3,174.5,9.3,7.3,61.2,0,0,3,18.489174965722775,0
31,75.7,174.0,7.6,5.6,101.4,0,0,2,25.003302946228036,1
49,50.9,153.4,1.0,10.0,52.8,0,1,0,21.63052513305535,1
63,85.7,181.4,2.3,7.5,43.4,1,0,0,26.04391423316627,1
60,80.8,178.1,3.9,8.1,78.3,0,0,1,25.473200963063547,1
33,71.5,158.5,1.7,8.1,40.3,0,0,0,28.46082655813074,1
21,78.9,171.1,4.9,9.1,77.7,0,1,2,26.951130324940458,1
69,103.3,182.4,4.7,4.1,143.9,1,1,3,31.04921706678978,0
54,57.8,173.8,9.6,5.3,127.6,0,0,0,19.134992405592975,1
38,46.5,167.8,4.3,8.0,141.8,0,1,2,16.51463729594656,1
31,101.0,164.5,7.9,9.4,122.9,0,0,1,37.324119326318126,0
48,82.5,177.5,9.4,8.1,59.7,0,1,1,26.185280698274155,0
65,102.9,192.3,8.8,6.5,123.7,0,1,3,27.826386066363092,1
35,83.8,180.2,2.1,6.2,139.2,1,0,0,25.806817187956163,1
24,97.7,153.4,5.0,8.4,142.6,1,1,2,41.51870934183709,1
27,72.9,170.7,3.5,8.4,105.6,1,1,1,25.018454971414105,1
24,93.7,190.1,4.0,7.6,39.6,0,0,2,25.92837845802799,1
50,104.3,154.3,3.6,5.7,15.6,0,0,1,43.80790213911087,1
40,82.2,194.5,8.3,9.6,30.6,1,1,1,21.728643083246872,0
38,56.8,192.7,4.5,7.3,145.2,0,1,3,15.296247652712703,1
36,62.5,153.5,5.2,8.7,74.7,1,1,2,26.525480376449618,1
65,57.9,192.0,9.8,5.3,129.7,0,1,2,15.706380208333334,1
36,61.0,166.3,0.6,6.1,75.1,1,0,2,22.056943797099258,0
53,64.9,188.0,4.9,9.2,102.5,1,1,1,18.3623811679493,1
46,81.1,168.8,7.7,4.3,13.4,0,0,3,28.46269176343747,0
35,83.2,169.8,1.5,7.1,45.0,0,0,2,28.85678571478119,0
19,72.7,178.5,6.1,6.9,71.1,0,0,0,22.816969925224996,0
18,85.0,184.9,2.4,8.5,98.3,0,1,2,24.862517590231196,0
64,50.3,151.5,8.7,5.7,34.0,0,1,1,21.915062793408055,1
22,50.7,176.7,3.3,5.3,117.0,1,0,3,16.23808686511723,0
37,56.2,158.4,3.3,9.6,61.0,0,0,2,22.39886236098357,0
28,78.7,165.6,6.0,7.4,124.4,1,0,2,28.698160983920282,0
59,58.9,165.7,1.8,4.6,23.7,0,0,2,21.452122977117618,0
19,63.4,171.1,2.8,5.2,105.2,1,0,0,21.656548321942015,0
20,71.0,165.0,4.2,10.0,51.1,1,1,1,26.07897153351699,1
40,97.8,154.8,3.5,5.2,121.4,1,1,0,40.81285179175931,1
29,45.9,156.6,5.2,7.7,66.3,0,1,0,18.716695292200647,1
37,87.2,151.5,6.0,6.5,103.1,1,1,1,37.99191800368156,1
22,88.5,171.2,5.7,9.3,140.8,0,0,1,30.195049786007512,0
54,96.9,193.0,6.5,8.5,12.9,1,0,2,26.01412118446133,1
55,105.6,155.2,3.1,7.6,11.6,0,1,1,43.84100329471784,1
47,46.3,192.6,1.3,4.1,117.8,1,0,2,12.481547258965957,0
26,55.0,183.0,7.6,9.3,100.5,0,0,0,16.423303174176592,0
51,102.6,178.7,8.5,6.7,51.0,0,0,2,32.12907747272551,0
61,74.8,179.0,2.6,9.6,79.2,1,1,1,23.34508910458475,0
52,81.7,187.2,4.1,7.0,15.9,1,1,2,23.313655124552565,1
69,88.1,154.8,5.0,8.2,36.9,0,1,0,36.7649513584253,0
39,89.1,172.7,5.3,4.4,69.4,1,1,1,29.87397607869027,1
61,105.6,181.4,6.6,8.5,126.8,0,1,1,32.091450910412576,0
41,109.8,176.4,0.4,6.0,77.2,0,1,3,35.28622333287056,1
34,91.8,187.5,7.2,6.1,92.1,1,0,2,26.112,0
27,63.7,153.3,0.6,4.7,132.3,0,1,2,27.10535643543712,1
47,102.2,181.1,4.7,4.9,53.2,1,0,2,31.161187186349085,1
63,48.2,174.0,8.3,5.1,108.1,0,1,0,15.920200819130665,0
40,60.0,167.1,4.5,6.0,130.6,0,1,0,21.488116534353587,0
49,103.3,165.3,1.5,9.4,38.4,0,0,1,37.80546762948006,0
34,61.7,177.9,9.9,6.2,59.9,0,1,1,19.495450166374866,1
67,59.3,190.1,8.9,8.3,147.2,1,0,0,16.40931528880533,1
68,54.0,172.3,7.7,4.5,147.7,0,1,2,18.189602351713475,1
34,100.8,187.1,4.1,7.5,41.3,1,0,2,28.79472645152702,1
31,77.5,168.1,1.8,6.9,19.3,0,1,0,27.426240223430078,1
26,88.9,154.6,9.4,9.9,47.9,0,0,2,37.194847446734805,0
57,60.5,152.8,5.3,9.1,65.7,1,1,0,25.912461281214878,1
19,94.3,152.3,8.5,6.7,71.7,0,0,2,40.654805350569006,0
62,94.4,167.1,3.4,8.7,96.6,0,1,2,33.807970014049644,1
42,65.3,165.2,3.4,5.2,135.9,1,1,3,23.927266971137783,1
56,71.7,182.3,9.9,7.4,56.2,0,1,1,21.574752304090264,1
26,58.6,183.4,5.2,4.4,129.0,0,1,2,17.422037867066877,0
39,108.5,152.3,1.4,6.1,23.1,0,1,2,46.776737863592125,0
60,87.0,160.0,2.2,5.4,15.9,1,1,0,33.98437499999999,1
63,105.7,162.3,4.8,8.3,80.6,1,0,3,40.127116022032325,1
21,64.7,174.6,0.4,6.9,18.4,1,0,3,21.2234411759689,1
43,95.8,156.5,4.6,8.5,64.9,1,0,0,39.114413743122824,0
46,94.8,156.0,4.2,7.1,135.5,1,0,0,38.954635108481256,1
62,90.0,192.5,7.8,4.5,43.8,1,0,0,24.28740091077753,1
51,107.8,186.2,3.5,8.4,108.8,1,0,2,31.092769517779413,1
40,70.6,158.1,9.8,9.0,52.3,1,1,0,28.244959814943503,1
54,53.5,168.3,1.8,9.4,16.3,0,1,1,18.887981559681254,1
28,88.7,166.0,5.9,7.4,87.9,1,1,0,32.18899695166207,1
23,92.4,185.6,0.9,8.5,126.9,0,0,2,26.82353596908443,1
35,82.4,173.0,7.3,8.5,67.3,0,1,1,27.531825319923822,1
38,58.4,155.8,9.9,4.9,96.4,0,0,2,24.059020402378874,1
59,77.8,183.3,8.2,5.0,136.0,0,0,1,23.155526864131517,1
53,65.3,167.9,5.6,4.4,120.6,0,0,1,23.163905739575974,1
58,72.8,161.8,4.8,5.9,37.1,1,1,1,27.808293900052096,1
55,86.9,166.9,8.4,6.8,112.7,1,1,2,31.196588407146713,1
51,93.4,172.4,9.4,10.0,80.3,0,0,1,31.42478776492375,0
34,60.1,165.4,9.9,6.6,114.4,1,1,3,21.96865464105192,1
54,71.3,160.9,4.0,8.4,79.2,1,1,3,27.540856454970314,0
42,62.5,167.9,9.9,8.2,27.9,1,0,2,22.170660164218965,0
55,57.9,150.9,1.6,5.2,89.8,1,1,3,25.427290465293062,1
29,95.9,184.8,2.5,4.4,78.9,1,1,1,28.08113603568149,1
40,104.1,157.7,0.9,7.3,82.5,0,0,0,41.85885483662782,0
59,69.1,152.0,2.7,8.2,133.0,0,0,0,29.908240997229914,0
39,93.8,179.4,7.7,10.0,135.3,0,1,1,29.144590726675936,1
38,103.3,184.8,8.5,6.2,73.5,0,1,3,30.247980734993718,1
44,100.0,186.6,7.8,9.4,73.8,0,1,1,28.719489849957903,0
48,56.9,172.2,6.3,6.3,82.1,1,0,0,19.188718517349432,1
23,107.2,159.2,5.1,8.1,82.7,1,0,0,42.29691169414915,0
44,69.5,183.2,7.1,7.6,143.1,0,0,2,20.707795427242047,1
57,67.1,181.5,3.9,4.3,100.9,0,1,0,20.368979046664997,0
51,49.1,161.1,8.4,4.5,48.8,1,1,2,18.91866169926572,1
29,76.6,190.7,6.8,4.1,84.4,1,0,3,21.06334705383995,1
62,52.1,154.7,7.0,6.2,97.8,0,0,1,21.769933173408592,0
24,61.2,194.2,5.4,8.5,99.6,0,0,2,16.22755056260812,1
27,65.6,188.7,8.9,5.0,91.9,1,1,1,18.42298672000346,1
62,97.6,181.0,2.5,7.6,34.9,1,1,2,29.79152040536003,0
34,101.9,192.2,3.8,5.7,14.7,0,1,3,27.584646153146494,1
43,64.7,182.5,7.8,8.8,57.3,1,1,3,19.425783449052357,1
38,100.8,158.6,4.9,8.8,69.9,1,0,2,40.07321312429534,1
45,100.7,169.9,8.9,8.7,18.7,0,1,2,34.885320139499704,0
63,94.7,153.2,3.5,7.1,124.1,1,1,3,40.34896958872173,1
19,54.5,167.5,3.7,5.7,58.2,0,0,1,19.42526175094676,0
60,89.9,183.4,8.9,8.9,137.9,1,0,3,26.727665601524098,1
18,106.4,167.4,4.6,5.1,31.6,0,0,1,37.96913651617471,1
68,89.4,164.9,5.2,5.7,18.0,1,1,2,32.87730476709887,1
53,66.6,176.8,3.3,5.1,77.5,1,0,1,21.30638193321185,0
68,77.5,189.2,2.8,8.0,36.5,0,1,2,21.650076655239154,0
43,87.0,152.1,6.6,8.1,141.2,0,0,1,37.60631889899073,0
46,78.2,167.3,1.2,7.9,11.4,1,1,2,27.939258194830952,0
38,52.8,157.1,8.8,6.5,67.8,0,1,0,21.393485764620603,1
28,65.3,181.3,7.8,4.6,139.7,0,0,0,19.86632669793965,1
57,97.2,154.8,1.9,9.5,63.8,1,0,3,40.56246619794483,1
28,101.0,179.9,6.9,7.0,23.0,1,1,3,31.207504879648713,1
53,53.9,162.9,6.0,6.4,52.4,1,0,2,20.31171511142615,1
66,106.9,159.0,1.8,7.5,79.7,0,1,1,42.284719750009884,0
56,66.4,192.1,2.7,5.2,35.9,1,0,2,17.993404766788945,1
57,88.1,150.8,4.1,4.8,75.3,1,1,0,38.74121396759281,1
52,93.9,169.7,7.0,6.4,127.1,0,1,0,32.60632910029798,1
51,97.8,151.0,6.4,5.4,132.2,0,0,2,42.8928555765098,0
64,106.5,171.8,5.3,5.5,16.9,0,1,0,36.08305404258952,1
41,65.3,172.5,7.7,9.4,32.5,1,1,3,21.944969544213397,0
39,100.8,164.5,7.6,7.2,48.5,0,1,2,37.2502101791373,1
22,53.6,155.9,6.2,6.9,93.3,1,1,3,22.05324789619832,0
50,90.8,166.9,7.9,8.1,60.5,1,0,3,32.59666544728333,1
53,93.2,180.3,3.3,9.7,128.2,1,1,3,28.669786505451405,0
64,89.1,185.2,8.8,4.7,110.3,1,1,0,25.97740344919275,1
37,61.4,173.9,6.1,9.0,24.1,0,0,1,20.303420398853085,0
36,101.7,176.5,8.2,7.5,97.4,0,0,1,32.64611705414537,0
52,56.0,159.0,5.5,4.9,25.8,0,1,1,22.151022507021082,1
69,48.5,162.9,2.2,5.8,45.7,0,1,3,18.27677519302724,1
60,91.6,157.3,5.4,6.9,34.9,1,1,2,37.020137580734,1
34,75.9,161.2,3.7,8.1,34.2,0,0,3,29.208664544452592,0
62,100.2,160.1,7.0,5.5,96.3,1,1,3,39.0917450484765,1
60,69.9,173.4,4.8,7.2,88.9,0,1,2,23.24764630053121,1
51,55.9,175.3,8.4,8.1,34.6,0,0,1,18.190639858197613,0
26,99.4,192.5,6.8,6.7,148.6,1,1,1,26.824085005903186,0
43,80.7,158.8,6.8,9.2,69.1,1,0,1,32.001662341617546,1
19,57.3,178.9,2.2,9.2,23.6,1,1,3,17.90333511325187,1
26,91.8,186.8,9.8,6.8,26.9,0,0,3,26.308066890122834,1
26,78.2,175.2,8.4,9.8,91.7,1,1,0,25.476428765038268,1
57,84.3,161.5,7.9,4.5,147.1,0,1,1,32.320831216632,1
34,75.0,161.8,3.3,4.0,90.1,1,0,3,28.64865442999873,0
18,98.9,151.8,5.4,6.3,142.9,0,0,0,42.91931169401525,1
42,98.9,163.7,1.4,7.6,72.2,1,1,3,36.90616616581505,1
60,91.1,183.5,5.4,7.8,71.0,1,0,3,27.054919109949587,1
57,51.9,152.1,1.5,6.9,80.0,1,0,1,22.43411437767378,0
59,99.5,159.9,5.5,4.7,107.6,1,0,2,38.91581706984626,1
42,88.6,181.8,6.5,5.0,61.5,0,1,3,26.806861104152215,0
56,90.3,185.2,3.9,9.1,130.9,0,1,3,26.327267468710495,1
52,68.6,170.5,5.0,9.2,14.1,0,0,3,23.59800827306266,1
20,102.2,181.4,8.8,8.0,71.6,0,0,1,31.058203437918234,0
67,92.1,167.5,1.1,8.0,81.5,1,0,3,32.82691022499443,1
54,52.3,157.2,7.9,7.6,95.0,1,1,0,21.16394408510253,0
61,71.5,167.9,1.7,5.2,48.7,0,0,1,25.363235227866493,0
61,102.6,176.1,0.4,6.6,69.8,0,0,0,33.08481029924341,1
68,48.1,192.7,1.9,8.2,77.8,0,1,1,12.953336480554244,0
47,107.5,153.1,7.7,7.2,106.2,0,0,3,45.86253781526229,1
55,89.1,172.8,4.1,4.1,118.3,0,1,3,29.839409722222214,0
51,86.0,164.8,8.7,9.7,113.3,1,1,0,31.665331322462055,1
29,62.6,172.9,5.2,9.1,57.8,1,0,0,20.94036978819786,1
36,61.2,151.1,0.2,5.6,149.9,0,1,1,26.80541241572392,1
54,106.2,164.1,7.2,7.7,128.8,0,1,1,39.437316390883964,0
61,64.4,186.9,1.1,9.5,46.4,1,1,2,18.436023990878176,1
66,95.4,174.9,7.9,4.6,37.3,0,1,2,31.18665211289568,1
34,70.6,170.3,1.7,7.0,54.0,0,0,2,24.34307320610342,1
27,54.1,162.8,3.5,6.7,73.3,1,1,3,20.4121365055026,0
66,45.7,163.4,7.6,6.5,129.1,1,0,0,17.11638693671356,1
64,80.4,167.2,9.5,9.0,119.0,1,1,0,28.759643781048972,1
29,108.4,187.6,3.7,6.3,129.2,0,1,2,30.800914707607266,1
33,69.0,193.5,8.3,4.4,48.1,0,0,2,18.428379704745307,1
41,68.2,169.7,1.9,4.4,93.1,1,1,1,23.682126141004495,1
36,67.4,167.7,8.1,4.3,49.7,0,0,2,23.965901571259987,1
25,78.8,188.1,6.6,6.5,25.3,0,1,0,22.27145683873628,1
48,73.6,169.2,1.9,8.3,105.8,0,1,1,25.708521257034914,1
38,102.2,174.8,3.0,5.2,30.0,0,0,2,33.44783708350569,1
34,77.9,160.4,1.3,7.9,103.5,0,1,3,30.278107723210674,1
40,78.0,183.5,3.8,8.1,100.7,1,1,2,23.164475198420064,0
54,54.0,173.9,2.0,5.5,123.4,0,0,3,17.85642836381216,1
33,108.9,186.4,6.4,7.6,29.5,1,1,2,31.342675311757446,1
23,61.2,185.1,9.9,8.1,119.7,1,1,1,17.862349581942215,1
25,49.8,159.7,0.1,6.8,149.9,0,1,3,19.526279902556805,1
42,88.1,182.2,5.4,6.0,129.1,1,1,3,26.53867054816061,0
35,83.7,186.0,5.7,7.7,115.3,1,1,1,24.193548387096772,1
42,72.0,165.6,9.1,9.9,102.7,0,0,3,26.254988447805083,1
29,72.4,157.8,5.1,6.6,69.0,1,0,1,29.07532436656755,0
32,96.0,150.1,5.4,6.4,112.3,0,1,2,42.60983461614087,1
43,57.7,170.3,4.7,6.8,111.4,0,1,1,19.895117903571776,0
58,98.3,165.9,2.7,4.5,98.4,1,1,1,35.71582988800925,1
62,87.2,175.0,0.6,7.3,121.5,0,0,1,28.473469387755102,1
43,72.2,158.5,4.1,6.0,72.8,1,1,1,28.739464020937618,0
64,74.8,188.7,0.5,4.7,27.0,1,1,0,21.00669827219907,0
49,61.7,161.6,5.5,6.8,88.3,0,1,3,23.626666503283996,1
27,93.9,160.2,3.1,4.0,47.1,0,1,2,36.588159931172186,0
33,78.3,171.6,5.3,6.4,63.8,0,0,1,26.590542324808062,1
24,65.9,172.4,1.3,4.6,12.4,0,1,0,22.172307427285602,0
34,83.7,159.7,9.3,4.1,63.6,0,1,0,32.818265619357526,1
40,109.7,162.2,8.9,8.9,123.2,0,1,2,41.69701134675646,1
43,73.3,157.6,1.9,9.5,86.0,0,1,3,29.511517946868,1
38,104.8,182.3,3.4,5.2,11.4,0,1,2,31.534644929827884,1
39,67.4,184.7,6.1,7.2,75.8,0,1,1,19.757232275578804,1
24,48.6,170.8,1.0,5.7,50.8,0,1,3,16.659445288462063,1
31,58.3,182.1,3.5,7.0,76.9,1,0,3,17.581206022482835,0
32,72.2,183.1,2.5,6.6,66.7,1,1,2,21.53577518798316,0
24,59.3,156.2,9.2,5.6,140.5,0,0,2,24.30483260405174,1
26,45.0,193.5,8.5,8.2,15.8,0,0,3,12.018508503094765,0
68,104.5,186.9,5.8,4.8,105.7,0,1,2,29.91559793550884,1
65,99.9,159.2,5.2,4.3,129.1,0,1,3,39.41661826721548,0
25,93.2,158.4,9.3,8.6,144.3,0,1,2,37.14544434241404,1
67,55.9,155.7,9.3,8.0,34.9,1,0,3,23.058687453310284,0
40,52.8,156.2,9.7,7.0,84.4,0,0,1,21.640727849813352,0
46,49.4,183.7,1.3,6.8,16.1,0,0,0,14.638906479612656,1
35,92.1,171.1,1.6,7.0,79.9,1,1,2,31.460064675881064,1
48,105.4,185.2,6.8,6.6,27.6,0,1,3,30.729723047642153,0
47,73.0,183.6,5.4,6.4,127.3,0,0,0,21.655963280979304,0
69,52.7,177.2,0.2,7.0,25.9,1,0,0,16.78352501159242,1
56,78.3,180.9,0.6,7.2,81.9,0,1,0,23.926800491736998,1
52,67.7,150.8,8.9,8.2,83.0,0,0,2,29.770490188490736,0
35,69.4,164.0,8.7,8.3,146.0,1,0,2,25.803093396787634,0
59,85.4,178.7,3.6,6.3,101.7,0,0,1,26.742916336946973,1
56,91.7,150.4,8.9,6.5,50.3,1,0,2,40.539058963331826,0
34,52.2,151.5,5.9,6.2,43.7,0,0,2,22.742868346240567,1
31,47.3,188.3,8.1,7.2,28.0,1,0,2,13.340143481281071,0
48,109.6,180.8,4.3,6.7,115.9,1,0,0,33.52846738194064,0
41,60.1,161.9,1.1,9.3,106.7,0,1,1,22.928770876722187,1
52,48.5,181.0,4.3,8.2,95.4,1,0,0,14.804187906352064,1
61,57.3,185.7,4.6,9.4,15.7,1,1,1,16.616165702320085,1
62,47.5,163.8,5.5,8.3,116.8,0,1,2,17.70377228252686,1
51,70.5,151.6,1.1,9.8,99.9,1,0,3,30.675433894222405,0
20,97.2,192.0,9.9,7.8,144.9,1,1,2,26.3671875,0
54,67.2,165.5,2.4,9.8,92.2,0,0,0,24.53427770830861,1
60,73.9,154.8,2.0,4.9,52.6,1,1,0,30.83915897148275,0
57,88.9,172.1,5.3,4.3,63.4,0,1,0,30.015115598710402,1
43,78.1,184.6,5.4,7.5,34.6,1,0,1,22.918576548045674,0
40,101.0,160.0,4.4,9.9,111.2,1,1,0,39.45312499999999,0
61,101.3,162.1,7.7,6.5,109.1,1,0,3,38.551689519230365,0
56,45.6,160.9,5.2,5.3,38.1,1,1,3,17.61378757849434,1
32,95.6,194.6,6.1,7.1,32.2,0,0,2,25.24481662651086,0
66,74.9,158.9,7.2,7.9,20.8,1,0,1,29.664294447232212,1
21,109.3,175.9,0.3,5.9,137.7,0,1,1,35.32551345617648,1
46,76.4,191.6,5.7,8.3,42.6,0,0,2,20.811450438239028,1
39,109.1,156.6,8.8,9.9,58.2,1,0,0,44.487831293662104,0
42,94.0,193.7,0.2,9.4,49.3,0,1,0,25.053511902683635,1
30,61.2,192.6,4.1,5.7,67.9,1,0,2,16.49828708960511,1
35,80.0,189.8,9.3,6.0,110.0,0,1,2,22.207392618928914,1
50,109.5,159.7,3.5,6.2,131.9,1,1,2,42.934290147188165,1
33,100.7,178.5,4.6,6.4,35.6,0,1,2,31.604798782258005,0
62,51.3,184.2,9.8,4.6,106.1,0,0,1,15.119523814576283,1
59,90.9,194.4,2.0,8.6,59.4,1,1,1,24.053116902911142,1
61,67.5,158.1,0.7,6.2,147.3,1,0,0,27.004742032700943,1
19,45.5,184.5,8.6,9.3,51.8,0,1,1,13.366529329249932,1
52,71.2,165.2,8.7,9.6,11.0,0,1,1,26.08914867297106,1
59,60.3,157.9,4.7,4.1,82.2,0,1,1,24.185387613953083,0
51,98.2,169.0,5.1,9.9,31.1,0,0,2,34.38254963061518,0
47,66.9,185.7,8.4,8.3,16.2,0,1,1,19.400025924698323,1
30,98.8,170.9,7.4,7.1,107.8,0,0,0,33.82772716363067,1
30,45.0,174.2,2.7,6.3,112.5,1,0,1,14.829148437798642,0
35,65.0,194.8,0.2,7.1,74.5,1,0,2,17.12913576394891,1
49,60.7,168.0,4.8,5.9,104.8,1,0,1,21.506519274376423,1
49,60.2,177.7,8.6,7.7,85.4,0,0,3,19.064333893123827,0
52,49.4,166.4,9.0,4.6,98.2,0,1,0,17.84104567307692,0
56,57.2,167.7,9.6,7.7,93.5,1,0,1,20.33901438985269,0
63,81.1,181.3,8.8,5.7,103.2,1,1,0,24.673186756552916,1
69,63.9,192.2,5.8,4.1,37.9,1,1,2,17.297928255015318,1
46,72.1,174.4,4.4,7.3,47.6,1,0,0,23.705127935358977,0
66,69.5,184.6,7.7,7.5,71.6,1,1,3,20.394892062601464,0
46,101.9,154.0,7.4,6.6,72.5,1,1,3,42.96677348625401,0
61,103.8,159.5,5.4,4.4,118.4,1,0,0,40.80148583445524,1
33,77.0,172.6,0.9,9.4,61.4,1,0,2,25.84694046073346,0
61,66.5,150.9,9.3,7.7,32.8,0,1,0,29.204055543039527,1
64,51.9,161.4,4.6,4.7,45.2,1,0,1,19.923255160468575,1
27,107.0,173.3,3.6,7.1,40.1,1,0,1,35.62760693359846,1
47,48.9,150.7,6.3,7.0,112.4,1,1,0,21.531900016248002,1
42,64.3,161.9,6.7,4.4,75.8,0,0,1,24.531114265777646,1
56,64.4,173.1,2.1,7.6,109.2,1,0,1,21.492737357080813,0
37,65.8,175.8,8.4,8.8,68.3,0,0,2,21.29061232836466,0
22,55.7,191.7,2.9,8.5,134.6,0,0,0,15.156920385894653,0
18,95.9,179.0,1.9,5.2,147.7,0,0,1,29.930401672856654,1
47,53.0,168.7,4.1,9.2,103.8,0,0,0,18.62283109900354,0
66,86.3,191.9,7.3,6.1,130.9,0,1,0,23.434778134021403,1
20,53.0,185.3,9.7,9.7,81.1,1,0,1,15.435653855753522,0
62,49.6,159.0,8.1,4.4,140.8,1,1,2,19.619477077647243,1
31,104.1,155.9,9.4,6.9,126.4,0,1,2,42.83102809690756,1
47,57.4,180.4,1.4,7.6,148.8,0,1,3,17.637573069945574,1
67,98.4,175.2,0.7,5.5,97.2,0,1,0,32.05729655344969,1
21,80.4,185.5,5.6,8.6,119.1,0,0,3,23.365131029271804,1
35,50.1,183.2,2.9,7.8,86.0,0,1,2,14.92748994107664,1
54,107.1,178.1,8.3,4.1,46.3,1,0,1,33.76460177158547,1
42,61.1,194.4,6.7,7.7,59.7,0,1,1,16.16771664211079,0
65,100.9,174.0,9.7,6.9,135.2,0,1,2,33.326727440877264,1
18,56.0,155.1,2.5,5.2,17.8,0,0,2,23.279005953190076,0
63,100.5,187.3,4.9,10.0,92.8,1,0,0,28.647749270337545,1
32,45.9,161.3,5.0,9.4,62.1,1,1,3,17.641842915339517,1
26,78.3,185.0,2.4,5.8,64.1,1,0,3,22.878013148283415,0
32,95.0,193.1,5.9,7.2,133.8,0,1,2,25.47763184607434,1
66,105.8,181.4,4.4,5.9,129.5,0,0,0,32.15223017350048,1
41,104.1,176.8,4.5,8.7,93.8,1,0,1,33.30321860731762,0
21,98.3,170.7,3.6,9.6,48.2,1,1,2,33.73544751289446,1
29,102.7,166.4,0.2,6.2,76.6,1,0,3,37.090594951923066,1
54,57.9,165.9,5.2,8.8,67.2,0,1,0,21.037096139529357,0
54,63.5,178.6,3.4,7.0,59.5,0,0,0,19.90722917703828,0
60,63.8,183.8,0.0,6.4,24.4,1,1,0,18.885551191684197,0
23,69.5,180.5,3.1,9.6,86.0,1,1,3,21.33194189731509,1
56,70.6,158.9,2.8,7.1,52.3,0,1,0,27.961270867484565,0
63,80.4,172.2,3.9,6.8,102.5,1,0,1,27.113760435762646,1
41,55.4,185.6,1.3,8.0,54.7,0,1,3,16.08250966111772,0
28,89.9,171.4,5.1,5.6,70.4,1,1,2,30.601171762777266,0
30,55.9,174.1,6.9,5.9,17.3,0,0,0,18.44226531722511,0
51,65.2,184.7,6.3,9.6,149.0,0,1,3,19.112337453527267,1
42,77.7,179.8,8.0,8.1,81.1,1,1,2,24.034862614621858,0
24,96.8,168.4,4.5,9.0,13.4,0,1,2,34.13431429522514,0
69,93.1,190.3,5.2,5.6,85.8,0,0,1,25.708225720983187,1
21,87.0,157.3,8.1,7.3,131.8,1,0,2,35.161047702225524,0
25,55.1,194.8,4.3,9.8,118.2,0,1,1,14.520236624516693,1
37,80.6,155.3,7.0,5.9,108.1,1,0,3,33.418898428523974,1
46,50.7,150.7,4.3,5.0,29.5,0,1,1,22.324485292919707,1
68,69.5,190.1,4.2,7.1,102.1,1,0,3,19.231828205260886,1
62,71.9,161.0,7.6,6.3,117.3,0,1,3,27.738127387060683,1
63,47.6,182.8,1.7,5.0,90.1,0,1,0,14.244741416047,0
27,62.8,186.5,3.4,9.3,135.0,1,1,1,18.055186194107627,1
60,107.1,188.7,2.2,9.9,48.8,1,0,3,30.077772526103214,1
51,107.0,194.6,3.6,7.4,43.9,0,1,0,28.255181789086425,0
43,67.9,163.2,2.3,8.6,131.7,1,1,1,25.493500096116886,1
58,47.8,182.0,5.8,9.2,97.6,1,0,1,14.430624320734209,0
66,56.6,155.2,8.0,8.2,10.2,0,0,2,23.498113508343085,0
20,70.5,168.3,7.9,4.3,59.4,1,1,0,24.889770092664083,1
23,106.6,188.2,3.6,4.9,130.1,0,0,2,30.096636743193816,0
22,54.2,166.5,9.9,4.4,13.8,1,1,3,19.551082614145677,0
22,94.6,176.6,5.9,4.1,10.5,0,0,1,30.332606975345296,0
64,52.1,172.7,4.0,5.8,49.4,1,0,3,17.468396786753797,1
40,108.8,179.1,8.4,6.4,138.0,0,1,0,33.91858479692962,1
66,69.8,193.8,7.3,5.4,136.2,0,1,1,18.584371448867415,1
26,95.4,152.5,7.5,4.4,82.6,1,1,3,41.02123085192154,0
52,67.3,175.8,2.0,7.2,87.5,1,0,1,21.775960633722516,0
37,85.8,188.8,4.7,5.6,56.5,0,1,2,24.070400028727374,0
66,57.5,171.7,8.6,8.8,44.1,1,0,0,19.504160152559848,1
59,54.5,153.5,5.0,4.0,124.1,0,1,0,23.130218888264068,1
52,106.0,175.2,6.8,9.1,24.9,0,1,0,34.53326661245596,1
67,104.6,164.9,5.9,9.7,78.2,1,1,1,38.46718208767943,1
35,102.7,157.0,8.4,8.3,98.8,1,0,3,41.66497626678567,0
34,85.7,188.2,2.8,8.4,24.5,1,1,3,24.19588901399353,1
41,97.5,173.5,5.8,9.6,82.7,0,0,0,32.389605428165666,1
20,49.5,192.0,1.2,5.3,90.9,1,1,1,13.427734375,0
49,66.8,186.3,6.9,10.0,113.9,1,1,1,19.246455180393735,1
52,65.4,181.2,7.3,8.6,42.9,1,0,1,19.918717015335588,0
55,86.3,150.2,0.4,8.4,51.1,0,0,3,38.2534782739747,1
30,68.1,169.3,6.8,6.2,89.7,1,0,0,23.759275624692755,0
64,54.7,158.9,4.1,7.3,147.6,1,1,3,21.66404414237119,1
42,83.8,191.0,1.2,7.9,40.4,0,1,2,22.97086154436556,1
26,97.9,157.9,4.2,7.7,148.0,1,0,1,39.266159990149376,1
21,69.8,162.9,1.9,8.2,110.0,0,1,2,26.30348264893405,0
31,53.6,173.3,4.2,4.5,125.7,1,0,0,17.847100295709136,1
54,57.8,161.9,3.8,6.1,22.5,0,0,0,22.051297116048957,0
51,60.4,159.4,7.4,6.6,52.1,0,1,3,23.771703486568985,0
28,64.5,177.0,7.7,5.6,18.1,0,0,0,20.5879536531648,1
58,86.8,154.0,6.1,5.0,62.0,1,1,0,36.599763872491145,0
20,84.1,152.6,0.2,4.8,147.4,1,0,3,36.11494256822331,1
45,90.2,166.8,9.3,6.2,24.7,0,1,3,32.42010707980378,1
46,68.6,182.4,6.9,7.0,88.7,1,0,3,20.61932517697753,1
26,98.6,175.0,0.3,4.4,10.8,1,1,3,32.195918367346934,1
20,58.3,169.0,8.2,9.7,109.8,1,0,0,20.412450544448724,1
42,75.5,175.5,2.0,8.6,37.6,0,1,2,24.51278804555158,1
51,97.1,166.4,5.8,8.4,28.1,1,1,3,35.06812823594674,1
29,56.7,192.1,4.7,5.0,57.2,0,1,0,15.36485015477309,0
59,52.1,152.5,4.2,7.6,117.9,0,0,0,22.40257995162591,1
26,102.4,180.3,8.9,7.2,24.9,1,1,0,31.499851267792103,1
32,67.3,190.1,4.4,9.9,42.2,1,0,0,18.623050909554788,1
57,89.5,186.2,0.8,8.5,11.2,0,0,0,25.814497883499605,0
42,46.6,158.3,9.5,7.5,145.6,1,0,3,18.59619480352082,1
22,89.9,163.3,9.2,9.1,92.9,1,1,3,33.7122176601771,1
28,65.5,182.3,6.8,4.9,110.8,0,0,1,19.70915308114243,1
51,48.6,153.8,4.7,4.1,101.2,1,0,1,20.54582564626345,0
41,84.6,186.5,0.9,8.1,30.2,0,1,3,24.322750828367916,1
32,60.7,182.4,7.9,4.6,93.3,0,1,3,18.24479647583872,1
55,70.1,182.8,0.8,4.7,28.4,1,1,3,20.978075068590222,0
25,50.2,154.5,0.7,8.5,66.2,0,1,2,21.030362061561988,1
22,54.6,182.3,5.4,5.6,89.7,1,0,3,16.42930928595995,1
65,64.4,180.6,1.6,7.8,88.2,1,0,0,19.744692540798546,0
43,50.8,187.4,0.1,9.5,26.7,1,0,2,14.465203213325298,1
35,104.2,151.9,4.2,5.9,14.8,0,0,2,45.15981677769538,1
23,45.4,151.0,1.4,5.3,121.8,0,0,0,19.911407394412524,1
54,76.5,166.8,1.6,4.6,111.6,0,1,0,27.49598882045442,1
65,53.0,156.7,0.8,4.8,21.5,1,0,1,21.584295429545804,1
30,65.0,175.1,2.1,4.4,27.8,1,1,0,21.20025401165884,1
45,105.2,191.3,7.2,4.5,135.0,0,1,3,28.746554580607715,1
22,55.5,167.6,8.1,6.6,117.7,1,0,3,19.758089780759963,1
30,107.8,188.0,4.5,5.9,149.5,1,0,1,30.50022634676324,0
34,58.4,150.0,5.1,8.2,45.6,0,0,2,25.955555555555556,0
67,93.2,157.6,0.3,9.2,78.3,0,1,2,37.52351258728647,1
57,80.5,151.4,0.7,8.7,43.1,0,1,1,35.11916083964896,1
62,102.5,164.8,2.6,7.2,97.2,1,1,3,37.740656518050706,1
49,81.0,190.9,5.4,4.6,26.2,1,0,1,22.22660656519077,1
46,79.7,154.4,7.4,8.3,27.8,1,1,3,33.4321055598808,0
68,57.7,177.3,6.1,6.2,20.1,0,1,3,18.355167074965745,0
20,55.8,170.3,3.9,4.5,107.1,0,1,0,19.23999270397409,1
57,104.6,192.2,1.2,9.1,79.2,0,1,1,28.31554453011897,1
51,66.3,155.5,7.8,6.0,96.5,0,0,1,27.419071349551807,0
57,69.2,159.5,3.6,5.3,133.1,1,1,3,27.2009905563035,0
44,94.4,151.3,7.4,9.2,113.6,0,0,3,41.237671836373806,1
30,67.0,169.5,5.1,9.4,74.6,1,0,0,23.320367904908586,1
62,106.9,162.5,7.4,6.0,147.8,0,0,3,40.48284023668639,1
50,93.0,189.1,9.1,6.1,73.9,1,0,3,26.007576874062643,0
23,83.8,177.2,9.2,7.5,25.7,0,1,2,26.688034079154548,1
41,102.3,177.6,5.4,8.4,149.0,1,0,1,32.433193328463595,0
36,48.2,173.9,5.1,4.4,13.2,1,0,0,15.938515687699002,1
33,61.7,154.1,2.7,7.6,87.0,0,1,0,25.982437219988707,0
57,75.2,170.0,9.4,9.7,53.3,1,1,3,26.020761245674745,1
45,59.8,195.0,4.6,5.6,80.5,0,1,1,15.726495726495727,1
50,93.4,187.6,1.3,9.5,88.2,1,1,2,26.53879551375017,1
65,104.7,190.2,4.3,9.7,43.6,0,0,0,28.94180789273785,1
58,72.5,187.0,1.3,5.6,88.0,0,1,3,20.73264891761274,1
30,67.2,154.6,5.0,8.5,115.8,0,1,1,28.11579019595702,1
60,107.5,160.2,5.6,5.4,47.3,1,0,2,41.88740354207678,1
62,73.9,150.1,3.4,8.4,63.7,1,0,1,32.80069560555011,1
42,76.8,163.7,0.7,8.8,47.6,0,1,0,28.659186668701672,1
59,67.9,154.9,9.4,5.5,124.9,1,0,3,28.298729557918826,1
53,104.1,171.3,7.7,8.3,111.5,0,1,3,35.4761108776708,1
44,82.0,180.5,8.4,8.9,132.0,1,1,0,25.16862209467392,1
55,94.5,189.4,3.7,6.2,33.8,0,0,0,26.343401995296656,1
24,97.8,183.7,7.6,5.0,20.3,0,0,1,28.9814788199619,1
22,67.2,192.2,4.9,4.6,26.7,0,0,0,18.191248493537238,1
60,73.2,152.4,2.0,7.5,32.5,0,0,1,31.516729700126067,1
62,100.2,150.5,1.2,9.9,84.6,0,1,3,44.237922318738214,1
68,68.6,179.8,3.5,8.9,145.9,1,1,2,21.219968794891365,1
48,96.6,163.0,1.4,6.6,60.0,1,0,3,36.35816176747337,1
40,106.2,161.4,10.0,7.2,144.2,1,1,3,40.767816917953034,1
59,85.5,164.9,0.5,5.7,15.3,1,0,2,31.443059928265694,0
27,93.2,162.1,4.4,5.0,139.8,0,1,2,35.469076635659135,1
49,97.3,173.0,4.5,6.9,35.4,0,1,2,32.51027431588091,1
60,99.9,169.8,3.0,6.8,137.7,0,1,3,34.64895303974328,1
47,70.7,173.1,5.7,7.1,17.9,1,1,0,23.59528775070828,0
56,48.3,180.3,1.5,9.7,142.8,0,1,3,14.857840002288658,1
48,71.1,167.4,7.8,7.6,38.1,1,1,0,25.372233141917494,0
35,88.8,161.3,3.3,7.6,52.4,1,0,1,34.130624202225476,0
53,74.3,157.5,5.9,4.8,78.7,1,0,3,29.952128999748048,0
19,93.7,165.7,7.2,10.0,63.3,0,0,2,34.12672195171343,0
31,68.2,183.4,8.9,8.6,103.5,1,1,3,20.276160111501042,1
30,86.3,184.1,8.4,9.3,146.5,1,0,3,25.462627619250217,1
46,57.1,180.0,6.1,6.5,94.9,1,1,2,17.623456790123456,0
29,93.7,160.5,3.9,7.0,111.0,1,1,1,36.37387059519997,0
56,80.5,176.5,5.0,7.1,22.3,1,1,1,25.840830116604742,1
19,58.3,175.7,7.7,5.2,97.9,0,0,1,18.88534973043836,1
49,64.0,171.8,8.8,8.1,73.5,1,1,1,21.683713227471635,0
30,93.7,174.7,1.0,9.4,134.0,1,1,3,30.701089020379698,1
63,76.4,172.1,3.8,5.0,64.3,1,0,3,25.794767511152696,1
44,59.0,175.4,7.8,4.5,105.1,0,0,2,19.177537188169996,0
66,107.9,182.2,4.3,8.4,41.9,1,0,0,32.50309366795153,1
58,91.5,154.9,3.3,5.6,46.3,0,1,2,38.134517740052615,1
34,107.2,183.7,4.1,7.7,62.7,1,1,1,31.767019729037994,0
57,72.8,156.1,6.0,8.2,52.6,0,0,0,29.87621479849355,1
48,75.9,153.0,10.0,5.9,45.5,0,1,2,32.42342688709471,0
51,103.4,193.9,4.9,8.9,17.0,0,1,1,27.502040709935656,0
41,79.1,193.1,2.1,7.3,127.1,1,1,0,21.213480831836634,0
62,91.0,152.7,1.6,9.2,19.0,1,0,0,39.02683373582437,0
52,61.4,169.9,0.4,8.6,134.2,1,1,1,21.270691723587706,1
65,74.0,158.4,5.6,9.2,27.6,1,0,0,29.49316396286093,1
23,53.0,171.8,5.4,4.1,19.1,0,0,2,17.95682501649995,0
36,58.4,187.4,2.1,5.5,88.8,1,0,2,16.62928873342908,1
47,45.1,192.8,7.0,4.5,80.3,1,1,2,12.132840343657994,1
24,47.6,178.5,7.4,6.7,78.8,0,1,0,14.939309056956116,0
27,108.5,165.9,2.6,9.3,90.4,0,1,0,39.42184682450665,1
58,60.8,177.1,3.4,6.8,50.2,0,0,1,19.385029082326117,0
49,88.1,164.0,9.9,9.1,102.8,0,0,1,32.7558001189768,0
51,99.5,190.9,3.7,6.0,80.3,1,1,0,27.30305374366027,0
45,80.8,189.2,7.6,6.0,56.9,1,1,2,22.571950887010626,0
32,55.0,175.1,4.5,9.4,125.7,0,0,0,17.93867647140363,1
47,92.3,164.6,7.9,6.6,111.9,0,1,3,34.06763921225874,1
54,84.0,163.2,7.7,8.7,65.1,1,0,2,31.5383506343714,0
46,92.5,151.5,6.7,5.4,128.7,0,0,3,40.301059808951194,1
39,95.0,186.7,8.5,9.7,138.8,0,0,1,27.25429606600015,0
21,108.4,170.3,9.4,7.4,85.2,0,0,0,37.37661665073103,0
37,82.3,164.6,5.8,8.6,40.1,1,1,3,30.37667071688943,0
49,67.2,171.2,2.4,4.5,138.2,1,0,0,22.92776661717181,0
53,87.2,186.8,4.0,7.0,36.5,1,0,3,24.989797743123216,1
67,49.4,155.6,7.6,9.4,16.8,0,1,0,20.403645230999,1
21,103.3,188.6,6.5,9.3,55.8,1,0,2,29.041359619184277,1
44,52.8,190.4,1.8,4.3,111.8,0,0,1,14.56464938916743,1
34,66.3,192.6,0.5,5.8,139.3,1,0,2,17.873144347072202,1
29,98.0,167.9,6.8,6.7,99.2,0,0,1,34.76359513749534,1
39,83.8,159.8,2.5,5.0,143.3,0,1,2,32.8163646360203,0
34,70.6,166.8,5.0,8.4,22.9,1,1,1,25.375383146720026,1
27,75.8,165.0,7.5,5.1,18.5,1,1,2,27.842056932966027,1
18,100.5,157.9,5.6,6.1,94.6,0,1,0,40.30897935658847,1
39,67.1,177.3,0.8,8.0,145.3,0,0,2,21.345436927733125,1
43,101.5,171.4,1.9,6.9,80.4,0,0,3,34.54971005474852,1
35,50.7,189.0,2.2,8.4,17.2,0,1,3,14.193331653649116,1
67,95.5,151.4,2.6,9.8,41.0,0,0,0,41.66310385324815,0
31,100.1,179.0,5.7,4.7,44.3,1,1,0,31.24122218407665,1
64,56.8,184.3,5.0,8.3,57.3,0,0,0,16.72236371788783,1
46,73.0,184.2,2.0,5.4,16.1,1,1,3,21.515111860898024,1
29,55.8,189.9,0.7,6.5,136.7,1,1,2,15.47334715951773,1
53,90.9,182.8,1.7,4.2,82.2,1,1,0,27.20266795627463,0
52,79.8,191.8,9.8,4.8,103.9,1,1,2,21.69230417938393,0
69,86.3,165.0,4.7,5.9,19.4,0,0,1,31.69880624426079,0
29,57.8,172.6,8.7,6.1,17.6,1,0,2,19.401989073122,1
24,58.8,150.6,8.5,9.4,92.1,1,0,2,25.92551440982418,1
46,47.7,150.3,5.1,8.5,134.2,1,1,3,21.11545372329194,1
28,65.9,160.8,7.1,9.8,84.0,0,1,2,25.486683497933218,0
50,81.4,154.5,1.9,7.6,132.9,1,0,3,34.10102533488338,1
23,100.8,161.7,6.9,5.5,123.5,1,0,1,38.5514300171072,1
64,88.4,158.0,2.7,6.0,20.6,1,0,3,35.41099182823265,1
32,73.3,151.3,8.3,5.9,38.3,0,0,1,32.02035323735381,1
49,107.0,190.9,0.8,6.0,102.1,0,1,1,29.361072870066824,1
68,91.8,150.4,7.7,8.0,72.1,0,1,0,40.58326731552739,0
28,105.5,183.1,1.0,7.2,50.7,1,0,2,31.468480364712235,1
40,79.3,156.8,8.8,6.3,68.6,0,0,2,32.25381351520199,1
43,61.8,191.1,3.0,4.9,72.3,0,0,0,16.92260046151053,1
51,48.4,190.2,6.5,4.1,137.5,0,1,0,13.379021031599923,1
63,92.2,179.4,4.9,5.3,24.5,1,0,2,28.647454850741166,1
51,52.9,180.3,3.7,4.6,49.2,0,1,0,16.272872383459006,1
46,64.7,150.2,6.5,8.7,85.3,1,1,0,28.67902716484546,1
21,79.6,194.3,9.5,4.7,107.8,1,0,1,21.084701962704976,1
34,81.7,189.5,0.4,8.3,98.3,1,0,0,22.75116436115037,1
52,84.0,190.3,9.2,6.3,141.8,1,0,0,23.195391627954756,0
30,55.8,179.7,6.1,4.4,121.4,0,1,3,17.27977346774396,1
58,69.7,165.5,8.1,8.9,88.0,0,0,2,25.447011254004618,1
56,85.1,190.2,3.8,7.5,40.1,1,0,3,23.523857227048623,1
32,108.0,163.1,4.7,5.4,73.1,1,1,0,40.59904644869239,1
46,92.3,175.3,8.7,9.4,107.1,1,1,0,30.035707672837923,1
46,105.0,154.5,4.1,4.3,127.3,1,1,3,43.987809092908535,1
28,94.5,191.5,5.3,5.2,144.4,0,0,0,25.768803386757014,0
69,83.5,156.3,0.2,8.5,94.8,0,1,1,34.17972147825043,1
49,57.5,160.1,1.6,8.3,83.8,1,1,3,22.432887627618747,1
19,88.3,175.1,6.4,5.7,12.5,0,1,3,28.799729680453467,1
64,85.5,184.4,7.2,4.4,20.1,0,1,2,25.144573947986316,1
31,84.2,177.9,5.8,9.1,31.9,0,1,3,26.604812058488875,0
37,76.8,160.4,1.4,5.9,17.7,0,0,1,29.85056063084184,1
39,79.4,150.0,4.5,5.2,66.1,1,1,0,35.28888888888889,1
28,66.7,184.1,3.6,7.1,57.2,0,1,3,19.67969017617601,0
44,78.8,194.3,5.0,9.5,99.2,1,1,3,20.87279541031598,0
20,57.8,186.4,8.7,4.3,85.0,0,0,2,16.6355062719888,0
34,97.3,170.7,7.8,8.6,93.4,0,0,2,33.392258830159015,0
61,57.1,190.7,0.8,7.4,76.1,1,1,0,15.701267843006024,1
45,50.5,168.4,8.9,6.6,48.9,0,1,3,17.80767429657923,0
46,73.4,173.6,4.7,8.5,143.4,1,1,1,24.35547580114252,1
38,87.8,171.5,7.4,9.8,22.1,0,1,0,29.85150745012707,1
64,73.5,170.1,1.4,5.4,141.4,1,0,1,25.402631712645434,1
33,63.0,184.9,6.7,4.9,53.6,0,0,3,18.427513037465474,1
54,81.3,173.7,2.4,9.5,81.8,1,0,0,26.94578924813294,1
37,67.6,164.3,4.4,8.0,25.2,0,1,2,25.042147490098902,0
23,105.6,161.6,0.2,6.6,19.9,1,1,2,40.43721203803549,1
36,105.0,151.7,1.5,7.4,70.1,0,0,1,45.62660317761047,1
22,77.7,176.2,0.9,8.5,113.8,1,0,0,25.027024032385043,1
20,66.3,160.3,2.4,8.6,47.7,1,1,1,25.801590825685924,1
18,92.9,156.7,1.0,9.5,88.7,0,0,2,37.833604630279346,0
55,47.4,179.4,6.9,6.6,49.0,1,0,3,14.727650324567584,0
32,75.9,180.7,0.3,5.8,64.4,1,0,2,23.24478163839879,0
51,66.9,183.8,6.2,7.8,136.9,0,0,3,19.80318769159362,1
52,104.8,172.7,1.4,6.5,129.8,0,0,1,35.13796512959304,1
66,45.8,190.2,9.5,7.6,82.2,0,1,1,12.660313290232983,0
42,80.9,192.1,9.3,6.5,43.3,1,1,1,21.922687434235325,0
41,93.1,186.3,2.3,4.9,37.0,1,1,3,26.824026606207436,0
29,76.5,178.6,6.1,6.8,143.6,0,1,1,23.98272491406974,1
35,50.6,163.7,0.3,8.1,38.4,1,0,1,18.882224549951886,1
32,108.2,194.2,9.3,8.8,123.1,0,1,0,28.68988514500324,0
61,78.7,162.3,5.2,7.0,61.7,1,0,3,29.877048542421416,0
33,84.9,159.1,0.4,5.0,148.0,0,0,1,33.540329975218086,0
44,60.4,169.9,3.4,6.5,61.5,1,1,1,20.924263519620478,1
25,76.4,152.6,0.8,8.7,59.2,0,1,3,32.80834259467612,1
63,72.9,194.0,3.9,6.5,99.2,0,1,3,19.36975236475715,1
42,49.9,176.5,6.7,8.2,144.6,0,1,2,16.018104631286665,0
34,51.9,175.1,4.7,7.0,146.7,1,0,2,16.92758743392452,0
46,99.4,179.5,3.8,5.4,109.0,1,0,0,30.85016410487194,1
25,60.6,172.4,1.2,8.8,115.6,1,0,1,20.389102125849885,0
32,57.7,151.4,2.4,4.5,88.9,0,1,3,25.1723674589782,1
44,77.8,177.6,1.0,7.1,115.8,1,1,1,24.665713010307602,1
63,95.0,182.2,8.1,5.3,130.4,1,0,2,28.617181635360478,1
67,49.0,168.8,1.4,4.4,78.1,0,0,2,17.19694076952449,0
69,82.5,184.1,6.0,7.0,96.8,0,1,2,24.34144587008277,0
24,52.7,160.2,3.4,7.0,85.2,0,1,3,20.534568992255316,1
20,47.4,160.0,2.3,8.2,88.7,0,0,1,18.515624999999996,1
46,48.4,157.3,6.4,8.5,134.6,1,0,3,19.56085872169788,1
61,99.2,166.7,4.6,8.4,59.8,0,0,1,35.69771948429751,1
41,52.7,188.1,4.0,6.5,39.1,1,1,0,14.894743342657387,0
20,47.9,187.3,5.9,7.8,73.9,0,0,2,13.6540018910365,0
37,73.5,167.2,4.9,7.5,39.1,1,0,2,26.29146539685447,1
63,99.9,176.5,3.0,6.5,79.8,0,1,2,32.06830967265607,1
32,62.1,182.4,5.6,7.6,136.5,0,0,2,18.665599030470915,1
42,72.4,160.9,6.7,9.7,96.4,0,0,3,27.965750453574348,1
47,47.6,157.6,0.3,5.2,129.8,0,0,2,19.16436908964416,1
31,74.2,193.7,4.7,9.4,33.3,0,1,1,19.776282799777935,1
24,82.5,177.8,0.6,4.3,136.1,1,1,1,26.09699096949214,0
34,82.1,194.2,1.9,5.9,94.3,1,0,2,21.76931211094978,1
61,66.6,165.2,5.6,5.7,14.4,1,1,2,24.40361378679596,0
37,65.5,181.6,8.7,7.8,98.6,1,0,3,19.861388732558368,1
53,51.9,160.0,8.8,4.8,143.2,1,0,3,20.273437499999996,0
26,68.8,161.8,0.7,9.3,21.1,0,1,1,26.2803656637855,0
55,51.5,173.0,4.2,9.0,91.5,0,0,1,17.207390824952387,1
65,94.8,164.4,5.8,7.9,138.2,1,1,0,35.07556786900385,1
39,107.8,157.5,1.5,6.8,11.4,1,1,1,43.45679012345679,0
19,108.1,161.8,7.7,9.6,98.3,1,0,0,41.29226058510483,1
41,101.2,151.6,7.4,9.0,76.5,1,0,2,44.03338879567812,1
25,84.1,181.7,9.0,7.0,58.6,1,1,2,25.473354598485713,0
28,90.6,172.1,0.1,8.2,97.9,0,1,2,30.589082938618244,1
30,63.5,154.2,2.2,7.4,17.4,1,0,1,26.70576222030446,1
34,86.0,157.7,8.3,7.5,115.4,0,1,1,34.58080226657054,1
25,74.6,154.6,6.7,6.0,10.6,1,0,2,31.21187423539276,1
38,76.3,177.6,8.9,6.8,53.0,0,0,3,24.190152990828665,1
35,94.3,154.2,0.6,4.5,80.6,1,1,2,39.65910830511355,1
47,63.3,183.9,6.0,6.1,62.8,1,0,0,18.717172873050554,0
35,65.7,150.9,5.7,8.2,53.0,0,1,3,28.852728559063113,1
63,105.1,161.2,0.4,9.7,126.3,0,0,3,40.445726529933694,1
64,48.7,190.1,5.1,9.8,140.9,0,0,1,13.476115591312306,1
48,76.6,182.3,6.1,7.3,132.3,1,0,1,23.04917749642,0
55,104.3,153.3,1.9,7.6,83.1,1,0,0,44.38129789978166,1
49,84.7,187.0,2.7,5.1,133.8,1,0,2,24.221453287197228,0
28,80.5,172.2,6.4,8.2,138.9,1,0,2,27.14748401839419,1
62,61.2,188.1,4.7,4.4,67.3,0,1,1,17.297121301150515,1
42,67.3,177.0,8.6,5.7,49.7,0,1,1,21.481694276868076,1
50,100.4,180.7,3.4,8.0,23.8,0,0,2,30.74803789848799,1
55,81.3,194.7,2.7,5.9,77.1,0,1,3,21.446609417673116,1
58,78.5,160.5,9.8,4.3,142.5,0,1,0,30.473306741976494,0
25,51.5,178.1,9.1,9.0,88.5,0,1,0,16.236012990071444,0
28,46.0,170.7,0.3,5.9,103.5,0,1,0,15.786679405830572,1
39,107.6,151.8,7.7,4.4,25.8,1,1,1,46.69482242948474,1
68,69.5,150.7,1.1,4.4,30.1,1,0,3,30.602598182601966,0
41,84.2,155.4,0.3,5.5,75.0,0,0,0,34.8666371832395,1
58,50.2,179.2,2.7,5.1,143.2,0,0,3,15.632473692602044,1
34,89.4,175.5,2.7,8.6,60.5,1,0,1,29.025738427447834,1
29,105.6,174.9,8.2,5.9,132.8,0,0,1,34.52107403691597,1
63,82.4,151.4,7.1,8.8,26.8,1,1,2,35.9480602880382,1
49,53.2,171.1,9.8,5.0,96.4,1,1,3,18.172371778033362,1
32,82.8,191.6,7.1,7.0,94.1,0,0,3,22.554818014217165,1
33,94.8,167.9,4.2,8.1,130.4,1,0,3,33.628457337087326,0
39,71.4,178.1,7.0,7.9,10.5,1,1,2,22.509734514390313,1
45,102.2,185.1,10.0,7.6,36.6,1,0,0,29.828956328014616,1
37,87.2,185.3,7.1,9.5,40.8,0,0,0,25.39601917399447,1
50,103.5,173.4,7.6,5.4,143.0,0,1,1,34.422480573747926,0
27,85.5,188.6,9.4,7.0,31.5,1,0,2,24.03713695489115,1
57,53.5,167.6,1.1,9.3,15.2,0,0,3,19.046086545417264,1
49,65.1,190.0,7.0,4.5,84.8,1,0,2,18.033240997229917,1
67,58.1,160.8,8.5,4.3,84.0,1,0,1,22.47005024628103,1
50,104.1,162.6,9.5,5.4,128.2,0,0,0,39.37400997626213,1
19,94.4,152.4,2.1,7.8,142.8,1,1,0,40.64452573349591,1
50,89.0,185.8,5.0,5.6,85.4,1,0,1,25.78093045405722,1
50,64.6,168.8,6.8,5.1,140.2,1,0,2,22.671885177781263,0
58,57.0,160.3,2.5,6.8,111.5,1,1,1,22.182363153304642,1
30,94.2,160.4,6.0,7.7,47.0,1,0,3,36.61357827376695,0
47,75.8,190.6,2.6,5.5,140.0,1,0,3,20.86524137065367,1
50,59.7,187.5,3.3,5.8,103.4,1,1,1,16.981333333333335,1
30,85.1,174.9,4.4,7.7,68.0,0,1,3,27.819539777855578,0
69,47.6,177.7,5.3,9.7,105.2,0,1,3,15.074124473632793,0
43,66.2,171.3,4.5,8.0,66.2,1,1,0,22.560216523552423,1
39,75.5,167.6,4.9,8.7,26.0,0,1,2,26.878122134186977,0
56,54.6,191.2,3.0,6.2,110.7,1,0,0,14.93540029061116,0
19,109.0,155.7,1.6,5.6,125.4,1,1,0,44.96237803954958,1
55,58.6,168.8,0.5,6.7,112.0,1,1,2,20.566137328451738,1
56,53.5,165.5,2.0,8.8,42.1,1,1,0,19.532497877894503,1
43,58.2,172.4,5.8,6.7,143.9,0,1,3,19.58161293274692,1
63,95.0,170.6,7.9,9.1,13.5,1,0,1,32.641157544780235,0
67,72.7,173.4,1.7,9.9,56.6,1,1,1,24.178882489965932,0
32,81.8,156.3,1.1,4.4,46.4,0,0,2,33.483846909232156,1
51,46.4,173.1,7.5,4.3,16.7,0,0,1,15.48545051814518,0
59,47.2,160.9,3.1,4.9,66.8,0,1,1,18.231815212827474,1
61,74.0,158.3,9.5,6.3,97.2,0,0,1,29.530438100011605,1
66,98.1,152.9,7.1,4.8,133.6,0,0,1,41.96179295341299,1
57,102.5,184.3,3.3,9.2,148.6,0,0,0,30.176800723301103,0
28,50.6,169.2,2.9,4.1,123.1,1,1,3,17.674608364211505,1
20,80.0,178.2,5.2,5.9,75.6,1,1,3,25.19269260758225,1
23,104.4,182.7,0.8,5.1,111.3,0,0,1,31.276878567518963,0
26,70.2,180.6,1.2,9.6,128.1,0,1,2,21.522941247889097,0
23,98.9,171.2,1.8,8.0,75.1,1,1,0,33.74339461961744,1
26,53.7,167.5,7.7,9.5,119.9,0,1,1,19.140120294052128,0
56,105.8,166.9,5.1,9.8,77.6,0,0,1,37.98157714011648,0
48,93.8,178.8,0.1,7.0,64.1,0,1,2,29.340520196787928,1
49,106.2,172.3,6.7,5.4,83.7,1,1,0,35.772884625036504,1
58,89.0,188.2,4.2,5.2,104.6,0,0,1,25.12758602386726,1
67,68.6,189.4,5.1,5.3,111.8,1,1,2,19.123358485474608,1
29,106.0,157.7,2.1,8.3,59.9,1,0,0,42.622849305307874,1
25,62.9,156.1,5.5,4.2,90.0,1,1,0,25.813377895951156,1
25,66.6,178.4,9.8,4.3,137.4,0,1,1,20.92591847815158,0
67,90.6,163.6,0.7,7.6,146.7,0,1,2,33.85022805937315,0
45,94.7,150.8,2.8,7.9,41.8,1,1,2,41.64350695494937,1
37,105.4,190.0,2.4,8.0,37.0,1,0,1,29.19667590027701,0
64,58.3,160.2,2.5,6.2,104.7,0,1,1,22.716610479098385,0
24,96.9,191.8,3.8,8.8,68.1,1,0,1,26.340655074966207,1
28,93.0,182.3,8.2,7.2,13.4,0,0,2,27.983988344217494,0
37,49.1,184.3,9.1,4.6,58.6,1,1,0,14.455423565991065,0
33,70.2,159.1,2.0,8.8,122.9,0,1,1,27.732993689756295,1
21,63.4,160.5,5.4,9.7,121.6,0,1,3,24.611562387787384,0
23,64.8,173.5,6.4,4.4,79.3,1,1,3,21.52663006918087,1
39,108.9,157.7,5.2,6.3,76.2,1,1,1,43.78894612592479,1
43,86.8,163.7,4.3,6.9,91.1,0,1,3,32.3908515995222,0
20,91.6,164.5,1.9,4.9,40.7,1,1,0,33.85038940881921,0
58,108.5,157.2,4.9,9.2,83.6,1,1,0,43.9060790293236,1
59,69.5,159.2,4.0,5.7,11.5,1,1,3,27.421971667382145,1
31,97.1,185.5,8.0,8.7,76.6,0,0,2,28.218336106247413,0
28,73.2,157.5,7.6,8.0,57.0,1,1,1,29.508692365835227,0
35,101.5,151.3,1.3,7.6,104.5,1,1,2,44.33923401898243,1
29,56.7,178.3,0.9,5.2,99.4,1,0,0,17.8352980995499,1
40,106.6,193.9,9.1,5.3,63.3,1,1,3,28.3531676951561,0
29,59.2,164.9,5.4,4.3,11.0,0,1,1,21.77110114331379,1
30,66.2,155.3,8.6,5.4,45.3,1,0,3,27.44827637677776,1
42,94.2,175.7,0.6,6.1,98.7,0,1,3,30.514578809730594,1
62,70.6,190.8,5.3,9.0,20.1,0,0,2,19.39313230401399,0
68,84.5,185.3,5.4,6.2,25.1,1,1,2,24.609674543607028,1
36,73.9,178.0,8.6,8.5,100.6,1,1,3,23.324075243024872,1
63,93.3,164.2,1.0,6.6,115.8,0,1,0,34.60471989092652,1
53,59.8,174.4,2.4,8.7,55.0,1,0,1,19.661118592711052,1
62,48.8,154.1,4.1,9.9,78.6,1,0,3,20.550128627803062,1
25,64.5,180.6,8.7,5.4,142.4,0,0,3,19.77535200126562,1
46,75.8,182.6,9.4,9.2,142.4,1,0,3,22.733570946136435,1
49,55.9,193.4,9.9,7.7,53.1,1,1,3,14.945101482318792,1
68,68.1,161.7,9.6,8.9,123.4,1,0,2,26.045162541319446,0
61,71.0,150.8,0.1,7.9,93.2,0,1,2,31.221636682169013,1
35,48.7,174.6,0.5,6.5,146.6,1,1,0,15.9749858619735,0
23,82.9,181.8,1.5,5.4,76.9,0,1,1,25.082266202417824,0
35,102.5,185.6,3.5,4.4,118.5,0,1,3,29.755545853151016,1
36,54.9,158.7,8.3,7.2,117.5,0,1,0,21.798092488234392,1
39,83.9,161.8,8.9,9.9,79.6,1,0,2,32.04829475569191,0
54,88.2,173.1,1.9,8.4,121.4,1,1,1,29.43570551078459,1
49,72.3,164.9,6.2,6.0,46.5,0,1,0,26.588692781445726,1
58,90.6,188.7,9.2,9.0,27.1,0,0,1,25.44394202488283,1
20,71.7,171.3,4.6,8.6,69.5,1,1,1,24.43455475436116,1
45,77.8,186.0,1.0,5.7,142.1,1,0,1,22.488148918950163,0
27,45.5,176.1,4.6,4.1,80.1,0,1,2,14.672113729196637,0
68,90.0,184.8,3.8,4.7,98.9,1,0,3,26.353516613256872,1
52,88.0,165.0,5.8,9.3,97.4,0,1,1,32.323232323232325,1
46,47.5,187.4,4.4,9.0,28.6,0,1,0,13.525534500648654,1
32,68.9,162.4,0.2,5.8,64.6,1,0,1,26.12445096944842,0
50,108.6,174.6,9.9,5.7,109.0,1,1,1,35.623890443743775,1
24,72.3,159.6,5.4,8.8,146.1,1,1,2,28.383929749184993,0
29,77.6,171.4,4.7,9.6,33.5,0,0,0,26.41435960835946,1
66,104.1,164.3,9.5,8.7,67.5,1,0,1,38.56342535087716,0
47,91.6,162.0,1.6,7.6,23.3,1,1,2,34.90321597317481,1
38,82.8,193.5,1.9,5.5,43.9,0,0,2,22.114055645694368,0
48,96.9,157.2,8.1,7.2,62.7,0,1,3,39.211972884253065,1
41,101.2,185.4,2.6,5.4,85.7,1,0,3,29.441575927264175,0
37,74.7,194.3,8.0,8.8,42.3,1,0,3,19.786774329322384,1
54,75.9,150.9,2.7,6.3,41.9,0,0,1,33.33214760476241,0
21,70.1,181.5,0.3,9.0,118.9,0,1,1,21.279663653818425,1
45,107.8,161.4,5.2,6.3,144.8,1,1,1,41.38202131596363,1
61,90.3,151.8,2.0,8.9,55.3,1,1,2,39.187197633666095,1
37,50.4,168.1,7.6,6.0,106.3,0,0,1,17.835903319495173,1
41,101.1,192.1,6.4,6.6,46.1,1,1,2,27.39658466750545,1
67,76.2,150.5,9.2,7.7,139.9,0,1,0,33.642012781315884,1
66,49.5,176.5,7.8,4.4,104.2,0,0,1,15.889702990955712,1
68,80.7,172.6,1.8,9.7,122.4,1,0,0,27.08893630105442,1
49,72.1,189.3,8.0,7.4,16.9,1,1,3,20.12028076861147,1
58,102.1,153.8,6.4,7.0,93.8,0,1,0,43.16314400171807,1
53,58.3,180.7,6.7,9.0,83.9,0,1,0,17.854687345436748,1
51,98.7,180.6,8.3,9.2,51.0,0,1,2,30.260887481006463,1
53,81.2,180.1,5.7,7.1,46.7,1,1,2,25.03390521830521,0
19,48.5,192.4,4.7,9.6,91.2,0,0,2,13.101819234875366,1
32,108.2,187.0,6.4,4.4,108.9,0,1,2,30.94169121221653,1
51,78.3,151.9,3.0,4.7,14.6,0,1,3,33.9348719164448,1
53,63.9,171.2,1.8,7.6,89.4,1,1,0,21.80184950650712,0
23,75.5,167.9,6.2,6.1,33.9,0,0,3,26.782157478376508,1
56,100.8,164.0,2.3,6.8,29.7,1,0,3,37.477691850089236,0
59,64.8,170.3,0.8,6.0,97.2,1,1,2,22.34321733364733,1
68,57.5,167.3,0.0,6.4,53.5,0,1,0,20.54357220208158,1
68,53.4,169.5,6.1,8.9,71.7,0,1,0,18.586681285404755,1
29,64.4,194.1,3.6,7.6,60.4,0,1,3,17.093649576467676,1
20,95.7,154.0,7.5,10.0,100.8,1,0,2,40.352504638218925,1
62,75.7,191.5,3.8,8.7,75.8,0,1,3,20.642311284418053,1
35,59.8,171.6,4.9,5.6,144.9,1,1,0,20.3079748534294,0
57,55.8,178.1,4.1,5.6,59.3,1,1,2,17.59164125914537,1
38,66.6,187.4,6.5,6.0,113.6,1,0,3,18.964223110383163,1
32,106.1,166.2,3.6,9.1,46.0,1,0,0,38.41079933561264,0
50,67.3,169.4,9.6,4.2,81.2,1,0,1,23.45245180921901,0
52,109.2,168.4,9.4,5.4,87.4,1,0,2,38.506891746266376,1
43,76.5,166.9,8.5,9.4,56.1,0,0,0,27.46304963344906,0
25,56.6,191.6,9.2,7.8,76.0,0,1,2,15.417907000056662,1
53,102.9,187.3,4.5,5.4,49.1,1,0,0,29.3318746260471,1
65,74.9,154.9,5.4,5.3,10.8,1,1,2,31.21612435770427,1
47,91.1,154.9,7.4,9.2,40.2,0,1,1,37.967809465779155,1
40,108.9,169.3,7.0,9.4,108.0,0,1,3,37.9939077170197,1
59,48.3,154.4,8.9,5.5,117.9,0,0,3,20.26061102311471,1
61,51.3,177.9,7.2,6.5,49.2,0,0,3,16.209345114019943,1
31,91.8,156.5,10.0,9.0,67.1,1,0,1,37.48124406700079,1
31,63.3,173.5,3.5,8.6,15.2,0,1,2,21.028328447209095,0
19,57.0,150.3,8.3,8.9,43.2,1,1,2,25.232303191355143,0
54,47.6,164.2,7.0,7.1,119.1,1,0,0,17.65471239880067,0
22,46.4,180.5,6.9,9.5,94.8,0,0,0,14.241756892595975,0
55,95.3,171.8,3.3,6.0,38.8,0,0,2,32.28840422778198,0
62,53.7,194.0,7.9,4.9,46.0,1,1,1,14.26825379955362,0
58,75.4,189.3,9.0,8.3,124.4,1,1,1,21.041181275357904,1
64,84.4,166.2,2.2,7.2,39.3,1,0,3,30.554867709007606,1
31,72.8,152.0,6.3,9.1,56.8,1,1,3,31.509695290858723,1
56,46.8,188.1,3.9,4.5,103.0,0,1,3,13.227210406762156,1
42,95.9,191.0,9.9,9.1,88.6,0,0,2,26.287656588361067,1
37,45.7,186.9,4.8,5.8,74.5,0,1,0,13.082706465576594,1
19,94.5,155.8,2.3,7.9,136.0,0,1,2,38.93112034289047,0
56,103.1,194.9,3.8,4.2,40.8,0,1,2,27.141571331129537,1
23,73.1,161.6,6.5,7.7,113.8,1,0,1,27.992047348299188,1
34,79.8,182.6,0.8,8.3,32.3,1,1,1,23.93323168208031,1
42,76.0,190.9,6.0,6.2,96.2,0,1,0,20.85459381425307,0
45,70.3,160.6,9.3,5.3,131.9,0,0,0,27.256133211540167,1
19,102.7,190.9,8.5,7.2,74.1,1,0,2,28.1811419042604,1
52,103.1,163.9,0.7,9.0,111.4,1,1,2,38.37962775111388,0
54,66.8,193.9,9.9,5.9,124.9,0,1,2,17.767275816476804,0
22,85.0,162.7,7.0,5.5,29.0,0,1,2,32.110259832444896,0
18,105.2,192.9,1.6,5.7,108.8,1,0,1,28.271658388069362,0
57,107.5,152.4,0.1,9.7,138.8,0,0,3,46.2848147918518,1
29,78.1,181.9,1.7,6.2,90.7,0,1,3,23.604001618732813,0
53,74.4,173.9,8.4,4.0,36.1,1,0,3,24.6021901901412,1
62,63.1,171.5,0.2,8.7,27.8,1,0,0,21.453646014840754,0
40,107.3,160.1,2.3,8.2,46.4,1,0,0,41.86171899901725,1
64,54.3,181.8,7.6,4.8,24.5,0,0,0,16.42903564283821,1
48,82.7,158.6,5.9,9.9,81.9,1,0,0,32.877527037492314,1
28,63.4,174.9,7.8,7.6,19.8,0,0,1,20.725720586557504,1
27,63.1,161.4,7.5,7.0,41.3,1,1,2,24.22268594654272,1
20,71.3,193.0,0.5,6.3,71.6,0,1,0,19.1414534618379,1
31,109.9,151.3,8.9,9.4,76.3,0,1,3,48.008687868829256,1
33,48.6,159.0,2.3,5.5,89.2,1,0,0,19.22392310430758,1
27,82.6,160.9,5.5,5.7,108.8,0,1,3,31.905676622448077,1
46,50.4,168.6,6.4,4.7,16.6,0,1,2,17.730271906384164,0
27,55.0,160.5,1.7,8.6,21.3,1,0,1,21.35072446890073,0
29,73.6,172.1,9.8,7.6,18.5,0,1,1,24.849409539539767,1
47,78.2,189.3,4.9,7.7,69.2,1,1,0,21.822551402294273,1
58,61.8,182.0,0.6,5.3,15.9,0,1,0,18.657167008815357,0
18,65.6,176.1,9.4,7.9,114.5,1,1,3,21.1536408930835,1
22,50.7,154.0,5.9,8.6,41.2,1,0,0,21.377972676673977,1
37,64.7,181.2,7.0,6.1,141.5,0,1,1,19.705519738413035,1
25,107.8,157.5,5.3,8.8,78.1,1,0,0,43.45679012345679,0
60,106.4,185.4,8.3,6.1,72.5,1,0,3,30.95438417649119,1
29,66.8,161.3,0.3,8.5,119.3,0,1,2,25.67483892689934,1
18,82.1,168.8,2.7,4.2,109.8,1,0,1,28.813649738325726,0
37,104.1,165.8,4.7,7.3,95.0,1,0,1,37.86881166868682,1
45,45.4,188.6,0.8,9.8,140.9,1,0,2,12.763579154994833,1
60,97.7,155.7,7.1,9.9,69.1,1,0,2,40.30114068315591,1
54,106.6,175.5,3.9,5.7,123.2,0,1,1,34.61010868418276,0
64,50.9,156.4,2.7,6.6,63.2,1,1,3,20.808668179826135,0
54,55.5,181.7,0.0,4.4,127.4,1,0,3,16.810596673198063,1
29,107.4,190.7,7.2,9.2,46.3,1,0,0,29.53268242274688,1
54,79.9,169.6,8.3,7.4,50.5,0,0,3,27.777623264506946,1
66,45.9,172.0,4.0,6.3,104.9,0,0,1,15.5151433207139,1
66,61.7,191.7,5.6,4.7,39.8,1,1,0,16.789622761394973,1
61,74.2,173.4,2.3,9.7,42.1,1,0,3,24.67775902002025,1
45,90.0,171.9,6.2,7.2,52.7,0,1,2,30.457254765798936,1
64,92.7,176.0,0.1,5.7,105.1,1,0,3,29.926394628099175,0
32,109.7,181.0,4.9,6.1,134.5,1,0,0,33.48493635725405,1
23,63.7,154.8,6.4,5.6,104.4,1,0,2,26.582603876636686,1
61,80.0,186.9,9.2,7.6,125.9,1,1,0,22.901893156370402,0
37,79.7,169.6,3.8,9.6,86.1,0,1,0,27.70809229263083,1
67,71.4,153.3,7.7,9.1,19.6,0,1,2,30.381828092467984,0
31,56.0,185.4,6.0,6.8,24.1,0,0,0,16.29178114552168,1
19,108.5,167.0,9.3,9.0,87.6,0,1,1,38.90422747319732,0
26,100.5,154.5,4.0,6.5,55.9,0,0,0,42.10261727464103,0
54,77.4,178.5,3.2,5.5,40.9,1,0,1,24.292069769084108,1
37,84.2,189.6,8.9,9.9,75.3,0,1,2,23.42261745802845,1
43,59.8,189.9,0.5,5.8,103.3,1,0,0,16.58254767274481,1
46,80.3,193.1,1.4,5.9,63.9,0,1,3,21.53530354989231,1
18,90.2,189.0,0.8,9.9,122.4,1,0,0,25.25125276448028,1
52,78.5,150.1,8.4,4.8,113.4,0,0,1,34.84241684757353,1
23,109.4,167.1,0.1,8.6,112.9,0,0,1,39.17999914763804,0
54,84.7,186.8,8.6,9.6,147.9,1,0,3,24.273347119753858,0
22,69.1,166.5,4.5,7.1,51.3,1,0,2,24.925826727628525,0
50,95.2,177.1,0.0,4.0,100.3,1,1,1,30.352874484168527,1
66,56.1,177.3,4.0,6.3,129.8,0,0,1,17.84618497236704,1
68,70.0,166.4,1.9,4.7,91.1,0,0,1,25.280833949704135,0
31,67.6,190.7,6.2,6.5,120.5,1,1,0,18.588541264224293,1
29,73.1,172.6,6.8,8.7,68.0,0,1,0,24.537809710124883,0
59,95.8,170.9,4.9,6.6,92.7,1,0,0,32.80056945623298,1
37,76.5,194.9,0.4,6.6,17.8,0,1,0,20.138993276735302,1
67,96.6,172.2,6.6,7.3,148.0,1,0,0,32.576980822073025,1
41,82.5,158.0,8.4,7.5,122.0,1,1,3,33.04758852747957,1
60,67.2,173.1,7.2,9.1,131.6,0,1,1,22.42720419869302,1
51,97.6,186.6,8.3,5.9,107.2,1,0,3,28.030222093558912,1
42,60.5,185.0,2.0,8.9,36.0,0,1,1,17.67713659605551,0
67,59.6,185.5,8.9,7.4,14.3,0,0,0,17.32042051423631,1
46,77.8,181.9,3.2,5.8,131.1,0,0,0,23.513333238635248,1
56,62.0,161.4,0.1,5.8,65.5,1,0,2,23.800420422910435,1
48,45.6,188.8,8.4,6.2,46.9,1,1,2,12.792660155127836,1
64,87.1,190.2,9.4,7.7,88.6,1,0,3,24.07670933579242,1
60,78.2,158.7,6.6,5.4,68.9,0,1,1,31.049377642621668,1
67,74.0,155.9,2.3,9.5,101.2,0,0,3,30.44664821490067,1
40,107.9,193.9,2.5,7.4,77.7,1,1,2,28.698938032901907,1
61,82.1,189.1,4.7,9.5,107.6,0,1,1,22.959377003876806,1
55,101.1,190.2,9.0,4.3,129.5,0,1,3,27.94667409699901,0
37,54.1,189.9,1.5,6.1,37.4,0,1,2,15.001936941396224,1
40,82.0,174.4,8.3,4.1,56.1,1,0,0,26.960062284319502,1
62,101.4,179.1,2.9,5.6,71.2,1,0,3,31.61162222802081,0
69,82.9,174.5,8.1,9.2,144.7,1,0,0,27.224735429101568,1
33,91.7,152.3,9.2,4.2,61.1,0,0,3,39.53388812987463,1
67,69.2,183.5,4.3,6.6,63.4,0,1,1,20.551047227316264,1
59,51.0,172.7,3.7,4.7,101.5,1,0,1,17.09958226726379,1
25,74.8,179.1,8.0,6.5,68.7,1,1,1,23.319027047889115,1
67,70.6,172.6,5.3,9.0,143.2,1,1,1,23.69862333152964,1
38,101.4,172.1,6.8,7.7,135.2,0,0,2,34.235463686268105,1
18,60.9,157.7,6.2,8.4,81.9,1,0,0,24.488033232955182,0
25,107.8,162.5,1.5,6.1,100.3,1,0,2,40.82366863905325,1
46,107.3,157.1,8.4,9.7,18.1,1,0,3,43.47577694211725,1
49,61.1,158.8,2.0,8.3,107.4,0,0,3,24.229263557284163,1
55,67.6,193.8,9.3,6.5,109.0,1,1,0,17.998617620966147,1
22,103.2,156.9,2.5,6.6,60.3,0,0,0,41.92121006060297,1
64,107.8,162.1,7.3,9.5,40.8,1,0,2,41.02539121592333,0
39,73.8,176.6,2.8,7.5,138.1,0,0,1,23.66328112875775,1
64,65.9,177.5,3.2,8.2,69.7,1,1,2,20.9164848244396,0
51,79.2,156.9,3.1,6.5,101.5,1,0,2,32.17209144185809,1
18,89.7,185.7,7.5,5.3,14.7,0,1,3,26.011693952846628,1
43,62.8,185.3,5.6,8.3,68.0,1,1,2,18.289793625307944,1
60,92.9,160.7,8.8,7.6,124.4,1,1,0,35.97360489984507,1
27,48.4,163.0,3.1,7.0,64.3,1,0,1,18.216718732357258,1
47,48.2,192.2,6.9,7.7,94.4,1,1,3,13.04788954447165,0
67,70.1,187.2,7.5,5.2,39.4,0,1,0,20.003515596464315,1
35,68.0,181.4,1.5,8.8,68.3,0,1,3,20.664949449886887,1
34,65.5,153.7,4.0,9.7,139.9,0,0,2,27.726405146698085,0
43,76.9,168.8,4.8,9.3,89.3,0,1,2,26.988668268906803,1
25,65.8,175.2,3.6,5.9,136.3,0,0,0,21.43668814244908,1
64,57.5,158.4,3.2,6.4,136.3,0,1,0,22.91698551168248,1
57,65.1,170.2,6.9,8.9,142.2,0,1,3,22.47304270499488,1
66,108.4,177.0,2.2,7.6,135.4,0,0,1,34.60052986051262,0
29,71.7,164.7,7.1,7.3,10.5,1,1,3,26.432117566519917,1
44,73.9,185.1,9.4,9.6,140.8,1,1,2,21.56907898865245,0
25,82.5,187.8,5.7,7.2,29.2,0,1,0,23.391753173622945,0
42,108.9,164.6,6.1,7.1,15.6,0,0,0,40.1946469145718,1
63,60.7,187.7,0.7,4.3,17.8,0,0,3,17.229002968667913,1
21,89.3,154.7,8.6,4.4,58.8,1,0,0,37.313916168625475,0
50,91.5,187.7,2.9,4.0,96.9,0,1,0,25.97123182262132,0
18,84.5,156.9,6.2,9.5,66.3,0,1,2,34.325021803497584,1
36,50.8,153.7,9.8,6.5,13.6,0,1,1,21.503837884767368,0
48,89.0,178.9,6.0,6.8,76.7,0,0,0,27.807972514474983,0
33,49.2,171.2,7.2,9.1,71.9,1,0,0,16.78640055900079,1
31,83.7,190.9,4.5,7.7,116.0,0,0,3,22.96749345069713,0
65,93.1,166.3,0.6,7.7,49.1,1,1,1,33.66395848376952,1
22,58.7,162.9,8.0,5.8,40.5,1,0,2,22.120550594447405,1
58,99.7,172.5,0.3,9.0,45.8,1,0,0,33.50556605755093,1
43,47.0,170.5,7.0,5.0,52.5,0,1,1,16.16773161565518,1
45,99.8,165.5,0.2,4.3,93.9,1,0,1,36.43632314418451,1
19,74.9,181.2,8.6,5.1,76.0,0,1,3,22.812108630713084,1
67,59.1,184.2,1.6,5.6,57.2,0,1,2,17.418398780535252,1
23,53.7,188.4,5.1,5.7,62.4,0,0,1,15.129078934912842,0
26,107.0,193.8,6.0,8.0,61.9,0,0,2,28.4889361751979,1
50,49.7,162.0,4.6,5.3,146.1,0,1,1,18.937661941777165,1
58,57.9,182.2,3.4,8.1,42.6,0,0,0,17.441419123024964,1
42,67.6,167.7,4.7,4.5,124.5,0,1,2,24.037017006189537,1
65,85.3,180.5,3.1,4.9,109.1,0,0,3,26.18150566677665,0
30,80.4,171.4,4.4,7.1,10.8,1,0,1,27.36745505814563,1
26,53.2,194.7,3.6,9.5,149.0,0,1,0,14.033943677985361,1
30,63.8,182.8,5.7,9.2,115.9,1,1,1,19.09274164587812,1
48,60.5,192.9,2.4,9.8,105.5,0,0,0,16.25889099313875,1
58,58.9,187.6,9.9,7.9,66.7,1,0,2,16.735921367878852,1
28,71.7,190.6,5.0,8.1,87.7,1,1,3,19.73664652078982,1
21,90.8,186.6,1.9,7.8,45.5,0,0,0,26.077296783761774,1
51,59.1,170.7,4.8,7.7,15.0,1,0,1,20.282451149664933,1
55,68.8,161.3,8.7,4.9,127.0,0,0,0,26.443546679201717,1
63,70.4,166.7,0.2,7.3,135.5,1,1,0,25.3338654404692,1
21,108.5,150.9,6.8,6.3,32.7,0,0,3,47.648722201801334,1
55,107.1,173.6,5.5,6.7,120.2,1,0,2,35.53775828749814,0
36,97.0,172.7,1.7,7.1,113.8,1,0,0,32.522734900482114,1
23,60.7,173.6,8.2,4.8,35.0,0,1,0,20.141381214296334,1
51,49.4,193.8,3.7,6.2,69.1,1,1,1,13.152835953782956,0
35,65.6,191.0,2.9,4.4,69.2,0,0,1,17.981963213727692,0
30,62.3,157.3,8.3,9.9,116.4,0,1,2,25.178543354582185,1
58,77.9,166.6,6.4,4.7,127.3,1,1,2,28.066448668302858,1
40,95.6,169.1,9.0,5.6,23.3,1,0,2,33.4326403987297,1
36,100.8,166.2,6.3,9.3,88.8,1,0,1,36.49206949132662,0
62,99.9,185.9,7.4,6.9,116.6,0,1,0,28.90724535943223,1
28,68.4,173.6,8.4,4.8,120.1,0,0,2,22.696383444116464,0
18,89.7,175.7,0.5,6.3,30.7,0,0,1,29.05687600034856,1
41,65.3,188.4,7.8,4.7,83.6,0,0,1,18.39718537150481,1
24,49.0,186.3,6.1,5.2,130.1,1,0,2,14.117908740109177,0
42,90.6,155.9,0.7,4.3,54.6,0,1,1,37.27657200364865,0
38,45.6,182.1,5.1,6.6,69.5,0,1,0,13.751337815183831,0
32,71.6,169.6,0.8,8.8,122.6,1,0,3,24.892087931648273,0
18,66.4,163.3,7.4,7.5,22.5,1,0,1,24.89979146424649,0
29,90.1,152.3,5.5,7.6,130.3,1,1,1,38.84409291713963,1
24,94.8,171.9,9.5,5.2,53.6,0,0,3,32.08164168664155,1
32,64.8,166.0,1.8,6.1,10.2,1,0,0,23.51574974597184,1
38,97.8,161.3,6.1,9.1,42.8,1,0,2,37.58980908758616,1
36,64.1,181.3,2.1,4.5,22.5,0,1,1,19.50124871880446,1
46,74.0,184.6,6.1,9.1,22.9,0,0,0,21.715424642194364,1
42,92.3,161.0,7.2,6.9,107.0,0,0,2,35.608194128312945,1
50,90.0,152.2,7.2,9.0,40.0,0,0,0,38.85198430034484,1
66,109.2,188.2,8.2,5.9,140.9,1,0,3,30.830701054003423,0
49,59.6,150.4,8.5,6.0,82.3,0,0,1,26.348177908555908,1
66,88.1,192.2,0.8,8.5,74.4,1,1,0,23.84894333750938,1
52,84.6,178.2,3.4,8.7,70.8,1,0,2,26.641272432518228,1
61,104.5,164.5,6.9,5.4,107.0,0,1,2,38.617529401982615,1
55,55.2,161.1,5.0,9.8,73.3,0,1,2,21.26904533196472,1
43,93.9,150.4,1.9,4.5,28.0,0,0,3,41.511642711634224,1
28,81.9,160.6,5.5,4.4,133.2,0,0,0,31.753589047299286,1
52,62.9,156.2,4.1,7.6,70.0,1,0,0,25.780336775629923,0
25,75.8,177.5,3.9,8.3,20.4,0,0,2,24.058718508232495,0
63,66.7,157.5,8.1,9.8,84.1,0,0,2,26.88838498362308,1
31,82.7,173.8,4.1,6.4,100.6,1,0,2,27.378267680666767,1
27,102.8,176.6,0.3,4.2,48.6,1,0,3,32.96186043409616,1
19,82.0,163.4,0.6,7.6,122.0,1,0,3,30.712116604168752,1
63,86.1,151.6,8.6,5.7,103.8,0,0,1,37.463189479326935,1
26,78.7,151.7,9.6,6.6,101.0,1,0,1,34.19822542931375,1
20,48.3,151.2,6.9,6.9,68.9,1,1,1,21.12727807172252,0
38,60.1,183.3,3.6,4.4,144.7,1,0,2,17.8874956881016,1
43,77.0,164.3,9.4,6.9,48.4,0,0,3,28.52433959671029,1
25,65.2,185.8,6.6,6.6,90.9,1,0,3,18.886704107916078,1
65,56.8,169.4,8.4,8.3,53.3,0,1,1,19.79345115547756,0
19,77.8,170.4,7.7,7.9,114.3,1,1,2,26.794176640437303,1
23,66.0,173.1,3.8,5.1,16.7,1,1,0,22.026718409430643,1
45,61.8,182.1,4.8,5.2,16.4,1,0,2,18.63668151268335,0
46,75.2,162.3,1.9,5.5,123.5,1,1,2,28.548336091360746,0
43,53.7,155.5,2.9,5.1,70.8,1,0,1,22.208207111175447,1
42,105.3,175.0,7.8,7.9,57.8,1,0,3,34.38367346938775,1
29,101.4,164.7,8.9,10.0,95.1,0,1,3,37.380986349304315,1
22,91.0,169.9,7.2,7.9,108.3,0,0,0,31.52496656101761,1
51,51.9,179.1,4.7,7.6,38.2,0,1,3,16.17991315221183,0
65,95.4,172.2,0.9,6.5,36.0,1,1,3,32.172297830494486,0
54,97.5,177.9,0.6,5.9,144.1,0,1,0,30.80723486582738,1
32,94.9,174.5,3.7,9.5,92.6,1,0,0,31.165589773482974,1
61,52.4,183.3,4.6,9.8,64.6,0,0,1,15.59575331208858,1
53,86.9,181.8,6.1,7.0,122.2,1,0,1,26.29250823872266,1
32,99.2,174.0,0.1,5.7,83.5,0,0,1,32.76522658211125,1
60,82.5,180.6,9.9,8.6,43.8,1,1,1,25.294054885339747,1
65,87.0,189.3,3.6,4.8,38.9,1,0,3,24.278286086951425,1
40,74.8,169.5,8.5,8.6,65.6,0,1,1,26.03527640727108,1
23,79.4,168.6,5.3,8.9,130.4,1,0,2,27.932214074740134,1
63,47.2,184.4,1.3,4.7,18.6,0,1,0,13.880981173625194,1
67,86.5,176.2,8.0,9.9,40.6,0,1,1,27.86148750066031,1
61,50.3,153.2,7.1,9.9,135.0,0,0,0,21.43139567384058,1
60,73.3,190.1,5.3,9.6,27.0,0,1,3,20.283352625116876,1
62,64.0,151.4,5.1,7.0,98.1,1,0,1,27.920823524689858,0
38,80.5,183.7,0.9,5.5,39.9,0,0,2,23.854898210704835,0
40,53.7,184.1,6.6,7.5,94.8,1,1,0,15.844068402708421,0
60,90.0,192.9,9.1,6.5,63.6,1,0,1,24.18677998979318,1
33,96.7,152.4,0.9,5.2,24.2,1,1,2,41.634805491833205,1
64,55.6,176.9,2.6,6.5,91.5,0,0,3,17.767205509367567,1
32,51.8,169.3,9.0,8.0,105.6,1,1,2,18.072400548591553,0
42,54.5,164.9,2.8,4.4,105.2,1,1,3,20.042652234976376,0
53,102.0,154.1,6.5,6.0,99.2,0,0,0,42.953137705653944,0
28,79.3,175.3,5.3,4.1,80.0,1,0,1,25.805326310466384,1
68,75.4,171.6,6.0,8.5,82.7,1,1,2,25.605707423889246,0
32,51.9,154.7,4.2,7.8,99.0,1,0,2,21.68636337235904,0
21,87.2,177.6,3.0,4.4,106.6,1,1,2,27.64588913237562,1
38,101.4,183.2,0.5,9.8,101.7,1,0,3,30.212524551400627,1
30,98.8,184.5,7.4,4.1,92.2,0,1,0,29.02446368637128,1
39,85.7,190.7,7.5,7.5,31.8,0,0,0,23.565650685562456,1
36,49.9,168.4,6.7,8.7,39.5,0,1,1,17.59609796830304,1
51,52.3,192.9,6.4,8.7,46.4,0,0,1,14.055206594068702,0
31,48.2,188.9,2.4,4.2,138.8,0,0,0,13.507753366359136,0
21,61.7,163.3,0.2,9.4,116.3,1,1,0,23.137306225060367,0
65,53.8,157.2,8.1,9.5,87.4,0,1,0,21.77094056937889,1
69,61.9,169.6,4.9,7.4,45.3,1,1,2,21.519835795656817,1
63,70.0,168.1,3.1,6.9,25.5,1,1,3,24.772087943743298,1
44,106.3,175.9,1.0,4.3,135.8,0,1,0,34.35592022316157,1
46,84.7,176.3,0.6,7.4,135.0,0,1,1,27.2507704696881,1
64,99.3,183.7,3.5,6.5,25.5,1,0,3,29.42598002885702,0
45,91.2,172.9,8.0,8.6,121.6,1,0,2,30.507375793668448,1
52,52.3,154.7,9.2,6.4,72.5,0,1,3,21.853502974458145,1
25,92.8,188.6,9.0,8.1,55.4,0,0,0,26.089430519460805,1
33,62.9,163.9,9.2,4.6,113.5,1,1,3,23.414923235160654,0
59,86.5,193.7,9.1,4.8,96.0,1,0,1,23.054561484916324,1
53,67.2,155.3,5.3,4.8,119.2,0,1,3,27.862902908149024,1
47,109.8,193.1,2.2,4.3,20.4,0,1,0,29.446778702094342,0
35,62.1,154.1,8.0,7.2,54.6,0,0,3,26.150880897265782,1
19,63.1,160.4,2.1,8.8,54.7,1,1,3,24.525655934975525,1
66,105.5,152.1,2.7,7.7,56.2,1,0,3,45.60306487176462,1
30,46.6,181.7,2.3,7.4,80.3,1,0,1,14.114843332811349,1
21,90.3,188.3,5.1,8.1,49.6,1,0,3,25.467546646082045,1
43,92.1,169.5,3.2,6.0,72.2,0,0,3,32.056804239434044,0
42,99.4,191.8,1.5,6.2,61.5,0,0,2,27.020238539232622,1
47,108.3,176.6,4.5,5.9,112.9,1,0,3,34.72538409545344,1
28,108.4,178.4,8.7,8.3,94.5,1,0,3,34.059603048522995,1
24,49.2,188.0,5.7,5.0,101.5,0,0,2,13.920325939339069,1
48,98.4,163.4,8.8,4.1,39.5,1,0,1,36.854539925002506,1
61,87.0,165.9,2.0,7.6,55.6,0,0,1,31.610144458360175,1
27,87.1,190.8,1.7,9.7,13.0,0,1,2,23.925521581864285,1
56,53.3,190.5,5.8,7.7,25.2,1,0,2,14.687140485392082,1
30,87.3,193.9,4.6,8.7,47.1,1,0,3,23.219808065545287,1
48,108.9,190.6,6.6,8.0,19.2,0,1,1,29.976580280530147,0
24,104.3,155.7,7.9,7.0,94.4,0,1,1,43.023633298394685,1
66,73.5,187.1,7.5,8.3,149.7,1,1,3,20.996154704238453,1
59,47.6,168.4,9.4,8.9,24.1,1,1,0,16.785055376577652,0
59,68.5,194.6,4.0,5.3,125.0,1,0,3,18.088597687405795,1
53,98.7,171.3,2.1,6.0,26.6,0,0,0,33.63585152378586,0
37,90.6,174.9,5.5,5.3,103.8,1,0,3,29.61751238394495,1
21,74.9,173.8,1.1,6.7,100.0,0,1,2,24.79603687160751,0
24,48.6,164.5,2.9,9.3,136.4,0,1,3,17.959922764941197,1
18,72.7,153.4,2.1,6.1,26.0,1,0,2,30.89467931577847,0
61,75.5,190.3,4.0,6.2,54.2,0,1,0,20.84823890369743,1
62,105.4,186.1,1.1,9.2,22.7,1,0,0,30.433217134651972,0
59,86.7,156.3,0.3,7.1,67.0,1,1,2,35.489603019931884,0
64,65.3,185.0,6.6,7.2,137.6,1,1,2,19.07962016070124,1
30,79.1,178.2,6.1,9.2,119.4,1,0,1,24.909274815746947,0
39,49.3,168.4,7.1,6.9,111.2,1,0,1,17.38452164002685,1
38,108.2,161.4,6.6,8.1,84.6,0,0,3,41.53557241546628,1
39,68.4,188.7,1.1,4.5,133.7,1,1,2,19.209333714149956,1
45,76.1,181.5,2.9,5.1,72.9,0,1,0,23.10103286812528,1
26,68.1,174.6,1.3,6.4,31.0,1,0,1,22.33873793019292,1
43,89.4,177.4,8.4,7.0,127.3,1,0,2,28.407321589945713,0
26,88.0,154.1,7.5,9.8,49.1,1,0,0,37.05760900095634,0
32,91.5,171.3,2.0,9.8,17.5,1,1,0,31.182172385272608,0
27,62.4,158.7,3.4,9.1,27.6,0,1,2,24.775973975698104,0
41,65.5,159.4,9.7,5.9,95.3,1,0,3,25.77891686043491,1
59,53.1,179.8,5.9,9.8,95.0,1,0,1,16.425369431614165,1
25,87.6,191.0,8.0,8.1,46.4,1,0,1,24.01249965735588,1
41,47.6,168.2,2.6,6.4,111.8,0,1,2,16.824996005830783,1
33,83.8,159.3,2.1,8.2,118.3,1,1,3,33.02269147545621,1
66,101.5,179.2,7.8,4.1,138.9,0,0,0,31.607491629464292,0
43,102.9,189.2,6.9,4.9,91.9,1,1,3,28.745714681601406,1
44,74.2,183.7,6.8,9.0,119.1,1,0,1,21.987993133345327,1
54,74.9,189.1,5.5,7.9,115.4,1,0,2,20.945887181368732,1
21,50.0,174.1,5.6,6.2,46.1,1,0,1,16.49576504224071,1
67,88.6,183.8,7.4,7.0,53.4,1,1,2,26.226643190959557,1
41,98.4,156.3,2.7,9.4,77.0,1,0,3,40.2788574067047,1
36,60.9,165.7,3.5,7.8,12.7,1,0,1,22.180548205542664,1
53,72.4,167.5,8.7,6.4,51.6,0,1,3,25.805301848964135,0
56,99.5,173.0,3.1,4.7,76.3,1,0,1,33.24534732199539,1
27,102.0,191.8,5.5,5.8,25.1,1,0,3,27.727005342069692,0
42,60.8,189.3,7.0,9.9,27.7,0,0,1,16.966894184903985,0
35,80.8,156.1,10.0,6.6,74.9,1,0,2,33.159315325800534,1
36,57.5,157.8,4.4,6.8,112.3,1,1,3,23.091590484497708,0
53,51.6,166.1,4.3,7.0,126.7,0,1,3,18.702963948587147,1
27,104.2,163.1,8.4,9.3,86.5,1,0,2,39.17056148105321,1
50,98.3,177.7,8.1,7.6,76.5,1,1,0,31.12996713777528,1
67,94.4,190.6,7.3,8.2,63.8,0,1,1,25.985208250523836,0
22,48.2,193.3,4.6,6.3,37.0,0,1,1,12.899810490543395,1
64,99.8,179.4,3.2,4.2,30.5,1,1,2,31.008850261431327,1
66,73.5,187.7,6.1,9.6,120.9,0,1,1,20.862137037843354,1
52,67.3,173.6,8.8,9.7,75.1,0,1,3,22.331383125570728,1
61,80.5,159.4,8.8,9.7,120.6,0,1,3,31.682485607099395,0
51,50.9,173.6,1.1,9.7,108.6,1,1,2,16.88956019452526,0
50,94.2,175.0,4.3,8.9,37.1,1,0,3,30.759183673469387,1
38,82.9,183.4,4.6,8.1,81.4,0,0,0,24.646534798290855,1
34,57.1,159.9,9.8,9.1,72.2,0,0,1,22.332594519479613,0
39,57.2,166.6,6.8,7.6,69.3,0,0,2,20.608483489434192,0
65,57.0,166.4,4.1,4.8,86.0,0,0,2,20.58582193047337,0
54,48.7,193.2,0.3,6.3,147.5,1,0,1,13.047121810286813,1
32,83.2,170.0,5.7,9.8,123.8,1,0,0,28.788927335640143,1
52,99.6,184.0,1.0,6.1,136.5,1,0,2,29.418714555765593,0
45,46.1,183.8,8.3,9.2,14.1,1,1,1,13.646142788975572,1
24,48.2,161.9,7.5,4.6,29.6,0,0,0,18.38879794106505,0
49,82.2,175.7,4.6,6.0,21.9,1,0,2,26.627371318045167,1
28,98.3,190.2,4.3,6.1,46.9,0,1,0,27.172681144757693,1
27,66.2,171.4,9.0,4.3,71.9,0,1,2,22.5338995628015,0
26,67.7,192.5,2.9,4.7,99.9,0,0,1,18.2695226851071,1
31,83.8,159.7,2.5,5.2,80.1,0,0,1,32.85747501675222,0
30,62.8,153.3,9.4,9.0,136.4,1,0,1,26.72239221578416,0
42,46.7,190.1,8.1,4.4,141.6,0,1,0,12.922681686124943,0
19,92.8,188.1,8.2,5.8,32.9,0,0,3,26.228314652724958,0
52,85.7,194.7,2.0,4.1,129.4,0,1,0,22.607311526378673,1
24,82.7,180.6,1.4,8.2,77.4,0,0,1,25.355373806273906,0
38,93.2,192.2,0.3,7.7,73.5,1,1,2,25.22952916067962,0
35,88.9,187.2,2.4,7.9,119.9,0,1,3,25.368224486814235,1
20,58.4,188.0,7.7,6.2,23.0,1,1,0,16.523313716613853,1
59,67.9,175.6,2.4,5.2,133.5,0,0,0,22.020174241520127,1
56,53.2,167.2,7.3,8.3,103.9,1,0,2,19.03001304915181,1
58,53.4,192.1,2.5,8.9,132.5,0,1,2,14.4705996166646,0
66,89.0,169.4,4.0,4.8,149.2,0,1,1,31.01438649361801,1
28,100.8,174.2,9.8,6.9,82.5,1,1,0,33.21729250066896,1
56,107.6,170.1,2.4,5.5,23.1,1,0,2,37.18807037116529,1
41,85.8,175.4,3.8,5.0,33.3,1,1,2,27.888689673643825,0
63,57.0,171.2,3.0,8.4,55.3,0,0,3,19.44765918420823,0
36,51.9,152.2,1.1,7.2,24.5,1,0,1,22.404644279865526,1
21,97.8,189.7,4.9,5.3,124.1,1,1,1,27.177167622267387,0
43,82.6,170.0,3.8,5.9,51.6,0,1,0,28.581314878892734,1
55,85.2,176.5,6.9,9.8,146.6,1,0,2,27.34954939049347,1
59,95.8,156.3,8.2,9.1,108.4,0,0,1,39.21457865408852,0
49,90.7,150.2,5.4,9.3,34.3,0,0,0,40.203829425834364,1
56,99.2,161.0,0.3,6.8,76.6,1,1,1,38.27012846726592,1
62,48.7,181.7,6.2,7.7,75.4,0,0,0,14.750919963689114,1
63,93.6,154.5,0.6,6.3,79.0,0,0,2,39.21198981996418,1
53,100.3,190.9,6.2,4.5,85.0,0,1,1,27.5225757838103,1
57,63.6,159.7,6.9,6.4,14.4,0,0,0,24.937176743024356,1
54,86.6,159.2,2.0,7.6,106.1,1,1,0,34.168960379788395,1
50,65.4,158.2,8.2,5.7,78.2,1,1,2,26.131527088084827,1
53,107.3,150.6,9.1,9.1,120.7,0,1,1,47.309654696839026,1
20,47.2,184.7,8.1,4.9,124.1,1,1,0,13.83592527310563,1
26,82.7,189.4,3.1,6.2,42.3,0,1,0,23.05396132286808,0
25,55.8,177.6,5.9,4.7,16.8,1,1,0,17.690832724616506,0
50,91.3,158.5,9.1,6.4,108.5,1,1,0,36.34228622038233,0
23,56.4,162.8,3.2,4.2,146.9,0,1,1,21.279935284849287,1
58,60.3,171.4,8.2,5.6,72.5,0,1,3,20.52559129360922,0
56,77.1,192.9,0.1,6.4,46.3,0,0,1,20.720008191256156,1
21,104.5,161.1,0.0,6.9,31.9,0,1,0,40.264768789679586,0
30,58.8,182.9,7.6,7.3,50.2,1,0,1,17.577208936516083,1
66,54.4,169.8,7.6,5.6,55.9,0,0,1,18.867898351972315,1
19,94.3,163.4,7.9,7.1,69.3,1,1,2,35.318934094794066,1
22,77.5,170.5,9.3,7.1,101.8,1,1,2,26.659557451346306,1
61,104.3,153.2,1.2,5.9,48.2,0,1,0,44.43925584058792,1
44,54.5,185.9,2.3,9.0,17.1,1,0,3,15.770218939830395,0
49,87.0,160.9,9.0,7.3,62.3,0,1,2,33.6052526168642,1
38,60.1,182.6,1.8,6.0,129.8,0,0,1,18.024902557556725,0
25,55.2,153.1,6.8,9.7,79.8,1,0,0,23.549879882813755,1
55,89.4,193.0,5.3,9.1,145.1,0,0,3,24.000644312598997,0
25,83.6,158.7,0.8,9.9,80.5,0,1,2,33.193452313595536,0
67,94.1,189.7,2.9,8.2,48.6,0,1,0,26.148992569073222,1
20,65.1,186.4,5.2,6.3,37.1,1,0,3,18.736530420527174,1
61,74.1,193.6,8.5,5.7,107.2,1,0,0,19.77003790724677,1
20,71.4,171.5,7.1,8.0,85.1,0,0,3,24.275599452609033,1
39,109.0,182.7,6.2,9.9,94.6,0,0,2,32.654978581030335,0
23,64.0,166.7,5.0,7.8,115.7,1,1,1,23.03078676406291,1
19,64.2,158.3,3.0,9.3,111.6,1,1,1,25.61965035163169,0
40,68.0,169.9,1.2,6.0,16.1,0,0,2,23.5571178697714,1
61,81.7,157.5,4.1,6.4,122.4,1,0,2,32.93524817334342,1
19,61.4,194.2,0.3,9.4,84.6,0,0,2,16.280581773597035,1
55,104.5,154.3,2.1,8.5,64.8,0,1,3,43.891905786549245,0
34,62.3,176.5,4.3,9.9,85.3,0,1,3,19.998555481546276,1
52,103.2,178.2,4.2,8.6,95.7,1,0,3,32.498573463781106,0
51,51.7,174.2,0.4,6.7,30.9,1,1,3,17.037043871870885,1
40,87.7,179.8,5.9,7.2,68.4,1,1,3,27.1281525264136,1
47,104.0,155.2,5.5,9.4,57.0,0,0,3,43.176745669040294,1
69,56.0,175.0,0.8,7.3,59.1,1,1,3,18.285714285714285,0
25,107.9,162.9,9.4,5.5,22.8,1,1,2,40.661114295415246,1
39,74.4,192.3,1.0,6.6,32.4,0,1,3,20.119369517370398,0
61,106.5,184.3,8.5,7.1,32.7,1,1,0,31.354431971039684,1
53,89.0,193.8,0.0,4.6,62.3,0,1,3,23.69640485600573,1
22,64.6,151.7,8.8,8.5,135.2,0,1,1,28.071224431177484,1
30,57.2,162.8,0.2,4.7,38.8,1,0,1,21.581778338535095,0
46,64.7,158.8,7.6,6.4,68.3,1,0,2,25.656847007467846,1
48,51.0,150.5,3.6,8.8,53.6,0,0,1,22.516307767022443,0
64,54.4,160.9,7.4,6.8,120.2,1,1,1,21.01293956732658,1
33,51.8,180.5,4.0,9.1,17.0,1,1,1,15.899202737854988,1
59,72.5,160.4,0.7,6.1,37.5,1,1,2,28.179240178854606,1
47,96.7,172.9,7.7,9.7,39.5,0,0,2,32.34718464087433,0
33,54.2,190.0,0.7,5.3,149.0,0,0,3,15.013850415512467,0
29,53.5,181.2,9.2,4.2,89.9,1,1,1,16.2943633076522,0
34,86.8,167.8,0.5,9.2,29.5,0,1,3,30.827322952433576,1
33,57.8,166.8,4.8,8.5,48.1,1,1,2,20.774747108787782,0
29,51.3,170.5,7.2,5.4,33.5,1,1,3,17.646907061342777,1
25,55.8,158.0,3.9,9.9,27.4,1,1,3,22.35218714949527,0
37,105.0,178.5,2.2,7.0,121.6,1,0,1,32.95435821387379,1
20,98.4,166.4,7.6,9.7,79.4,0,0,2,35.53762943786982,1
33,68.0,188.4,7.8,7.0,98.4,1,1,1,19.157865317952943,1
47,87.6,184.0,9.2,6.8,56.4,0,0,3,25.874291115311905,1
62,79.9,177.5,3.8,6.7,87.5,0,1,2,25.360047609601274,0
40,89.0,166.4,5.1,6.0,46.1,1,0,3,32.142774593195256,1
45,89.4,159.4,3.6,7.2,53.1,1,1,3,35.185269730120325,1
68,85.9,184.9,2.6,6.7,101.3,0,1,1,25.125767776480707,1
57,62.3,171.9,7.5,4.2,31.0,1,1,2,21.083188576769707,1
22,47.5,160.1,3.4,5.6,96.4,1,1,2,18.53151586629375,1
37,74.6,158.8,4.3,5.3,129.3,0,0,1,29.582701495472968,1
57,102.9,157.4,4.0,9.2,26.9,0,1,0,41.534206587672294,1
61,82.0,185.0,7.1,7.6,135.6,0,1,1,23.959094229364496,1
18,99.1,160.3,9.2,8.6,21.1,1,1,1,38.566178745482276,1
47,109.5,173.7,6.7,9.7,58.8,1,1,0,36.292299171839566,1
38,55.6,170.3,4.7,7.9,95.5,0,0,2,19.17103215664802,0
37,90.0,176.1,7.8,9.9,88.3,0,0,0,29.021763420388954,0
23,88.8,189.5,6.4,5.9,23.5,1,0,3,24.728315731580814,0
39,108.7,189.0,0.6,5.1,121.8,0,1,3,30.430279107527788,0
35,109.1,170.3,1.0,6.4,146.2,0,0,1,37.61797856637228,0
25,89.6,150.7,0.4,6.8,35.4,1,1,3,39.453133772102674,1
56,60.8,169.2,4.6,9.4,135.3,0,0,0,21.23747408189841,1
49,96.9,177.3,8.3,7.4,88.0,1,0,3,30.82522858863398,0
50,52.0,175.1,3.1,5.8,141.0,0,1,2,16.96020320932707,1
33,95.7,179.3,3.8,8.5,34.7,1,0,1,29.768116636271248,1
29,104.2,156.9,9.1,7.0,120.9,1,1,1,42.327423336384,1
55,69.9,179.1,8.4,5.0,18.4,0,0,2,21.791443725233282,0
69,86.0,158.2,6.7,7.5,133.6,0,1,2,34.36255855619717,0
51,73.0,183.8,2.7,9.5,104.4,0,1,1,21.608859513996027,1
31,73.5,165.3,1.2,9.1,61.8,1,1,2,26.899340472088912,0
53,65.2,181.9,0.2,7.5,36.7,0,1,3,19.705261274537513,0
50,94.5,152.2,1.1,6.3,124.3,1,0,3,40.794583515362085,1
40,105.9,168.4,2.9,4.5,94.5,0,1,3,37.34322194074734,0
67,106.1,181.7,5.5,6.8,60.5,1,0,3,32.13701454101468,0
62,56.4,160.2,0.6,8.5,72.1,0,1,0,21.97627497463377,1
19,101.9,185.8,1.4,6.2,125.7,1,1,0,29.517717003016077,1
58,92.9,178.4,1.8,5.4,57.4,1,1,0,29.18945685616039,1
38,61.4,176.4,6.3,9.6,22.5,1,1,0,19.73200466883654,0
19,49.4,165.9,6.2,8.9,137.6,1,0,3,17.94874869244819,0
44,62.4,171.7,5.5,7.8,64.2,1,0,3,21.16625380034321,1
26,104.3,176.9,2.5,4.8,58.8,1,1,2,33.329488032860375,1
18,86.2,171.3,3.7,4.9,38.6,0,0,0,29.375991908311462,0
28,91.9,181.4,1.0,4.6,135.6,1,0,0,27.92807138889125,0
20,61.7,169.5,2.3,7.7,40.5,0,1,1,21.475622384072537,1
69,91.8,159.1,9.0,4.7,99.1,0,0,2,36.26622251737361,0
40,46.8,159.6,9.8,9.1,133.3,0,1,3,18.373000169596924,1
43,69.4,150.3,6.5,10.0,14.9,0,1,2,30.721435815439424,1
21,85.7,163.5,9.2,6.2,126.0,0,0,2,32.05865574353076,0
35,54.5,183.7,6.4,6.7,67.5,0,0,1,16.15021058985607,0
23,98.5,185.7,0.3,8.3,102.1,0,1,1,28.56356582336001,0
52,60.3,159.1,10.0,9.6,62.1,1,1,2,23.821930477098356,1
39,87.4,193.2,1.0,9.4,107.4,0,1,0,23.415163166715963,1
60,71.3,172.6,6.8,4.3,45.6,0,0,3,23.933595517536308,0
32,83.7,191.3,2.5,5.0,13.1,1,1,1,22.871545802251575,1
39,52.0,181.8,3.9,8.5,142.7,1,1,1,15.733146471962927,1
54,46.1,182.5,6.5,8.1,12.3,0,1,3,13.841246012385064,0
69,104.1,153.8,4.4,4.8,125.4,1,1,1,44.00865122995936,1
59,62.5,159.9,2.5,7.0,33.7,0,1,2,24.44460871221499,1
29,98.3,150.4,3.3,8.7,64.9,1,0,3,43.45681020823902,1
64,110.0,182.2,3.4,5.3,125.1,0,0,0,33.135683998838445,0
66,58.7,165.5,9.6,9.2,38.8,1,0,1,21.430983652942196,0
59,62.2,185.4,8.0,4.3,131.2,0,0,1,18.09551405806158,1
55,88.1,165.3,4.6,8.7,79.7,1,0,2,32.2426108243678,1
35,107.8,186.9,2.0,7.7,61.3,0,1,0,30.86030102820912,1
62,104.5,155.9,8.1,5.9,102.7,1,0,1,42.99560457374486,0
52,77.7,157.8,1.6,8.3,57.8,1,1,3,31.20376661992125,1
47,96.7,165.3,2.1,8.7,58.6,1,0,3,35.3900166483129,1
41,53.8,168.4,3.7,9.6,112.7,1,0,2,18.971344102098268,1
59,108.5,165.7,8.8,6.2,53.4,1,1,2,39.517068642058774,1
47,107.7,184.4,1.3,8.1,38.1,0,0,1,31.67334051693715,0
31,55.6,154.4,1.2,7.6,123.1,0,0,2,23.322773765738674,1
23,64.5,165.8,4.9,7.2,122.8,0,1,3,23.46338475149183,0
20,51.5,187.7,2.8,9.3,79.7,1,0,2,14.617687856448065,1
33,62.7,153.0,5.7,4.0,83.7,1,0,3,26.784570037165196,1
24,98.0,192.4,4.5,5.7,107.5,1,0,1,26.473779072531666,1
69,69.6,194.4,4.3,7.2,81.3,0,1,3,18.416907991667937,1
31,50.7,154.0,1.1,5.1,68.4,0,0,2,21.377972676673977,1
26,67.2,163.1,1.4,9.4,149.3,0,0,3,25.2616289014086,0
32,108.8,166.8,8.2,7.9,30.7,1,1,3,39.105406322424066,1
38,85.9,184.9,8.9,6.9,93.0,1,0,0,25.125767776480707,0
52,72.1,176.8,2.3,8.9,134.0,1,1,0,23.06591797874736,1
19,55.8,179.0,1.1,6.7,106.2,0,1,1,17.41518679192285,1
44,109.1,184.1,0.5,7.4,133.3,1,1,3,32.18971811425491,1
19,98.4,155.3,6.1,4.0,57.1,1,1,3,40.7992506869325,0
52,63.3,187.5,7.2,6.2,48.1,1,0,3,18.005333333333333,1
35,49.6,181.8,3.7,4.8,129.2,0,0,0,15.007001250180023,1
31,48.7,176.0,6.8,8.1,65.2,0,1,3,15.72184917355372,1
37,52.8,190.0,7.1,6.9,109.4,0,0,0,14.626038781163434,1
35,82.7,181.5,9.4,5.8,30.7,1,0,1,25.104539003862822,1
27,105.4,159.1,0.6,6.8,115.8,1,0,3,41.63899622365119,1
42,77.3,169.3,1.9,5.3,86.9,0,1,3,26.96904560629589,1
19,99.8,172.2,0.7,9.6,47.6,1,0,2,33.656135466282485,1
42,74.0,152.5,8.7,4.3,79.2,1,1,0,31.819403386186515,0
50,91.1,193.0,7.9,9.2,107.6,1,1,2,24.457032403554457,0
53,92.6,155.8,5.7,7.1,11.7,0,0,1,38.148378240758284,0
48,56.3,181.4,0.8,7.7,99.2,0,0,0,17.109362559244584,1
31,68.5,172.8,2.7,5.8,85.8,0,1,3,22.940511402606305,1
18,86.4,151.2,3.0,9.8,40.8,1,1,3,37.792894935752095,0
63,49.6,191.6,5.6,5.7,115.4,0,1,3,13.511098713830572,1
33,68.5,188.3,2.6,7.5,52.5,0,0,3,19.31923527415969,1
63,79.8,173.6,0.7,10.0,48.8,0,1,1,26.47911401813587,0
69,109.8,160.3,7.3,9.3,76.0,0,0,3,42.73023639004999,0
20,75.8,155.5,3.0,7.2,104.7,0,0,3,31.34789756102605,0
52,98.0,166.4,4.5,9.9,140.0,1,0,3,35.39316752958579,0
58,73.1,161.5,1.3,8.2,29.8,1,0,2,28.026723154635814,0
23,96.8,172.8,8.0,5.3,65.5,1,1,1,32.41812414266117,0
42,83.7,193.5,5.7,6.4,19.4,1,1,0,22.354425815756265,1
30,102.6,175.9,9.0,6.0,116.2,1,1,1,33.16008856910985,0
51,71.7,190.0,5.0,6.1,72.7,1,1,1,19.861495844875346,0
25,84.3,179.3,9.4,8.6,109.0,0,1,1,26.22207139433298,1
38,86.0,171.4,8.9,7.5,55.1,1,1,3,29.273645957717964,1
51,72.1,188.5,5.8,4.2,128.2,1,1,2,20.291425395239536,1
21,54.4,171.2,9.3,9.3,84.9,1,0,2,18.560572975805748,0
42,51.1,189.1,3.2,5.8,142.1,1,1,2,14.290184712522594,1
32,46.1,163.1,3.7,10.0,21.0,1,0,2,17.3297781600437,1
21,101.8,155.8,0.5,9.7,82.0,1,0,0,41.93849789318783,1
62,60.4,188.5,5.9,9.6,117.3,1,1,2,16.998642078675008,0
29,58.7,176.4,7.2,8.9,94.0,1,1,3,18.86431065245448,1
49,92.8,190.0,7.7,5.3,13.2,0,1,3,25.706371191135734,1
49,65.8,192.2,1.5,7.2,146.1,1,1,2,17.812264149921877,1
45,77.9,152.4,4.4,5.3,51.8,1,0,0,33.54034485846749,1
30,55.6,172.5,1.8,5.6,44.9,1,0,2,18.68515017853392,1
48,107.4,166.9,6.6,7.7,78.0,1,0,3,38.55596772068535,1
31,100.4,178.2,1.6,4.2,85.9,1,0,3,31.616829222515726,1
37,101.1,185.7,9.0,9.8,117.3,0,1,3,29.31752796692078,1
35,71.4,162.6,2.3,9.5,65.1,0,0,1,27.005805113401692,1
46,94.6,175.1,2.9,6.3,71.6,0,0,3,30.854523530814244,1
23,54.4,181.9,8.5,7.1,84.9,0,1,2,16.44119959102516,0
49,45.6,156.0,4.6,6.8,65.2,0,1,3,18.73767258382643,1
46,46.3,186.6,0.2,9.3,138.0,1,1,0,13.297123800530509,1
60,83.1,177.3,4.9,8.1,129.2,0,0,1,26.43525795372016,1
19,74.6,192.7,0.8,5.7,73.7,0,1,0,20.089790050921962,1
40,78.7,165.3,9.9,6.7,10.0,0,1,3,28.802423063311533,1
36,45.5,154.9,5.9,6.6,136.1,0,0,1,18.963066198605397,1
48,72.5,172.8,2.6,9.8,27.4,1,1,1,24.280103309327842,0
68,91.7,153.9,5.6,5.1,44.2,1,0,1,38.71614395650281,1
22,73.8,193.6,0.8,4.5,31.3,0,1,3,19.68999726794618,1
36,92.6,151.7,8.0,9.3,35.2,1,1,0,40.23831861187361,0
51,60.1,183.9,9.3,9.4,122.4,1,1,3,17.77096508167991,1
27,97.9,173.6,8.7,9.2,91.1,1,1,1,32.4850283505702,0
42,83.2,166.6,3.4,7.1,143.9,1,0,3,29.97597598463155,1
19,58.7,153.0,3.3,8.0,42.4,0,0,1,25.075825537186553,1
28,60.4,178.0,0.4,7.4,78.0,1,0,1,19.06324958969827,1
67,85.8,176.3,6.5,4.4,146.8,1,1,1,27.604676579684046,1
48,98.9,162.6,5.3,7.6,125.7,0,0,3,37.407200640272094,0
32,72.0,191.0,4.6,4.1,112.0,0,0,3,19.736301088237713,1
26,61.8,163.7,9.1,5.9,36.5,1,1,1,23.06168927247088,1
40,101.4,170.2,1.7,9.6,117.7,0,0,2,35.00409416722706,1
36,88.5,174.5,0.1,5.8,58.7,0,0,0,29.063800789812888,1
26,74.1,154.5,0.7,9.6,84.3,0,0,1,31.04282527413831,0
52,76.7,191.9,2.2,5.5,95.3,0,1,1,20.82789667299469,1
38,58.3,166.9,0.3,5.9,95.3,1,0,1,20.929356779478173,0
26,85.7,153.6,5.0,7.8,111.7,0,1,1,36.32439507378472,0
45,68.3,167.4,3.1,8.6,102.6,1,1,1,24.373045338860265,1
63,109.7,177.0,1.8,7.0,19.6,0,0,2,35.01548086437486,1
68,76.2,173.1,7.5,9.3,74.0,1,0,3,25.430847618160836,1
24,76.6,181.3,2.0,4.2,103.0,0,0,2,23.30414433479597,1
33,81.8,152.5,6.9,9.5,51.4,0,1,1,35.17334049986563,1
33,104.6,162.8,3.5,5.2,53.8,0,0,1,39.465979269419066,0
50,97.1,186.9,5.1,9.3,27.4,1,1,1,27.797172818544574,1
21,74.3,153.6,9.3,6.4,68.6,1,0,3,31.492445203993054,1
21,91.7,188.5,0.4,9.0,148.2,0,1,0,25.807541036663878,1
56,83.1,154.1,5.0,8.0,49.9,0,0,0,34.99417395431218,1
57,77.0,187.6,8.5,5.1,84.4,0,1,2,21.878878528466412,1
34,57.5,166.2,5.9,9.5,114.1,1,1,2,20.816408688008735,1
54,75.2,177.5,2.8,5.5,11.9,1,1,0,23.868280103154138,1
56,61.0,156.9,4.0,5.5,136.1,1,0,1,24.779009822643225,1
69,104.5,153.0,6.8,8.9,64.1,1,1,3,44.640950061941986,1
46,66.8,159.7,8.9,4.6,131.7,0,1,2,26.191877459654513,0
69,106.9,155.8,0.4,5.3,15.5,1,1,3,44.03954248312161,1
53,79.6,164.1,0.7,7.0,30.4,1,0,1,29.55941981840267,0
55,86.1,173.1,3.3,9.0,55.2,0,1,1,28.73485537957543,1
56,80.3,176.5,2.3,4.9,58.4,0,1,2,25.776629296439264,0
67,53.4,185.5,2.6,7.3,128.7,1,0,0,15.518631803023808,1
54,69.4,179.5,2.2,8.3,11.6,1,1,0,21.539249385091676,0
69,51.4,177.4,2.0,9.2,99.8,0,0,0,16.332621137843507,0
52,85.5,168.5,1.3,9.6,28.4,1,0,1,30.11385149116396,0
24,74.0,171.3,9.3,8.7,125.3,0,0,1,25.21836892360845,0
44,95.6,168.7,1.4,7.9,119.0,1,0,3,33.59137081254224,1
45,59.3,187.9,2.0,6.6,80.0,1,1,3,16.795816963548543,1
39,55.7,160.4,2.5,4.7,39.8,1,0,3,21.64943004085795,1
31,71.4,150.3,9.3,8.3,98.8,0,1,1,31.60677978706592,1
24,105.2,179.3,7.6,10.0,31.9,1,0,0,32.72315433788647,1
54,91.2,159.1,7.9,8.4,36.6,0,1,1,36.02918838327314,1
39,72.2,190.1,1.0,4.1,97.7,0,1,3,19.978963977263827,1
22,78.6,188.7,8.4,7.0,148.8,1,1,3,22.073883478540733,1
19,50.5,153.5,4.1,7.7,134.7,1,1,3,21.432588144171294,1
44,109.0,154.8,2.6,8.1,93.0,1,1,3,45.48671620962949,1
38,88.3,172.3,5.8,8.3,85.4,0,0,2,29.743368289931478,1
55,63.6,177.4,8.2,7.3,149.8,1,1,3,20.209235493518428,1
32,83.1,162.4,7.8,5.3,86.6,0,1,1,31.508590356475523,0
38,52.1,182.3,8.9,9.7,68.8,0,1,2,15.677051534771307,0
27,107.8,176.8,9.3,8.2,137.3,1,0,0,34.486906492496054,1
40,56.4,164.6,2.4,5.4,42.8,1,0,1,20.817062313882914,1
56,87.1,151.1,4.2,5.9,23.7,1,0,1,38.14953302956786,1
22,61.0,183.8,0.1,9.5,98.8,1,0,0,18.056718224024078,1
18,91.6,159.7,8.8,9.3,23.4,0,0,1,35.915808013538225,1
30,95.5,187.6,1.5,6.4,62.2,1,0,2,27.135492200890162,0
38,88.8,168.9,8.6,4.2,69.3,0,1,0,31.12817552084483,0
43,84.9,176.0,3.3,4.3,86.7,1,0,2,27.408316115702483,0
67,103.0,189.3,3.7,5.7,148.8,0,1,3,28.743258240873526,1
62,50.1,188.9,0.4,7.8,40.9,0,1,0,14.0402166733318,1
38,66.5,166.7,3.3,7.5,62.6,0,1,2,23.930426872034115,1
35,61.1,159.4,8.9,7.8,28.5,0,1,3,24.04720336141333,0
54,109.2,184.9,0.3,8.3,95.1,1,1,2,31.94102259827349,1
62,70.3,169.5,4.1,4.1,111.9,1,1,2,24.468983040523486,1
49,92.6,158.6,0.3,4.6,77.5,1,0,1,36.813289040771316,1
53,89.5,190.7,3.7,6.2,44.4,1,1,3,24.6105686856224,0
34,58.8,158.9,1.7,4.9,96.9,0,0,1,23.2878573230608,1
52,60.5,151.2,2.5,4.5,85.5,1,1,3,26.463774810335664,0
66,63.3,150.9,8.8,7.8,34.0,0,1,3,27.798747607133866,1
28,71.7,178.0,4.4,8.9,66.8,0,1,1,22.629718469890165,0
38,60.2,179.8,2.7,8.5,70.9,0,1,1,18.621605268986304,1
69,46.3,164.0,5.9,8.9,147.6,0,0,1,17.21445568114218,1
43,102.2,164.4,1.4,8.0,128.9,0,0,3,37.813534137259424,1
21,107.8,165.3,2.6,8.4,112.8,0,0,3,39.452366025730406,1
51,67.2,180.6,5.5,5.6,134.4,0,0,3,20.603157433876742,0
69,67.0,152.6,2.4,10.0,113.0,0,1,3,28.77171405554057,1
65,45.5,191.8,6.8,5.1,136.5,0,1,3,12.368419049648734,0
35,89.2,160.0,4.9,5.3,17.6,0,0,3,34.84374999999999,1
57,98.7,195.0,7.7,5.7,73.8,0,1,2,25.956607495069036,1
52,54.5,157.7,9.5,9.9,114.6,1,1,1,21.914578180559236,1
58,55.4,184.7,1.2,9.9,91.7,0,0,3,16.239624155297708,1
46,96.4,160.1,3.3,8.8,34.5,1,0,2,37.609223779173,1
69,85.1,153.6,3.2,7.8,57.7,0,1,0,36.07008192274305,1
46,47.9,189.4,1.5,7.1,54.5,0,0,2,13.352899000790579,0
55,85.5,188.6,8.1,9.8,46.6,0,1,1,24.03713695489115,1
59,65.1,168.2,7.6,8.2,58.0,0,1,0,23.010656302092098,1
38,69.0,181.6,4.8,9.7,82.1,0,1,3,20.92268431368744,1
59,95.0,175.1,5.4,5.9,129.7,1,1,1,30.984986632424455,1
30,97.7,188.4,0.6,6.0,113.9,1,1,0,27.525344728882395,1
66,71.0,164.2,5.6,9.1,126.9,0,1,2,26.33370967047999,1
58,106.6,173.6,7.9,4.9,133.7,0,1,0,35.371849051795536,1
34,71.4,171.8,5.7,9.7,68.3,0,0,1,24.190892569398045,0
26,95.2,165.9,2.7,7.0,58.4,1,0,0,34.58949140730907,0
58,76.5,190.1,6.7,9.6,18.1,1,0,2,21.16884687341666,1
18,103.3,157.5,3.6,6.0,140.3,0,0,0,41.64273116654069,0
19,104.0,156.7,5.4,8.3,19.2,0,0,2,42.35408914476913,1
65,50.7,176.0,4.9,6.9,113.8,0,1,0,16.367510330578515,1
46,105.9,179.6,3.8,7.8,62.9,1,1,2,32.83093833859951,0
50,98.7,158.8,7.2,7.0,142.8,0,0,2,39.13957959253595,1
27,96.4,167.6,8.8,9.8,68.7,0,1,2,34.31855594351821,0
67,58.1,192.6,0.1,8.2,124.3,0,0,3,15.662589540948643,1
57,97.3,161.1,9.3,5.5,49.6,1,1,2,37.490545485510275,1
38,100.3,180.1,5.1,9.5,51.9,0,1,1,30.92242233246321,0
45,63.8,183.3,7.0,5.8,93.4,0,1,2,18.98872254410785,0
28,106.9,170.2,8.6,6.2,149.7,0,0,3,36.902738328171324,0
51,48.2,192.2,4.7,4.6,82.5,1,1,3,13.04788954447165,1
25,54.7,183.1,8.3,9.4,141.1,1,0,1,16.315885080092507,1
39,79.9,170.6,1.8,5.7,120.1,0,1,2,27.45293145082043,1
25,82.4,175.6,1.6,5.6,121.4,1,0,3,26.72256785716139,1
66,86.9,181.2,6.6,9.5,71.0,0,0,3,26.46691909224255,1
32,46.1,176.6,8.7,8.8,64.1,1,0,0,14.78153468883106,1
34,107.4,189.5,8.9,4.8,36.9,0,1,0,29.907895378060584,0
40,47.9,166.1,6.4,8.6,145.0,0,1,1,17.36185994452179,0
41,54.3,163.5,5.3,9.5,144.3,0,1,0,20.31254383749965,0
62,45.9,159.6,3.3,4.5,114.6,1,1,2,18.019673243258524,0
36,81.8,151.7,9.8,9.0,51.5,1,0,0,35.545296570747965,1
22,105.6,151.9,3.2,7.3,44.3,1,1,3,45.76657055397919,0
49,88.3,189.2,7.4,8.0,148.4,0,0,1,24.667119595582157,1
61,98.5,180.5,5.3,7.0,19.3,1,0,0,30.233039955187575,0
18,45.9,179.7,6.1,8.2,128.1,0,1,1,14.214007207337774,1
40,80.2,177.7,3.9,4.2,59.8,1,0,2,25.397999638347688,1
54,74.9,188.2,9.6,8.6,68.6,0,1,2,21.146698799861323,0
25,77.4,171.6,5.7,4.2,126.5,0,1,0,26.284903907281535,0
30,49.7,189.2,9.4,6.7,22.7,0,1,0,13.883984642134012,0
25,89.5,166.2,0.1,4.9,59.6,0,0,0,32.40119265350925,0
40,77.7,191.7,5.7,8.9,143.3,1,1,3,21.143495762729163,1
60,94.7,181.4,7.2,5.9,107.9,0,0,2,28.778981072121887,0
18,76.5,161.6,7.5,6.7,115.7,1,1,3,29.294003038917758,0
62,54.7,175.4,9.0,6.6,116.1,0,1,0,17.779852274455912,0
68,87.1,174.0,0.0,8.6,18.5,0,1,2,28.7686616461884,1
41,56.2,156.2,0.0,6.9,38.4,0,0,3,23.03425956741497,1
52,101.7,176.6,4.7,8.7,78.8,1,0,3,32.609155701824704,1
41,84.9,164.2,0.3,4.4,61.5,0,0,1,31.48918240878523,1
34,55.2,152.4,9.7,5.1,67.5,0,1,3,23.766714200095066,0
22,107.6,192.7,2.2,7.3,119.4,0,1,0,28.97669449704026,1
37,78.7,178.9,4.7,9.7,12.1,0,0,0,24.58974648190091,0
38,49.7,189.5,0.6,4.4,102.5,1,1,3,13.840059593013137,0
57,85.7,180.4,5.2,4.3,10.0,0,1,1,26.333449688054632,1
48,61.5,166.1,3.8,4.9,18.8,0,1,1,22.291323310816075,1
63,97.2,173.1,0.4,7.8,67.2,0,1,1,32.4393489302524,1
53,98.2,180.4,3.4,6.4,127.7,1,0,3,30.174384590046266,1
28,108.6,193.2,3.9,9.0,30.3,1,0,3,29.094813728894202,1
69,77.6,161.4,9.9,4.4,87.6,0,0,1,29.788913303513706,0
32,74.6,189.4,2.1,5.2,105.0,1,0,3,20.795955437556934,1
36,94.0,191.6,5.4,5.8,42.1,0,1,2,25.605711272178908,1
24,53.6,180.2,9.9,7.8,81.7,1,0,0,16.506508368430197,1
68,80.5,191.9,7.9,8.1,137.6,0,0,3,21.859787251317766,1
45,80.5,167.9,9.9,4.7,81.7,0,1,2,28.555810291514025,1
68,50.8,192.9,9.7,9.7,32.0,1,0,3,13.652093594238815,1
60,72.2,181.6,4.9,6.0,97.9,0,1,2,21.89301170214831,0
22,100.5,151.9,7.0,8.3,92.9,0,1,1,43.55625322608815,1
22,100.6,190.8,1.1,7.1,13.8,1,0,0,27.633840081923616,1
47,51.5,171.8,4.4,5.3,22.7,0,0,3,17.44861298773108,1
49,50.9,170.7,8.1,9.1,31.9,0,0,2,17.468303951234265,0
25,62.1,175.5,5.1,8.9,29.1,0,1,2,20.162174008327856,1
27,101.9,156.7,7.0,6.4,46.3,1,1,1,41.49886234473052,1
55,53.4,171.1,7.5,7.5,73.6,1,0,0,18.240688965168825,0
64,91.8,187.4,2.5,5.5,62.0,0,1,0,26.139875098095715,1
49,51.6,150.7,8.8,8.1,134.7,1,0,0,22.72077793125556,1
65,85.5,162.3,4.6,5.9,95.7,0,1,2,32.45854701876787,0
45,68.1,150.1,2.1,9.1,132.7,1,0,3,30.22635143082493,1
34,96.3,168.7,8.7,5.3,83.8,1,1,3,33.837332732717755,1
48,60.2,182.8,4.2,4.1,22.6,1,1,1,18.015408261471208,1
25,86.5,185.9,7.5,5.6,74.9,0,0,0,25.02979703294182,0
57,60.3,192.5,5.5,5.1,125.1,1,1,3,16.272558610220944,0
42,91.4,177.4,3.8,7.0,37.2,0,0,2,29.04283214005636,1
26,101.8,161.5,8.1,5.2,22.8,0,1,2,39.03037506350104,1
19,53.2,191.6,5.8,8.6,56.1,1,0,0,14.491742975318276,1
32,101.3,184.9,3.9,5.4,64.4,0,0,1,29.63027096341671,0
67,83.6,175.8,1.1,8.2,52.9,1,0,1,27.050078885277895,1
20,53.3,181.3,9.0,7.5,28.9,0,1,0,16.2155469065878,1
66,72.8,191.6,0.4,9.9,45.1,0,0,2,19.830806176751324,0
53,55.5,182.1,8.6,10.0,105.5,0,1,1,16.736825630322425,1
21,90.5,166.6,3.6,9.2,64.0,1,0,2,32.606079646744654,1
31,94.3,182.1,6.4,8.6,98.6,0,1,2,28.43752535025954,0
58,51.9,151.8,9.2,6.3,85.1,1,0,3,22.52287438745593,0
58,77.9,167.4,1.5,8.5,86.9,0,1,1,27.798832092199337,1
42,98.0,168.3,5.7,9.7,44.8,0,1,2,34.59854566072454,0
67,105.9,157.5,7.6,4.1,83.0,0,1,3,42.69085411942555,1
27,78.4,151.0,7.6,7.2,13.3,0,0,2,34.38445682206921,1
38,106.8,156.0,5.3,5.3,70.4,1,0,0,43.88560157790926,1
53,79.8,179.5,6.2,7.3,90.2,0,1,1,24.767033154615497,1
29,70.6,186.1,7.6,6.8,35.5,0,1,2,20.385058156607485,1
44,100.1,194.5,8.4,7.5,45.9,0,1,1,26.460306236411334,1
57,77.0,165.6,7.6,7.3,40.7,0,0,3,28.078251534458214,1
19,75.7,177.0,3.5,9.8,19.9,1,0,1,24.16291614797791,1
30,76.9,192.2,10.0,7.3,58.7,0,1,2,20.817068588586512,1
49,100.0,157.5,4.3,9.1,147.1,1,0,1,40.31242126480222,1
48,99.1,182.3,0.2,5.9,59.5,0,0,0,29.81949725711778,1
33,71.2,184.0,3.6,6.6,74.5,1,0,0,21.03024574669187,1
49,66.7,154.0,1.3,6.8,101.4,1,0,3,28.124472929667736,1
49,77.0,188.8,1.2,5.7,100.8,0,0,2,21.601641051422,0
51,82.2,186.6,2.8,6.3,143.0,1,1,1,23.607420656665397,1
28,60.5,151.5,0.5,7.6,130.1,0,1,3,26.35907155071943,1
27,96.6,154.1,6.9,7.5,121.2,0,0,3,40.67914806241344,1
32,76.6,152.2,0.7,7.8,143.2,1,1,2,33.06735552673794,1
34,66.7,165.1,2.0,6.1,42.3,0,0,1,24.46987142494995,1
57,51.9,172.9,0.9,5.9,96.4,0,1,3,17.36110530363369,1
35,60.5,174.0,0.6,7.7,134.2,1,0,3,19.982824679614215,1
26,106.7,162.0,2.7,4.8,97.4,0,0,2,40.656912056089006,1
42,64.8,191.0,5.7,5.5,146.8,0,0,2,17.76267097941394,1
57,56.0,166.6,9.6,4.3,24.0,1,1,3,20.176137681963542,1
31,74.9,152.0,8.8,4.4,71.5,1,1,1,32.41862880886427,1
42,65.0,163.5,8.8,5.5,146.8,0,1,3,24.3151998054784,0
67,47.3,173.9,1.8,4.1,63.1,0,0,0,15.64090854830213,1
39,66.0,168.4,2.6,5.5,113.5,1,0,2,23.273396110380776,1
69,80.4,162.3,0.8,7.9,14.3,0,1,0,30.52242316150803,1
47,80.9,155.9,7.8,4.4,107.3,1,1,1,33.28559244034411,1
37,68.2,186.9,0.7,6.6,140.8,0,0,2,19.52386391580577,1
38,74.1,194.8,5.6,9.5,63.6,1,0,1,19.527214770901757,1
61,107.8,164.8,2.5,8.7,13.0,0,0,0,39.69212461117918,1
49,69.5,167.2,2.4,5.8,13.9,0,1,1,24.860637348046062,0
68,61.8,177.8,9.9,9.5,134.9,1,0,2,19.549018689874114,1
63,60.8,182.3,7.6,6.0,111.2,0,0,0,18.29490850890778,1
66,74.8,167.6,8.4,4.4,24.9,1,0,2,26.628921001817034,0
38,94.4,190.7,5.7,10.0,17.6,1,0,0,25.957962948857595,1
52,58.4,175.2,8.7,9.2,122.7,1,1,3,19.025875190258756,1
49,91.1,170.3,6.5,6.8,123.4,0,0,1,31.4115293070258,1
47,46.4,179.1,9.5,8.0,26.9,0,1,1,14.465278810455281,1
56,72.2,192.9,2.8,8.0,52.2,1,0,2,19.40317239181186,1
66,95.4,185.8,6.0,5.2,119.2,1,1,3,27.63484005974224,1
29,67.0,151.8,6.9,5.2,83.6,1,1,2,29.075772330627114,1
58,81.6,165.0,3.9,6.8,143.9,0,1,2,29.97245179063361,1
64,58.3,171.2,8.8,9.5,77.3,1,1,0,19.89120228840947,1
35,93.2,164.2,9.8,4.1,104.8,1,0,3,34.567630158996266,0
38,48.4,181.5,4.9,8.7,81.4,0,1,0,14.692378328741965,0
30,100.4,187.2,3.9,4.3,142.0,1,1,2,28.649828329315515,1
38,57.9,182.9,4.7,6.9,65.8,0,0,0,17.30817002422247,0
25,101.8,194.5,8.5,7.8,42.2,1,1,0,26.909682066600137,0
63,67.9,162.3,6.5,8.1,55.7,1,1,1,25.777021550577057,0
57,92.0,189.4,0.4,4.4,129.4,1,0,3,25.646486598595686,1
63,65.7,184.5,5.4,6.5,79.7,0,1,1,19.300680811686167,0
24,103.9,166.3,0.2,7.5,59.6,0,0,3,37.56912230358382,0
40,53.2,183.0,7.8,4.4,86.2,0,1,1,15.885813252112634,1
61,56.6,154.7,3.3,4.8,28.7,1,1,2,23.65025369702354,1
49,77.0,185.5,4.7,8.0,10.8,1,1,1,22.37705334892946,0
28,50.3,174.0,8.0,7.1,49.3,1,0,3,16.613819527018098,1
39,57.7,163.2,0.5,5.0,94.7,1,1,3,21.663843233371786,1
39,106.3,179.5,1.6,7.2,109.6,0,0,3,32.991674490421396,1
60,108.5,178.9,4.0,9.5,125.7,1,1,1,33.900730537309386,1
42,69.5,159.4,2.3,4.1,139.7,1,1,0,27.35320185954544,1
39,105.0,151.4,3.4,7.9,67.7,0,1,1,45.8076010951943,1
45,80.4,169.5,10.0,4.4,113.7,1,1,0,27.984441485890308,1
46,62.5,175.6,8.3,4.0,20.5,0,0,1,20.268937998453723,0
30,90.7,189.4,8.8,4.9,18.1,1,0,2,25.28409059231118,1
35,87.8,191.8,9.4,6.5,27.5,0,0,2,23.866971265036458,1
19,109.3,173.8,3.4,8.8,72.8,1,1,1,36.1843368500227,1
46,62.2,183.9,3.0,5.7,39.6,0,0,1,18.3919139447669,0
38,88.7,169.8,2.3,7.8,50.2,0,0,1,30.764385731984273,1
32,48.4,183.6,8.3,6.5,100.7,1,1,2,14.358200312320523,0
69,52.4,159.2,6.8,5.4,60.2,1,0,0,20.67498295497589,1
44,45.3,166.7,2.4,7.1,88.0,0,1,3,16.301478756438275,1
67,110.0,178.5,3.8,8.8,67.7,0,1,0,34.5236133669154,1
48,97.1,150.8,5.1,9.0,33.7,1,0,1,42.69888622307903,1
32,96.1,182.5,5.3,9.1,20.4,0,0,2,28.85344342278101,0
68,78.1,187.6,8.9,6.0,43.1,1,1,3,22.191433936015933,1
40,64.5,168.0,3.8,8.8,18.1,1,1,0,22.85289115646259,1
41,54.8,170.2,9.1,5.3,96.6,1,1,1,18.917400003590163,0
61,63.5,188.3,4.4,8.4,121.4,1,1,2,17.909072115461903,1
30,69.4,184.9,7.5,9.7,57.6,1,0,2,20.299514361906414,1
39,94.2,163.0,9.3,4.1,64.2,1,1,3,35.45485340057963,0
60,80.1,164.6,9.1,6.6,124.3,0,0,0,29.56465764790818,1
54,50.0,180.5,0.6,7.9,41.2,1,1,2,15.346720789435318,0
50,46.2,175.3,2.1,8.2,26.7,0,0,1,15.034124533966544,0
20,51.7,157.3,4.8,5.1,80.2,1,1,1,20.894553634540916,1
36,71.7,163.9,4.3,9.8,100.5,1,1,3,26.69077895009569,1
40,105.7,190.5,6.4,7.7,94.0,1,0,0,29.126280474783172,1
46,86.4,181.0,9.4,5.0,109.9,0,1,2,26.372821342449864,1
47,97.1,194.4,1.1,4.1,17.9,1,0,3,25.693703534352824,0
56,75.3,184.5,4.5,8.7,69.9,1,1,0,22.120871615220217,1
61,68.5,192.4,1.9,4.5,43.4,1,1,0,18.504631290494075,1
64,52.0,159.7,8.9,4.8,116.3,1,1,2,20.38888664524004,1
42,101.9,184.7,9.6,7.4,132.2,0,0,3,29.870355621386942,1
54,95.9,150.9,4.8,7.6,49.4,0,1,3,42.11532220417279,1
64,55.9,180.2,1.0,8.1,23.3,1,0,3,17.214810033493432,0
25,78.3,171.1,7.9,6.4,45.5,1,1,3,26.746178763534065,0
59,76.7,165.6,7.0,8.6,24.6,0,0,0,27.968855749259028,0
33,85.6,188.8,3.5,9.8,55.1,1,0,3,24.01429187015225,1
25,106.5,188.4,8.9,5.6,85.3,0,1,3,30.004597887676304,1
18,82.7,151.0,9.8,8.2,146.3,0,1,2,36.270339020218415,1
61,80.1,177.4,5.6,9.6,65.9,0,1,1,25.452197531931223,0
22,48.3,166.6,5.7,8.1,40.8,0,1,0,17.401918750693554,1
20,49.1,168.7,3.0,8.1,33.4,0,0,2,17.252471829454226,0
18,57.2,187.4,5.8,5.3,34.2,0,0,2,16.287591019728485,0
21,47.1,163.9,4.4,7.2,37.0,0,1,2,17.533273201527294,0
57,93.3,192.4,3.0,7.4,116.7,1,0,0,25.20411823946127,1
52,92.0,158.1,0.7,8.2,18.5,0,1,1,36.80646321494054,1
49,53.8,179.8,2.5,10.0,149.6,1,1,0,16.641899725439586,1
59,99.3,180.2,2.0,4.2,83.2,1,1,3,30.580154495991017,1
51,55.1,161.3,5.4,4.4,86.2,1,1,1,21.177898575930445,0
60,64.6,164.6,6.0,4.5,60.1,0,1,0,23.84365648008575,0
42,61.2,187.6,6.1,8.5,106.6,0,0,0,17.389446310936943,0
27,69.2,184.3,3.9,4.8,76.0,0,1,3,20.37302058587743,1
38,61.6,164.8,4.2,7.7,56.1,1,0,0,22.68121406353096,1
63,76.8,174.0,8.3,5.9,47.1,1,1,1,25.36662703131193,1
56,71.5,152.8,4.8,6.7,139.6,1,1,2,30.623817877799404,1
44,109.1,159.4,9.9,5.3,50.7,1,1,0,42.938623350739675,0
44,48.6,171.9,4.4,9.2,71.1,0,1,0,16.446917573531426,0
19,54.2,153.9,6.5,7.5,59.0,1,0,1,22.883478761640703,1
58,48.4,187.9,0.5,9.7,22.1,0,0,0,13.70855887075463,1
65,85.7,182.3,6.5,7.4,36.0,1,1,2,25.78739571074666,1
30,48.5,192.5,8.5,4.7,36.5,0,1,3,13.088210490807892,0
26,99.4,181.2,9.4,5.0,107.1,1,1,3,30.274013323002407,1
69,78.3,192.3,10.0,9.9,66.9,0,1,3,21.174013887232555,1
53,79.3,175.0,2.8,8.4,119.5,1,0,2,25.893877551020406,1
39,81.5,177.0,5.8,4.3,109.3,0,0,3,26.014236011363273,0
59,56.1,194.0,4.5,8.2,36.9,0,1,1,14.90594112020406,1
43,57.8,178.9,5.6,6.5,88.8,0,0,1,18.05955967793993,0
29,65.7,151.4,1.6,5.8,114.0,1,0,2,28.662470399564434,1
34,83.6,182.6,8.6,4.9,98.6,0,1,2,25.07290938122699,0
31,58.7,190.7,9.1,9.0,94.0,0,0,2,16.141233316715475,0
31,52.6,185.8,4.5,4.4,113.5,0,1,1,15.236819571723707,0
51,108.1,176.3,2.8,5.7,17.9,0,0,2,34.779318627783745,1
37,46.4,180.2,1.4,5.8,112.4,0,0,2,14.289216199536588,1
28,97.2,194.6,6.8,5.0,48.2,1,1,3,25.66732401774954,1
33,96.2,154.1,3.1,7.0,90.1,0,0,2,40.510704385136364,1
68,64.3,180.0,9.1,4.1,43.9,1,0,0,19.845679012345677,1
48,53.8,162.8,6.7,5.8,127.4,0,0,3,20.298945360370418,0
23,54.5,178.8,6.5,9.6,77.3,1,0,1,17.047530391523903,1
36,90.3,177.3,5.6,5.9,100.0,1,0,1,28.725677415414328,1
54,86.8,156.9,0.5,6.2,121.2,1,1,1,35.259312337793965,1
21,95.9,159.3,9.3,6.8,135.3,1,1,3,37.79088439732996,0
64,105.9,178.0,6.3,7.4,112.5,1,0,1,33.42381012498422,1
21,90.0,155.8,9.9,8.9,30.8,1,1,3,37.0772574694195,1
37,55.1,161.9,5.4,5.1,129.6,0,0,3,21.021219223084735,0
27,60.8,187.6,7.1,9.2,96.6,0,0,0,17.275789799100753,1
41,99.7,164.7,0.6,8.5,95.3,0,1,0,36.75428342234359,1
52,58.6,172.0,6.3,8.3,139.0,0,0,0,19.808004326663063,1
43,49.7,192.4,7.6,4.5,44.8,1,1,0,13.425987958212488,1
54,90.7,160.2,7.8,4.1,43.5,1,0,0,35.341279081547576,1
55,71.2,167.5,7.7,7.6,81.8,1,0,1,25.37758966362219,0
38,104.8,177.3,2.3,9.2,115.1,0,1,1,33.33832772021508,1
57,87.3,184.0,9.8,7.5,72.6,0,0,1,25.785680529300564,1
56,50.9,190.6,10.0,5.3,98.7,1,1,0,14.011092160504907,1
38,106.6,191.2,0.8,4.5,73.4,0,1,2,29.159591043574167,1
27,61.8,184.9,9.4,8.2,95.5,1,0,1,18.0765127891328,1
55,66.9,160.3,2.9,8.3,125.1,1,0,1,26.035089385194397,0
63,71.1,151.1,6.9,5.0,35.3,0,1,2,31.14158207120867,0
21,48.3,167.3,3.4,4.2,107.4,1,0,0,17.256600649748528,1
62,77.3,156.4,9.7,6.4,120.2,0,0,3,31.601376233802757,1
37,53.0,182.0,1.0,7.5,72.6,0,1,2,16.000483033450067,1
34,71.1,179.8,5.0,8.2,55.3,0,0,2,21.993291272839304,0
24,67.8,152.0,4.3,8.9,11.9,0,0,1,29.34556786703601,1
21,95.2,187.6,3.3,7.7,121.6,1,1,1,27.05024981701302,1
46,97.2,161.2,6.5,4.7,55.9,1,0,0,37.40556249961518,0
31,55.0,169.5,1.3,8.1,60.0,1,0,3,19.143585593581676,1
20,68.8,180.1,7.2,9.9,57.0,1,0,3,21.210993583982738,1
41,69.3,169.3,9.8,9.4,79.8,0,0,2,24.17794127446708,1
54,54.8,169.9,8.0,9.2,108.3,0,0,0,18.98426557740401,0
33,96.9,153.0,8.6,5.8,118.1,1,0,3,41.394335511982575,0
69,91.0,168.1,3.6,8.5,65.0,0,1,2,32.20371432686628,1
21,57.4,184.4,3.2,9.1,102.8,0,0,1,16.880684732332334,1
41,68.8,191.2,5.2,8.1,110.9,1,0,3,18.81969853468952,1
51,51.9,168.6,0.5,5.5,51.6,1,0,2,18.257958570264645,0
47,85.8,169.1,9.5,9.7,23.5,0,1,3,30.00544504404821,0
35,52.9,181.6,1.4,6.7,135.3,1,0,0,16.040724640493703,1
36,109.1,192.4,9.0,4.8,104.8,0,1,2,29.472339763400047,1
48,95.7,162.0,0.8,4.7,100.7,0,1,0,36.46547782350251,1
36,70.4,169.8,8.2,7.9,18.2,1,1,2,24.41728022019947,1
66,82.6,185.8,1.5,6.6,124.5,1,1,1,23.927020848372205,1
63,104.2,177.4,0.4,4.6,89.2,1,1,3,33.11009966076447,1
36,81.0,155.0,7.2,8.4,128.7,0,0,1,33.71488033298647,0
39,56.3,178.2,2.8,8.8,146.4,1,0,0,17.72935742258601,1
41,69.6,158.4,7.1,8.4,144.0,1,0,3,27.739516375880008,1
62,99.8,173.0,5.6,5.2,129.9,1,0,1,33.345584550101904,0
29,86.9,173.8,1.1,8.1,11.5,1,1,2,28.7686996547756,1
47,87.3,189.4,9.3,4.1,134.0,0,1,2,24.336285652797862,1
55,101.3,170.8,4.5,5.8,20.5,1,1,1,34.72431703130055,1
48,103.1,162.6,7.3,6.4,129.2,0,1,3,38.99577741164866,1
53,104.8,160.4,5.0,9.0,49.2,1,1,0,40.73357752750293,0
36,51.2,189.3,6.0,6.3,95.4,1,1,2,14.287910892550725,1
65,80.4,157.7,3.0,4.1,15.3,1,0,0,32.32902909572409,1
62,93.1,169.2,2.0,6.1,118.0,0,0,3,32.51988218790694,0
53,94.2,158.4,5.4,7.0,25.6,1,0,3,37.54400061218243,1
47,84.4,184.8,4.4,9.7,67.5,1,0,2,24.713742246209776,1
66,55.8,171.3,3.9,9.6,124.4,1,1,0,19.01601332347772,1
50,96.8,165.8,6.7,5.1,107.3,0,1,3,35.21326579758774,0
35,91.8,166.2,6.9,5.1,10.8,1,1,0,33.2338490010296,1
69,50.6,188.3,0.5,5.0,66.4,1,0,2,14.270851166021611,1
66,75.1,174.9,3.4,8.7,15.9,0,0,2,24.5504986758749,1
45,56.3,182.3,4.1,4.0,104.3,0,0,3,16.940844556768223,0
64,66.9,190.4,1.0,4.8,145.7,0,0,3,18.454072805592826,0
28,46.2,190.6,2.4,7.2,101.7,0,0,0,12.717337088709758,1
62,71.0,164.8,0.5,5.5,41.4,1,0,3,26.142308417381464,0
50,80.7,192.9,10.0,4.6,59.7,1,1,2,21.687479390847884,0
34,85.3,151.1,7.4,6.2,146.7,0,0,3,37.36113854675246,1
23,88.1,167.0,0.9,5.6,41.4,0,0,1,31.589515579619203,0
21,99.4,190.3,0.2,7.1,88.6,0,0,2,27.447880093079796,1
37,59.0,162.4,7.2,9.9,66.1,0,1,0,22.370719988352057,0
65,52.8,162.3,4.4,4.7,117.6,1,0,3,20.044576404572435,1
64,100.3,163.6,7.9,6.2,131.4,0,0,3,37.474369474118404,1
44,55.2,177.6,9.2,9.6,57.7,0,1,2,17.500608716824935,1
32,108.4,169.7,6.0,9.3,102.5,1,0,2,37.64138524464644,1
23,99.8,182.7,1.9,6.4,86.9,1,0,0,29.89877855400759,0
64,77.6,190.3,7.8,8.2,49.0,0,1,2,21.428123694396298,0
31,108.8,180.3,9.6,4.5,48.1,0,1,0,33.46859197202911,1
28,51.3,159.2,5.8,8.3,85.4,0,0,3,20.24096613721876,0
56,64.7,192.0,6.8,9.8,31.6,1,1,0,17.55099826388889,0
26,86.5,161.9,3.4,7.2,123.5,1,1,0,33.00064360792794,0
43,67.8,156.7,3.8,7.0,19.7,1,0,0,27.611608115532178,1
33,105.3,154.0,7.3,5.1,23.2,0,1,3,44.40040479001518,1
22,49.3,175.4,9.3,7.8,57.9,0,1,1,16.024620057233573,0
69,80.7,155.1,6.3,7.5,26.5,1,0,1,33.54671036468642,1
27,83.4,156.2,7.9,7.9,76.6,1,1,0,34.18251330822791,1
67,87.4,163.5,1.7,4.2,66.0,1,0,2,32.69459173844327,1
20,61.6,162.7,2.1,7.3,111.1,0,1,1,23.270494184454183,0
30,68.7,177.2,5.3,7.6,143.4,1,1,3,21.879092377540783,1
60,99.8,186.8,1.8,5.2,115.5,1,0,0,28.60070888490478,1
66,57.7,184.3,6.3,5.2,35.1,1,1,1,16.987330748629013,1
47,98.7,161.8,2.9,5.7,141.0,0,1,3,37.70162922987833,1
62,81.6,161.0,7.9,8.3,64.9,1,1,0,31.48026696500906,0
23,94.5,193.5,8.1,7.6,76.4,0,1,1,25.238867856499006,1
34,91.4,150.4,4.6,9.1,69.0,0,1,0,40.406433906745136,1
62,58.5,189.6,1.8,5.8,49.3,0,0,1,16.273433744592214,1
68,82.0,159.0,6.5,9.5,135.3,1,1,1,32.4354258138523,1
36,101.4,192.6,9.9,8.5,56.5,0,0,2,27.335397236698665,0
59,73.1,165.4,6.2,6.4,91.0,1,1,1,26.72060988786847,0
52,107.8,169.8,0.4,4.6,43.6,0,1,2,37.388960337180436,1
63,74.4,181.8,0.2,5.5,121.6,0,0,3,22.510501875270037,1
43,54.3,176.4,3.2,9.7,118.4,0,1,1,17.45029077390593,1
68,70.3,164.3,2.0,5.9,51.5,1,1,0,26.042351605827708,1
22,106.9,174.9,8.1,6.0,105.4,1,1,2,34.94604938017346,1
46,65.8,182.9,8.4,5.1,108.5,1,1,1,19.669733809910856,1
54,101.4,151.9,2.6,8.8,88.8,1,0,2,43.946309225127756,0
37,102.3,150.5,3.3,5.7,94.1,0,0,0,45.16506440326266,1
66,67.8,170.6,2.4,6.0,90.4,0,1,0,23.295478753011576,1
38,50.4,155.9,9.1,6.5,21.5,0,0,0,20.736636081499913,0
27,92.1,179.9,5.0,6.6,103.8,0,0,3,28.457536627877687,0
22,65.2,159.6,6.6,6.5,75.8,0,1,3,25.596572885848712,1
53,95.9,169.5,4.2,7.0,71.4,1,1,0,33.379451971354236,0
23,73.8,158.9,6.3,8.9,130.4,0,0,3,29.228637252413044,0
43,76.5,174.7,3.9,8.9,13.3,1,0,3,25.065456884301458,1
21,95.6,155.2,3.4,8.8,45.2,1,0,3,39.68939313423319,0
56,69.9,151.0,6.3,4.6,27.0,1,0,3,30.656550151309155,1
56,73.8,152.3,5.9,8.8,14.9,0,0,3,31.81680418740183,1
67,69.5,192.9,2.9,4.7,48.6,1,0,3,18.677568992118065,1
52,68.9,156.4,1.5,4.7,148.4,1,1,0,28.167332762082925,0
18,79.2,181.9,3.7,9.7,47.8,1,1,3,23.93645234575722,1
41,97.6,153.1,4.2,8.9,102.9,1,0,3,41.63891805367069,1
53,68.5,154.9,6.3,7.3,26.6,0,1,2,28.548791969329006,1
23,79.1,172.9,9.1,9.2,94.3,0,1,2,26.459796329815504,1
58,88.6,170.9,0.4,9.9,147.8,0,0,3,30.335390958478516,1
63,62.5,192.8,2.4,7.7,50.9,1,0,1,16.813803136998327,1
61,63.0,192.5,1.9,7.7,128.7,1,0,1,17.001180637544273,1
48,105.7,185.1,5.0,8.5,149.7,0,1,3,30.85049592828909,0
37,92.0,177.1,4.3,5.4,92.4,0,0,0,29.332609795625046,1
41,82.5,170.5,7.3,5.0,53.3,1,1,0,28.379528899820258,0
42,87.1,166.0,2.4,8.6,104.3,1,1,2,31.608361155465236,1
53,46.9,192.6,5.9,6.1,128.3,0,0,0,12.643295171609145,1
38,85.2,177.1,8.8,4.8,34.0,0,1,0,27.16454733247015,0
47,78.1,176.1,9.1,5.9,73.4,1,0,0,25.184441368137524,1
41,80.5,160.4,9.6,6.2,54.7,0,0,3,31.288673577900628,0
61,68.4,152.1,7.7,9.8,49.7,0,1,3,29.566347272309955,1
59,50.3,192.5,9.1,8.2,130.5,1,0,1,13.573958509023441,1
47,57.6,164.1,2.3,7.2,69.0,0,0,2,21.38973092386927,1
39,106.8,169.9,2.0,9.8,57.5,0,0,1,36.99853218369979,1
45,71.6,155.2,0.1,9.4,94.5,1,0,0,29.725528749070047,1
24,75.3,187.7,7.1,7.1,40.7,0,0,0,21.37304651632115,1
52,48.4,151.2,9.4,9.4,42.2,1,0,1,21.171019848268532,0
45,47.4,187.5,1.9,6.4,82.8,0,1,1,13.482666666666667,1
31,91.6,156.3,6.4,5.4,67.3,0,0,3,37.495359130631606,1
27,80.0,189.9,7.5,5.4,51.3,1,1,3,22.18401026454155,1
33,78.1,182.8,9.3,8.0,17.6,0,0,2,23.372149256161148,1
33,60.8,157.4,6.5,7.0,82.9,0,0,3,24.541105544513847,0
48,93.4,175.5,9.7,8.0,124.3,1,1,0,30.324429184828052,0
59,55.9,164.1,3.4,8.1,129.2,1,1,0,20.75843678201896,1
42,57.3,158.0,3.5,4.1,43.0,0,0,1,22.953052395449443,1
30,74.9,188.7,5.4,4.3,93.9,0,0,2,21.034782093418592,1
23,63.6,168.2,3.8,7.2,129.8,0,1,3,22.480456848126842,0
61,61.1,167.9,0.0,5.1,67.2,1,1,2,21.67403737654046,1
26,86.9,157.6,7.3,7.8,140.5,0,1,0,34.98705197248062,1
62,87.3,167.2,7.5,7.3,136.4,0,1,0,31.22782216524347,1
53,98.6,189.2,7.5,7.5,39.1,1,0,3,27.54448462202039,1
60,72.2,166.3,3.5,5.8,46.3,1,1,3,26.106743313943714,1
37,49.8,192.8,5.2,7.8,35.3,1,0,3,13.397238339560266,1
35,62.8,192.6,3.6,9.0,37.4,1,1,1,16.92961485665361,1
60,108.7,156.5,0.2,10.0,137.1,0,0,0,44.381385948616405,1
38,83.8,158.0,5.6,9.0,140.4,0,1,1,33.56833840730651,1
21,91.1,188.8,1.2,7.3,17.3,0,0,0,25.557266230968107,1
67,45.5,167.7,0.8,5.2,93.1,1,1,3,16.17876144647373,1
50,78.7,150.2,7.6,8.1,89.0,0,1,0,34.88468992076256,1
44,47.4,162.3,0.1,9.6,64.7,0,1,0,17.994562908650256,1
24,82.0,176.9,9.6,5.3,98.4,0,1,2,26.20343258575792,0
23,104.9,186.0,5.2,5.5,142.6,1,0,0,30.321424442132034,1
32,107.9,156.0,9.8,4.9,33.8,0,1,0,44.337606837606835,1
35,80.1,155.0,0.6,8.4,26.9,0,1,2,33.34027055150884,1
49,74.8,191.5,5.8,6.4,14.7,1,1,3,20.396894109306082,1
28,106.4,183.8,3.5,4.4,60.9,0,0,2,31.49565277108462,1
37,88.8,176.5,8.4,9.2,57.3,1,0,3,28.505164153472062,1
41,49.2,184.6,3.6,7.3,70.3,1,1,3,14.437822870215713,1
32,75.3,169.3,2.6,6.0,80.5,0,0,3,26.271269523338688,1
65,60.6,184.1,8.6,6.1,116.1,1,0,0,17.879898420933525,1
24,75.5,166.7,3.7,5.7,64.9,1,0,2,27.169131260730463,1
38,74.6,161.0,0.2,6.7,56.3,1,1,2,28.779753867520537,0
59,82.8,182.8,3.9,6.0,125.8,0,0,2,24.778667841359066,0
43,68.2,168.9,6.5,7.3,129.0,1,0,2,23.906999668036235,0
61,55.7,194.2,2.5,8.6,42.6,0,1,1,14.769192260412945,1
31,77.7,165.7,4.3,8.0,54.1,0,1,0,28.299320124313056,0
54,99.0,191.5,0.6,5.8,125.5,1,1,1,26.995889262316872,0
38,88.2,192.0,5.9,7.2,21.1,1,0,0,23.92578125,0
35,67.0,160.9,7.6,9.0,55.6,0,1,2,25.879907187700017,1
22,105.8,185.9,4.1,4.4,72.8,1,0,1,30.614480070349646,0
20,104.3,169.5,4.2,4.5,36.2,0,0,3,36.30319958928307,1
40,58.6,191.3,0.9,7.3,35.2,0,1,2,16.012814623798594,1
43,47.6,170.3,2.0,7.8,69.5,1,1,2,16.41261026360514,1
54,93.2,183.5,1.5,5.3,115.6,1,1,3,27.67857805759936,0
41,98.8,171.0,4.8,8.5,127.6,1,1,2,33.788174139051335,1
66,107.9,160.3,5.3,7.9,147.1,1,1,0,41.99082428493984,1
36,102.8,159.0,9.5,9.5,20.4,1,1,2,40.66294845931727,0
68,84.0,169.1,0.7,5.0,40.3,1,0,0,29.37596018298426,1
42,79.5,184.0,6.0,8.5,115.9,1,1,0,23.48180529300567,0
38,46.8,177.2,5.3,4.5,85.7,1,0,2,14.90453454539896,0
29,61.0,181.0,5.2,7.4,55.9,1,0,3,18.619700253350018,1
58,74.9,162.7,8.7,7.3,38.8,1,0,0,28.294805428824976,1
50,85.9,171.7,2.1,6.3,49.3,0,0,1,29.137519253998104,1
67,81.2,152.0,0.4,9.1,70.1,1,0,0,35.14542936288089,0
21,93.3,186.8,6.7,4.0,34.8,1,0,3,26.73793726414445,0
59,63.2,194.5,3.5,7.1,145.0,1,1,2,16.706207334077888,1
24,81.7,168.3,0.2,5.3,25.1,0,0,3,28.843889596746887,1
39,50.7,150.5,2.5,8.5,148.0,1,0,3,22.383858897804664,1
50,71.9,157.6,3.1,4.3,127.9,1,0,2,28.947860032466707,1
34,93.8,179.4,6.2,9.0,69.2,1,1,1,29.144590726675936,1
41,90.1,177.5,1.7,9.0,113.6,1,0,1,28.597500495933346,1
51,109.4,185.5,4.1,9.0,104.0,1,0,0,31.792852420427057,0
45,63.1,161.4,4.8,4.9,39.9,0,1,0,24.22268594654272,1
60,77.4,184.4,4.6,7.8,57.5,1,1,1,22.762456416071824,1
58,66.4,181.0,9.7,4.1,81.8,1,1,2,20.26800158725314,0
56,73.6,164.5,0.5,9.1,99.3,0,0,3,27.19856616254469,1
39,100.7,174.5,9.5,8.3,86.0,0,1,2,33.07033603993399,1
66,89.5,156.6,5.8,7.2,76.2,0,1,3,36.49551696409494,1
34,102.4,170.4,8.0,8.4,72.0,1,1,3,35.26637131080694,1
51,58.2,189.7,4.3,4.6,79.8,1,0,1,16.172915701594704,1
23,101.8,169.0,4.5,7.2,70.8,0,1,1,35.64300969853997,0
63,48.9,187.8,8.8,5.7,85.8,1,0,2,13.864930062911055,1
23,102.8,176.6,9.0,9.8,134.3,1,0,3,32.96186043409616,0
51,66.4,158.6,2.4,9.1,98.6,1,1,2,26.397434042194558,1
18,65.4,176.1,2.0,8.4,111.2,1,0,0,21.08914808548264,1
27,78.3,172.8,5.0,9.6,93.6,1,0,1,26.22251157407407,1
38,106.1,167.9,9.0,6.1,100.0,0,0,1,37.63691269477811,1
22,48.1,155.4,3.2,9.4,91.0,0,1,3,19.917877060734202,0
19,67.9,168.8,6.5,6.0,13.8,0,0,1,23.83004649491251,1
39,100.7,153.3,7.1,8.4,149.9,1,1,2,42.84944102116983,1
65,70.7,154.4,7.8,8.4,14.7,0,0,3,29.656836425138927,0
19,57.9,168.7,5.6,4.1,65.3,1,1,3,20.34456454023217,1
27,72.6,163.7,4.0,6.2,24.7,0,0,0,27.09188739775705,0
51,70.1,191.6,9.7,4.1,23.6,0,0,2,19.095322980635544,1
33,104.5,166.9,6.1,10.0,121.1,0,1,3,37.51488479340427,1
65,94.5,184.1,7.3,4.7,69.6,0,0,1,27.882019814822083,1
68,77.8,173.9,3.4,7.3,122.2,1,1,1,25.7264838278627,1
56,109.2,181.7,6.7,8.7,48.2,0,1,3,33.07598480564376,1
39,75.2,161.7,2.6,5.2,45.9,0,0,1,28.76059064768315,1
29,48.8,192.4,2.5,6.9,45.2,0,1,3,13.182861415709645,1
41,62.0,173.9,7.1,7.6,96.3,1,0,3,20.501825158451,0
64,73.3,187.4,5.2,5.0,124.1,0,1,3,20.8720353452115,1
57,55.2,166.4,6.8,8.7,73.3,0,1,1,19.935743343195263,0
55,106.6,154.5,2.7,5.8,63.1,0,1,1,44.65809951718143,1
27,94.8,180.3,6.0,5.3,146.3,0,0,2,29.161971681510657,1
52,62.4,150.3,4.4,7.3,26.3,0,0,0,27.622731914746684,1
68,83.4,171.4,6.0,6.5,78.1,1,0,1,28.388628754345095,1
66,91.9,158.7,2.9,9.5,67.2,0,0,3,36.48897449305539,0
49,106.2,178.2,7.2,9.3,23.7,1,1,1,33.44329943656544,0
24,102.3,194.1,8.1,6.9,47.5,1,0,1,27.153421609823653,1
38,78.5,170.9,2.6,6.2,14.0,0,0,3,26.877293343572955,1
37,95.4,186.8,3.0,6.0,132.8,0,1,2,27.339755787774713,0
43,81.5,172.9,6.6,5.6,95.1,1,0,3,27.262622008596253,0
21,80.9,172.3,7.0,7.3,124.1,0,0,2,27.250719078770747,1
63,52.5,191.9,7.0,8.8,83.0,0,1,1,14.256382989989845,1
69,53.2,190.0,6.8,5.9,93.9,1,0,3,14.73684210526316,1
39,79.4,185.4,3.9,5.1,108.1,0,0,1,23.099418267043237,0
32,62.5,163.3,3.9,6.9,137.1,1,0,3,23.437303712581407,0
57,46.4,174.5,2.5,4.4,22.8,1,0,1,15.237970131608114,1
38,92.0,160.1,1.6,8.2,56.3,0,0,1,35.892620204189996,1
32,47.1,170.0,6.9,7.1,109.3,0,1,1,16.29757785467128,0
39,83.7,171.8,0.9,7.0,144.2,1,0,3,28.358231205302747,0
69,80.0,187.4,9.4,5.8,147.3,1,0,2,22.77984758003984,1
45,108.0,190.3,8.3,9.4,99.3,0,0,1,29.82264637879897,1
31,76.5,168.7,8.6,4.5,37.1,1,0,3,26.880124133467376,1
44,49.1,150.8,9.1,9.2,26.7,1,0,3,21.591300860485898,1
58,80.9,188.8,4.1,6.3,142.4,0,0,1,22.695750143636882,1
57,99.7,157.8,8.5,9.3,70.7,0,0,1,40.03880993572907,1
45,109.8,178.0,1.6,8.4,37.3,1,0,2,34.65471531372301,0
43,73.0,151.1,0.2,4.6,140.7,0,1,1,31.973776247513825,0
66,65.8,168.0,7.8,9.0,24.6,1,0,2,23.313492063492067,1
19,103.9,194.4,0.7,8.1,112.1,1,0,0,27.493056613998547,0
42,57.4,154.5,9.9,4.2,97.5,0,0,3,24.04666897079,0
20,85.0,169.1,6.7,4.8,22.3,1,1,2,29.725673994686456,1
25,71.4,163.8,7.5,7.8,57.4,1,0,1,26.611565073103534,0
61,47.7,190.7,2.5,8.0,31.0,1,1,2,13.116470684963002,1
50,67.6,189.1,6.7,8.5,94.6,0,0,1,18.90443222243693,0
59,62.2,160.7,0.4,8.3,76.8,0,0,2,24.08566442164008,1
69,89.6,153.7,8.4,8.0,10.6,1,0,3,37.9280290251015,1
52,106.7,178.2,1.7,8.6,146.6,1,0,2,33.600753765362825,1
23,62.4,165.1,7.0,7.5,58.9,1,1,0,22.892353477014645,1
56,97.7,180.2,2.2,5.6,46.1,0,1,3,30.087422902903548,1
69,48.6,151.4,0.7,9.5,41.1,1,0,2,21.202375364061364,0
40,80.0,156.0,4.8,4.1,32.2,0,0,0,32.87310979618672,1
42,49.6,180.9,1.7,6.2,149.9,1,0,0,15.156696096936848,1
67,105.7,159.6,7.3,8.4,51.3,1,0,2,41.49628457107682,1
60,94.8,188.6,2.4,6.6,66.8,0,1,3,26.65170272893194,0
36,87.8,152.6,3.4,4.1,132.0,0,0,2,37.70382826979794,1
22,98.6,159.7,5.7,4.4,99.9,0,1,3,38.66046583116669,1
68,87.1,194.9,2.8,7.9,61.6,1,1,3,22.929494305929996,0
28,108.0,169.5,3.8,9.8,135.8,1,1,2,37.5910408019422,0
29,91.4,181.6,8.2,7.3,115.0,0,0,0,27.714976032913512,0
27,105.1,158.2,1.8,7.0,41.9,0,0,3,41.994243072747935,1
25,78.6,177.4,0.8,5.9,100.1,1,1,1,24.975564619348244,1
41,52.6,182.7,3.3,5.5,139.1,1,1,1,15.758274067543079,0
45,79.3,164.2,4.2,4.1,79.5,0,1,0,29.41215742069103,0
58,53.2,187.3,5.4,5.6,112.7,1,0,0,15.164778718228431,0
53,83.5,177.2,3.7,6.7,146.0,0,0,2,26.592492191043018,1
54,76.4,167.5,7.9,5.2,106.7,1,1,3,27.231009133437293,0
38,85.5,175.1,0.4,4.5,24.3,0,0,2,27.88648796918201,1
25,45.7,176.0,4.3,8.3,44.2,1,0,1,14.75335743801653,1
26,57.7,157.4,3.8,9.4,93.3,1,0,1,23.289832071027124,1
64,76.9,168.1,6.5,9.6,48.6,1,1,3,27.213908041055138,0
32,106.8,165.5,9.7,7.7,144.1,0,0,3,38.99197707213333,1
65,69.9,168.0,5.1,4.3,66.7,0,0,1,24.76615646258504,1
63,72.6,184.2,9.9,8.4,74.0,0,1,2,21.397220837002692,0
57,91.5,171.7,3.0,4.7,108.2,1,1,3,31.037054851464802,1
35,84.2,192.3,0.3,8.0,83.4,1,0,2,22.769501523690693,1
59,64.4,163.2,1.7,8.7,63.5,0,1,3,24.179402153018074,0
37,71.7,168.7,4.0,8.4,20.7,1,1,0,25.19352810940668,0
23,59.2,185.4,3.2,9.7,93.5,0,0,2,17.222740068122917,1
29,107.8,174.6,1.0,8.4,131.5,1,1,1,35.36146767804401,0
19,53.5,174.6,4.3,8.2,106.0,1,1,0,17.54952245617212,1
24,69.2,152.4,3.4,5.6,63.4,1,0,2,29.79450403345251,0
33,46.7,167.9,1.2,9.5,27.9,0,0,3,16.56591727470441,0
20,59.4,162.2,3.0,5.1,124.3,0,0,1,22.57796238830751,1
62,95.7,195.0,8.9,9.4,141.8,0,1,3,25.167652859960555,0
20,58.1,163.9,3.0,5.9,64.4,1,0,2,21.62809284519609,1
44,50.2,189.8,7.1,4.8,112.0,1,1,0,13.935138868377894,1
67,75.8,180.4,6.1,9.0,67.5,1,0,2,23.291429245677257,0
60,45.6,165.3,4.3,4.0,80.3,1,0,1,16.688570415336795,1
57,50.5,174.5,2.4,9.0,127.1,0,1,0,16.58442869927176,1
55,97.5,187.8,3.7,5.6,21.7,0,1,1,27.644799205190754,1
50,95.1,189.8,5.9,9.3,84.2,1,0,3,26.399037975751742,1
45,104.5,157.2,3.5,8.1,40.0,0,1,0,42.28742173791997,0
18,100.5,165.3,2.1,8.0,57.6,1,0,2,36.78073084959097,0
25,89.4,165.1,1.2,6.2,100.2,1,1,3,32.79769873149214,1
54,48.4,151.9,8.8,4.4,13.8,0,0,3,20.976344837240465,1
49,95.9,176.9,4.4,9.0,93.1,0,0,2,30.645233963099813,1
65,100.0,188.5,6.3,5.0,49.7,0,1,3,28.143447150124185,1
60,96.9,167.2,4.9,6.2,103.7,1,0,1,34.661809482383646,1
54,78.1,183.3,8.7,7.6,29.8,1,0,2,23.244815528132023,1
21,60.1,178.2,5.5,6.9,113.0,1,1,3,18.926010321446167,1
47,99.9,166.9,4.8,5.2,100.4,0,1,0,35.863511874268774,1
23,92.3,156.3,9.2,4.8,146.0,0,0,2,37.78189571787443,0
63,108.7,181.9,7.2,4.7,137.6,0,1,2,32.85217638868447,1
36,55.1,188.5,1.1,9.2,49.7,0,0,3,15.507039379718426,0
49,59.7,180.9,1.8,4.2,13.8,0,0,2,18.243039455385684,1
26,58.8,150.8,7.9,9.9,101.8,0,1,2,25.856792069176592,0
29,96.5,159.7,8.4,5.2,94.4,0,0,2,37.83706848587815,0
28,57.1,153.1,5.5,4.7,13.8,1,0,2,24.360473574432344,0
63,49.3,175.7,5.5,7.5,27.2,0,0,2,15.96994411167429,1
33,109.9,184.0,6.3,4.5,91.9,0,0,2,32.46101134215501,1
18,46.6,155.0,4.4,7.6,137.7,1,0,1,19.39646201873049,1
62,99.3,187.7,6.8,9.1,136.9,1,1,3,28.1851728960251,1
38,68.7,175.0,1.1,4.3,31.2,0,1,1,22.432653061224492,0
47,99.7,181.0,9.6,8.8,63.8,1,0,3,30.43252647965569,1
30,81.1,193.7,7.5,6.4,16.0,0,1,2,21.615317184123857,1
51,103.6,153.8,6.3,5.0,75.7,0,1,3,43.79727442289904,1
21,105.2,190.6,3.2,5.1,115.4,0,1,1,28.958092245287155,1
45,45.6,155.7,1.6,9.5,120.6,1,1,3,18.809948978013402,0
55,49.9,167.7,4.1,4.7,79.9,1,0,2,17.743301014923933,1
48,61.3,188.3,6.6,9.2,23.4,0,1,2,17.288600325634878,1
44,88.5,190.8,6.3,7.3,63.4,1,1,2,24.310087944833402,1
22,102.7,172.8,3.8,4.2,140.5,0,1,1,34.39402220507544,1
42,74.9,176.7,6.1,6.8,42.1,0,1,0,23.9888107731219,0
20,84.5,181.9,8.1,8.9,54.8,1,1,2,25.53826039414754,0
50,57.3,187.5,0.3,8.4,114.6,1,1,2,16.298666666666666,1
21,97.3,155.5,4.5,6.9,112.7,1,0,3,40.239451618573014,0
42,107.9,186.5,7.6,9.2,137.7,0,1,0,31.021569909939696,1
37,62.5,171.7,5.5,4.7,64.3,1,1,3,21.2001740788694,0
51,77.2,170.3,6.5,9.5,82.0,1,1,1,26.618771267863796,0
43,50.6,169.1,5.2,9.1,75.4,1,1,0,17.695518872130997,0
22,81.3,172.9,9.9,8.2,139.9,0,0,2,27.195719868697857,1
52,77.7,192.5,0.5,8.9,117.7,0,0,0,20.968122786304605,1
45,54.4,174.7,4.9,7.3,126.4,0,1,2,17.82432489550326,0
46,73.7,192.9,0.9,8.1,28.6,0,1,1,19.806285391641747,0
26,66.7,158.1,1.6,7.4,120.9,0,1,3,26.684685830831896,1
69,78.9,182.6,3.8,6.1,70.6,1,1,1,23.66330801649294,1
55,83.1,186.6,1.6,7.4,13.3,1,0,1,23.865896065315017,1
67,45.6,180.6,9.6,5.5,18.4,0,1,2,13.980713972987788,0
23,94.5,177.3,9.5,6.6,104.9,1,0,3,30.061755434735925,1
36,91.3,175.4,3.4,5.7,62.1,0,0,1,29.676426191185094,0
61,68.8,188.7,6.4,4.7,131.5,0,1,0,19.321668999028024,0
28,48.4,187.0,5.3,5.9,112.8,0,1,1,13.840830449826987,1
19,94.1,155.5,8.2,9.1,13.0,0,0,2,38.916057526286956,1
64,107.1,188.2,6.3,6.3,106.2,0,1,0,30.23780295681105,1
61,60.6,168.6,0.0,8.5,36.9,0,0,0,21.318541220771436,1
61,66.0,161.4,7.6,5.1,69.2,1,1,3,25.335931417936916,1
26,56.9,189.1,7.5,6.5,97.5,1,1,0,15.912162625098542,1
38,82.5,169.4,5.1,4.7,132.2,1,1,0,28.74929085082568,1
41,55.1,186.4,9.0,4.8,73.9,1,1,2,15.858415148556798,1
51,68.2,161.9,9.1,7.7,123.2,1,0,3,26.019004555614863,0
39,90.3,150.2,5.2,7.6,119.6,1,1,1,40.0265247756653,0
20,81.4,172.3,6.1,5.3,68.0,0,1,0,27.419141322768095,0
29,70.1,154.5,10.0,6.8,80.1,0,1,1,29.36709921345608,1
45,72.3,183.9,3.0,9.2,108.1,0,0,1,21.37838228628049,1
47,81.5,162.4,3.2,5.0,14.4,0,1,1,30.901926763571062,1
43,45.4,170.0,1.8,4.1,134.7,1,0,3,15.709342560553635,1
65,50.1,153.9,9.0,7.9,117.8,0,0,1,21.152440700335777,1
38,102.3,162.9,7.4,4.3,44.9,1,1,2,38.55080623189045,1
45,50.1,185.2,1.1,9.9,147.4,1,0,3,14.606822814865957,1
43,90.9,156.8,9.8,7.7,35.1,1,1,3,36.971899729279464,1
50,104.8,179.1,7.3,6.8,138.0,1,1,3,32.67157800292486,1
38,62.6,191.3,8.5,6.6,55.4,1,1,3,17.105839512795086,1
52,69.1,180.6,0.5,7.4,116.8,1,0,0,21.18568718275123,1
69,82.0,186.5,5.0,4.5,73.9,0,0,0,23.575243119694672,0
51,102.3,154.9,7.0,9.6,113.1,0,0,1,42.63564114543587,1
58,106.2,161.3,5.4,7.8,31.8,0,1,0,40.818381647256146,1
68,93.1,190.3,6.7,5.1,47.7,0,1,3,25.708225720983187,1
64,50.6,182.2,8.2,7.4,24.0,0,0,1,15.242414639465686,1
35,88.5,178.8,3.7,4.8,131.1,0,0,2,27.68268696605258,0
28,71.7,179.9,8.5,4.1,51.5,0,1,0,22.154238612582304,1
40,75.6,168.6,1.6,7.8,107.2,1,0,3,26.595407859576245,0
65,48.2,152.0,2.7,7.9,124.8,1,1,1,20.862188365650972,1
39,57.4,185.3,0.4,7.5,136.2,0,1,0,16.717104364533057,1
34,96.4,180.5,3.6,5.1,24.9,0,0,3,29.588477682031293,0
22,74.5,171.3,3.8,7.6,135.0,1,1,1,25.38876330822742,0
61,64.6,190.5,8.1,4.3,37.6,0,1,0,17.80092449073787,1
28,70.0,165.1,6.5,7.7,113.2,1,0,2,25.68052473383053,0
47,100.5,163.2,4.4,7.3,112.0,0,0,0,37.733383794694355,1
32,93.7,189.3,6.5,7.9,11.2,1,0,3,26.147993176406306,1
44,62.7,185.9,0.5,9.4,40.9,1,1,3,18.1429858261902,1
52,52.6,173.2,1.8,9.1,78.9,0,1,2,17.534362015904936,0
50,61.4,155.9,6.3,9.9,68.8,0,0,2,25.26248919452569,1
37,104.8,159.7,6.4,9.9,138.6,1,1,1,41.09144846963762,0
33,82.8,179.5,7.7,8.6,60.4,0,0,1,25.698124626593525,1
51,79.7,167.3,4.0,9.7,141.2,0,1,3,28.475177469667862,1
19,83.8,187.6,7.2,9.2,74.3,1,1,0,23.81103922968163,0
52,68.8,192.7,6.8,8.4,145.0,1,1,2,18.527849269482992,1
57,97.5,186.3,9.6,4.5,113.2,0,1,1,28.091757186951934,1
45,79.0,167.0,2.2,4.3,126.1,0,1,3,28.326580372189753,1
64,52.6,185.5,5.5,9.0,24.7,1,0,3,15.286142937060907,0
56,53.4,165.8,6.0,6.9,92.1,1,0,3,19.425499933793237,1
23,79.9,157.5,10.0,8.9,30.0,1,1,2,32.20962459057698,1
26,105.9,151.5,2.0,5.9,51.7,0,0,2,46.13926739208575,1
37,65.0,167.4,5.2,6.4,97.3,1,0,2,23.19543114239996,0
18,101.5,190.7,3.5,8.2,111.7,0,1,0,27.91030973844328,0
25,94.7,160.8,5.3,9.5,15.5,1,1,2,36.62502165787975,0
40,61.1,159.3,2.3,4.5,84.3,0,1,3,24.077403927808767,0
20,47.4,193.6,0.5,9.2,89.1,0,0,2,12.646421009493887,1
21,51.6,151.1,5.7,8.8,21.0,1,0,0,22.600641840708406,0
42,92.4,185.4,3.4,5.9,80.1,0,0,0,26.881438890110772,1
64,58.0,164.5,1.8,6.1,109.9,1,1,3,21.433652682440112,1
55,69.1,151.7,3.2,4.3,17.5,0,1,1,30.026650281646504,1
32,77.6,191.3,0.5,4.1,116.4,0,1,2,21.204682846531924,0
38,92.2,156.3,9.5,6.9,90.7,0,1,2,37.740961919696886,1
52,52.4,174.8,5.8,4.6,126.7,1,1,0,17.149380265907027,1
63,71.4,162.3,8.1,5.2,40.5,1,0,0,27.105734001637728,1
69,76.5,152.9,4.2,9.1,126.7,0,0,1,32.72249909211105,1
31,80.2,152.2,9.0,7.4,23.2,1,0,0,34.62143489875174,1
53,98.2,155.2,4.8,7.8,66.5,0,1,0,40.7688117759592,0
29,56.2,153.2,5.7,5.1,37.9,1,1,0,23.945217432800014,1
34,97.5,184.2,4.9,9.0,132.6,1,0,0,28.73593707448709,1
56,90.0,171.9,7.3,9.2,108.7,0,0,1,30.457254765798936,0
26,81.1,165.4,5.7,7.1,13.6,0,1,2,29.64489003975558,1
52,90.5,168.8,2.7,9.5,11.3,0,0,2,31.76169672738707,0
30,71.8,191.8,1.5,9.1,50.8,1,1,2,19.51763709373141,1
32,54.0,191.0,6.1,8.4,30.1,0,0,2,14.802225816178286,0
35,88.3,182.2,4.9,8.4,98.2,0,0,2,26.598917246340317,1
68,79.1,189.8,1.0,4.6,102.9,1,0,3,21.95755945196596,1
50,86.6,164.4,4.0,5.6,141.9,1,0,3,32.04160524742335,1
23,67.0,167.1,5.1,4.4,143.3,0,1,0,23.995063463361507,1
44,103.9,177.6,8.3,4.1,102.2,0,1,3,32.940457349241136,0
40,83.2,178.1,0.8,4.9,10.8,1,1,2,26.22983069463969,1
44,50.6,171.7,3.5,9.3,60.3,1,0,0,17.16366093425267,1
51,74.2,168.0,8.2,5.4,81.8,1,1,2,26.289682539682545,1
63,94.2,194.4,6.5,9.8,79.9,1,0,2,24.92633236803333,1
55,96.6,187.0,2.9,7.6,94.5,0,1,0,27.62446738539849,1
31,77.1,169.6,8.5,5.4,144.5,0,0,2,26.804189658241366,1
53,103.2,182.7,4.9,7.0,133.9,1,1,3,30.91737421616817,1
25,62.4,162.1,5.0,5.3,25.2,0,1,0,23.747536288252466,1
52,71.7,154.5,9.8,9.9,47.2,0,0,1,30.037389637728975,0
36,103.4,165.9,9.5,9.1,126.6,0,1,1,37.568838356257956,1
47,103.3,168.1,3.6,4.2,125.4,1,0,1,36.55652406555261,1
31,89.6,150.7,1.4,9.7,48.6,0,0,2,39.453133772102674,1
37,100.8,186.7,3.3,8.3,112.3,1,0,2,28.918242562661213,0
66,50.8,166.2,0.3,4.5,104.1,0,1,2,18.390844545232063,1
42,101.2,176.1,0.2,8.0,76.3,1,1,2,32.63336064603736,1
57,65.8,153.3,4.0,7.9,38.2,1,1,0,27.998939614627353,1
41,56.6,157.9,9.4,5.3,134.4,1,1,1,22.7013754386359,1
31,60.6,190.0,8.7,8.6,104.9,0,1,3,16.786703601108034,1
43,72.2,177.4,5.1,4.5,33.7,0,0,0,22.94193085899419,0
55,61.3,192.8,5.7,6.9,108.7,0,1,1,16.49097811676796,1
40,65.8,194.9,0.1,4.1,113.8,0,1,1,17.32216676613311,1
39,53.8,166.7,2.2,9.8,134.2,0,1,0,19.36025512354038,0
65,64.3,163.4,0.2,8.5,41.2,1,0,0,24.082793873756717,1
36,82.2,188.6,7.5,5.0,148.4,0,0,0,23.109387809263772,1
63,73.7,194.9,1.5,6.1,31.5,0,0,3,19.401879797325385,1
68,67.5,178.3,8.7,5.0,94.1,0,0,1,21.232497737559402,0
20,93.5,185.8,6.4,8.6,102.0,0,1,3,27.084460645554497,1
59,103.1,185.2,2.3,4.4,68.7,1,0,3,30.05915034356647,1
36,94.2,166.0,1.6,9.0,76.5,1,1,3,34.184932501088696,1
26,66.6,175.8,6.3,9.7,134.7,1,1,3,21.54946475788885,1
45,93.4,187.5,9.0,8.1,100.3,1,1,3,26.567111111111114,1
37,54.9,181.0,7.2,5.3,79.6,0,0,0,16.757730228015017,0
62,53.5,151.0,3.5,6.2,28.0,1,1,3,23.463883163019165,1
24,67.5,165.2,5.9,6.9,11.0,0,0,2,24.733392351482397,0
31,97.5,156.5,3.1,7.6,27.5,1,0,0,39.808510855474694,1
26,61.0,160.5,10.0,8.0,143.9,1,0,1,23.679894410962625,0
36,49.1,190.7,7.5,7.3,117.0,0,0,1,13.50144047445877,0
64,53.6,151.7,6.1,6.1,145.4,0,0,0,23.29129457447544,1
69,100.8,159.9,4.2,9.3,15.0,1,0,3,39.424264931060335,1
31,86.2,163.9,6.2,4.5,105.2,0,0,0,32.08849575311365,0
55,61.5,177.8,3.4,6.8,16.2,0,1,1,19.45412054089414,1
53,81.1,174.0,0.3,8.7,119.5,0,0,1,26.78689390936715,1
57,79.3,159.8,4.0,4.4,63.3,1,1,0,31.054149351269807,0
34,87.6,157.4,9.3,8.2,23.4,1,0,2,35.358566541108765,1
47,60.2,160.7,6.3,8.9,89.5,1,1,2,23.311205758564835,1
26,101.2,172.6,0.8,8.0,49.2,1,1,2,33.970264605535405,0
50,65.1,162.2,8.8,4.1,102.3,0,1,1,24.744534536680447,1
69,90.1,192.6,2.7,5.1,102.1,0,1,2,24.289144881918634,1
42,46.0,170.9,2.4,6.1,108.7,0,0,2,15.749751513431285,1
31,69.2,152.6,3.0,5.4,148.9,0,1,0,29.716456905125487,1
28,67.9,182.8,5.8,9.8,64.1,1,0,3,20.31970466700822,0
52,80.3,164.8,5.4,7.9,75.1,0,0,3,29.566582618531427,0
58,49.7,179.4,4.9,5.8,122.6,1,0,0,15.442283146223819,1
31,96.4,162.6,7.2,9.6,91.0,1,1,3,36.46161922873842,0
47,59.2,175.7,3.2,8.4,15.2,1,0,2,19.176890292314766,1
58,89.0,184.7,7.8,5.7,128.0,0,1,1,26.088926892084768,1
21,97.2,191.8,1.8,6.3,17.2,0,0,2,26.422205090678176,1
21,81.5,161.8,7.8,5.2,33.9,1,1,0,31.13153781393195,1
45,93.2,165.1,6.6,9.8,24.3,1,0,3,34.19178435990008,1
25,88.0,170.9,6.8,7.1,20.9,0,1,0,30.12995941699898,1
19,68.1,191.7,4.8,9.4,13.6,1,1,0,18.531171961928646,1
58,97.6,190.6,6.7,6.1,17.7,0,0,2,26.866062767490742,1
63,64.2,154.0,0.8,9.2,71.9,1,0,3,27.070332265137463,0
39,82.1,155.9,8.5,4.3,45.4,1,1,1,33.77932187085601,0
58,93.5,172.3,0.6,9.9,27.7,0,1,2,31.49495962750389,0
33,69.6,154.8,1.5,9.5,102.2,0,1,0,29.044728882479014,1
46,64.7,165.6,5.8,6.2,41.7,1,1,0,23.593024341291514,1
66,74.9,156.7,7.4,8.6,12.7,1,1,3,30.503089201376998,1
65,98.2,178.6,0.8,8.5,68.6,0,1,0,30.785667798191483,1
47,105.4,192.7,9.2,9.4,53.5,1,0,0,28.384234200632378,1
29,80.4,194.9,9.7,5.8,54.6,1,0,2,21.165687051627692,1
52,88.0,166.9,6.1,6.8,72.3,1,1,3,31.59148193128781,1
28,103.7,177.0,4.8,9.2,103.6,1,0,2,33.10032238501069,0
63,51.4,188.5,7.4,8.7,96.3,1,1,1,14.46573183516383,0
67,60.1,155.3,3.3,6.4,141.2,1,0,0,24.919054535413043,1
38,91.1,181.0,4.9,9.1,82.5,0,1,2,27.807453984921093,1
38,98.5,168.4,9.2,4.3,76.2,1,1,2,34.73378055867434,1
22,100.7,159.3,9.6,8.7,39.9,0,0,3,39.68239894485013,1
65,72.0,168.1,9.3,5.2,115.8,1,0,0,25.479861884993106,1
37,50.8,153.4,2.6,5.7,29.7,1,0,2,21.588029012951115,0
54,73.5,181.3,2.3,7.0,78.8,0,1,0,22.36102622203008,1
20,60.0,161.4,3.0,6.7,69.0,0,0,1,23.032664925397196,1
61,63.9,164.0,4.4,7.1,102.2,0,1,0,23.758179654967286,1
50,95.2,155.4,3.1,7.3,138.5,0,0,0,39.42166104328266,1
26,49.9,188.9,3.7,6.0,142.5,0,0,2,13.98416790417678,1
26,98.8,172.2,6.2,5.1,33.5,1,0,3,33.31889963996703,1
21,72.8,175.7,7.6,8.6,46.7,0,1,3,23.582392116224916,1
52,83.7,175.6,7.4,6.4,123.6,0,1,3,27.144161767529226,0
34,50.8,168.5,8.1,7.0,82.6,0,0,1,17.892206500013206,1
51,66.9,158.7,0.3,7.9,73.4,1,1,1,26.562702868176338,1
41,50.8,183.5,0.5,9.5,109.5,1,1,2,15.08660692409922,1
49,107.5,155.7,7.9,8.2,94.3,1,0,3,44.3436297179044,1
18,97.5,154.7,5.3,4.3,145.9,0,0,1,40.74027801165715,1
25,74.9,182.0,5.8,9.0,91.8,1,0,3,22.61200338123415,1
62,59.5,159.4,0.5,9.9,75.2,1,0,3,23.417489361769118,0
40,105.7,163.8,2.6,6.8,86.0,1,1,1,39.395552216065035,1
64,67.4,171.4,6.4,9.8,123.2,1,0,3,22.94236904128129,1
57,55.5,170.2,8.6,7.3,95.8,0,1,0,19.15904562407398,1
29,81.6,181.9,9.2,6.8,100.6,0,0,2,24.66179938653774,0
29,106.3,178.1,5.0,6.0,146.0,0,0,1,33.51239186106009,1
63,45.2,179.0,5.5,7.9,96.6,0,0,1,14.106925501700946,1
64,60.5,182.1,8.3,5.4,63.2,0,0,3,18.2446477591803,0
32,106.0,163.2,5.4,4.6,106.8,0,0,1,39.79839484813534,1
58,56.1,164.5,5.2,4.2,102.3,0,0,0,20.731515784222246,1
36,52.4,169.7,9.1,5.8,11.9,0,1,3,18.19565116992134,0
43,82.1,163.8,7.9,6.4,75.4,1,1,0,30.599572724114843,1
69,101.0,194.3,9.1,7.3,114.0,1,1,2,26.753202239110585,0
46,76.0,186.6,2.2,5.8,79.9,0,1,2,21.826812285968007,1
39,109.6,157.4,5.2,9.9,119.1,0,1,0,44.238571836821016,1
57,89.1,150.3,8.4,5.8,73.1,1,1,3,39.44207393596041,1
38,49.8,151.9,1.1,6.6,147.7,1,1,2,21.583098613524278,1
68,109.5,161.0,7.9,4.6,51.0,1,0,3,42.2437405964276,1
55,71.5,155.1,1.8,5.6,22.9,0,1,3,29.72230224380519,0
37,63.7,174.0,8.1,4.3,70.2,1,0,2,21.039767472585545,1
46,81.3,188.6,6.1,7.4,85.8,0,1,2,22.85636531500176,0
68,64.8,183.2,1.9,8.5,58.9,1,1,0,19.30741213935661,1
21,50.6,159.7,4.7,5.2,43.9,1,0,3,19.839955081714347,0
24,45.1,168.0,6.8,6.2,104.1,0,0,0,15.979308390022679,1
45,74.2,172.9,6.3,4.1,62.8,1,0,1,24.82069390230481,1
45,99.4,186.5,4.3,9.0,98.4,0,0,1,28.57779470850793,1
21,82.2,187.8,9.0,8.7,119.1,1,0,1,23.306692252991592,1
39,109.9,190.9,5.2,4.4,116.5,0,1,1,30.15684026561069,1
29,63.6,172.9,5.1,6.2,62.5,0,0,2,21.27488048768984,1
62,63.2,181.2,0.6,9.7,89.5,0,0,2,19.248668430721853,0
20,55.4,155.0,9.2,6.4,73.0,1,0,0,23.05931321540062,0
39,55.7,175.4,1.8,7.2,131.9,0,1,2,18.104895277645234,0
61,63.5,161.2,5.3,6.1,133.0,1,0,2,24.43676150952226,1
19,96.5,169.4,8.0,7.6,58.1,1,0,2,33.627958389147615,0
41,103.9,178.5,2.2,9.9,22.8,0,0,1,32.609122080204635,1
51,108.4,161.6,5.3,10.0,33.5,0,1,0,41.50941084207432,1
44,60.1,152.3,2.4,8.6,61.4,1,0,3,25.9104326783584,1
58,102.3,150.5,7.6,6.4,89.0,1,1,3,45.16506440326266,1
18,66.3,151.0,5.6,7.0,102.0,0,1,3,29.077672031928422,1
25,52.3,150.4,8.6,6.1,56.4,1,0,1,23.120968198279762,1
40,101.6,155.0,8.9,9.9,103.4,0,1,2,42.28928199791883,1
55,86.3,160.8,6.5,8.2,141.3,0,1,2,33.37633969456201,1
23,55.7,160.0,7.3,6.7,101.3,0,1,3,21.757812499999996,0
39,72.9,194.4,5.5,4.1,32.2,1,1,3,19.290123456790127,1
42,63.7,163.8,3.8,7.1,91.2,1,1,0,23.741690408357073,1
35,92.9,155.7,6.5,9.9,85.9,1,1,1,38.32114605389134,0
34,74.5,174.6,9.1,7.1,131.9,1,0,2,24.43812005579108,1
29,109.3,188.6,4.2,5.1,59.0,0,1,3,30.72817624759769,0
23,48.6,180.5,3.1,4.1,69.2,1,1,3,14.917012607331129,0
43,68.1,163.3,3.9,6.1,93.8,0,0,0,25.5372861252287,1
44,76.3,175.3,4.4,9.5,83.4,0,1,2,24.829084457611412,1
25,77.7,182.2,0.7,10.0,110.7,1,0,2,23.405842242815886,0
36,65.5,182.8,5.0,9.7,15.7,1,0,0,19.601482410736942,0
59,92.4,180.0,4.9,8.4,88.9,1,1,0,28.51851851851852,1
18,101.9,189.2,5.9,7.3,27.0,0,1,2,28.466358853791867,1
46,106.0,189.2,3.6,7.5,54.1,1,1,0,29.61171774781097,1
62,97.3,176.1,6.1,7.2,102.6,0,0,3,31.375750897820502,1
66,100.3,169.3,8.8,8.2,32.0,0,1,2,34.99347056030372,0
52,80.8,178.9,9.6,6.5,53.2,1,0,1,25.24588965359077,0
57,98.7,186.8,5.8,8.0,108.4,1,1,2,28.285470610622266,1
31,64.7,150.3,0.4,4.7,101.1,1,1,0,28.640877482117155,1
52,70.9,194.6,9.7,5.6,22.7,0,1,1,18.72235877426381,0
65,65.6,158.2,7.1,9.0,90.8,0,0,3,26.2114400149597,1
62,75.4,171.2,3.4,9.4,30.6,1,0,3,25.72550004367194,1
37,63.6,189.2,1.5,7.2,45.3,1,1,3,17.767030648686582,1
66,107.5,160.1,1.4,4.2,74.3,0,0,0,41.939746434243744,1
30,65.3,171.5,1.7,9.6,25.3,1,1,2,22.20163367304439,0
55,51.4,156.0,0.5,8.2,149.1,1,0,0,21.120973044049965,0
66,79.2,167.8,9.0,6.5,33.2,0,0,2,28.128156426644463,1
63,48.7,158.0,5.4,7.6,119.4,0,1,0,19.508091651978848,1
66,52.2,166.4,7.0,6.6,126.2,1,1,3,18.852279031065084,1
25,59.3,166.8,8.3,6.8,149.2,0,0,0,21.31388414448297,1
60,75.2,194.7,7.9,9.3,70.0,1,0,2,19.83745422151314,0
37,73.2,194.8,8.8,5.0,132.4,0,0,3,19.290042121862466,1
50,97.0,155.2,9.7,4.6,144.1,0,1,3,40.270618556701045,0
43,93.1,182.7,4.4,4.0,34.2,0,1,1,27.89154592563233,1
56,72.7,152.3,9.5,5.9,77.1,0,0,2,31.34256997864652,1
38,66.7,151.4,7.2,4.9,18.4,1,1,1,29.098733267137714,1
66,65.6,154.7,0.7,5.3,96.9,0,0,1,27.41089474425343,1
59,95.3,193.4,6.8,4.1,91.4,1,1,1,25.478858162164236,1
60,48.4,192.3,6.9,5.4,38.6,0,1,3,13.088407051622678,1
58,45.8,158.7,9.1,6.0,121.7,1,0,1,18.184929616778415,1
26,96.7,157.3,3.7,4.2,15.2,0,1,2,39.08130244603688,0
41,76.0,160.8,5.8,7.6,122.9,0,0,2,29.39283681097002,1
54,53.5,173.2,0.1,7.4,13.7,1,1,1,17.83437961693753,1
66,60.3,175.6,3.3,4.6,102.0,0,0,1,19.555471380908152,1
58,105.6,160.0,0.6,7.6,21.0,1,1,1,41.24999999999999,1
34,100.9,184.0,5.2,10.0,45.2,1,1,1,29.802693761814744,1
41,91.1,163.9,8.2,9.7,111.1,0,1,1,33.91255177620247,1
38,76.3,191.5,2.1,4.0,49.3,0,0,1,20.8059227344927,1
68,78.8,179.6,5.3,8.8,81.6,1,0,0,24.429442314274233,1
56,108.4,169.6,2.0,6.1,138.1,0,1,3,37.68578675685298,1
58,107.8,185.5,1.2,4.4,16.9,0,1,3,31.327874688501247,1
56,59.0,186.8,5.1,5.8,123.6,1,0,3,16.908234711516855,0
30,97.7,163.1,0.8,5.9,19.1,0,0,1,36.72710035219673,0
28,57.8,165.3,5.9,7.1,27.8,0,1,0,21.153494956282167,0
63,58.9,192.1,0.3,8.0,26.7,0,1,3,15.961017180178745,1
36,88.9,157.4,1.1,8.5,149.2,0,0,2,35.8832941267645,0
28,71.3,151.9,5.5,5.5,35.2,0,0,3,30.901103035025724,0
30,105.6,170.4,5.9,5.9,135.5,1,0,3,36.36844541426965,1
63,50.8,186.1,0.3,5.9,148.7,0,1,3,14.668002186340797,1
62,78.2,184.7,5.7,6.2,63.7,0,1,3,22.923079583831786,1
18,104.7,191.4,8.4,10.0,98.3,1,0,2,28.580038849198935,0
57,103.8,174.0,7.2,8.7,119.1,0,0,1,34.28458184700753,0
61,55.2,154.5,1.3,9.8,65.0,1,1,2,23.125019637414777,1
36,68.8,176.5,5.9,8.2,32.7,1,1,2,22.0850821369243,0
29,85.2,185.0,6.7,6.4,70.7,0,1,1,24.89408327246165,1
25,55.4,154.2,0.4,6.3,118.1,0,1,2,23.299200425273497,1
25,107.9,157.8,8.6,6.9,119.3,1,0,2,43.33187153525744,0
62,104.5,150.6,9.1,6.5,42.3,0,1,3,46.0751063916093,1
29,55.9,176.7,8.5,9.0,34.5,1,1,3,17.903531671795918,0
65,52.9,189.9,8.2,6.8,138.9,0,1,1,14.6691767874281,0
50,50.6,180.2,7.4,5.8,16.2,0,0,3,15.582636631391193,1
62,104.1,194.2,6.3,8.6,112.9,1,0,1,27.602745319730474,1
43,57.6,152.8,6.8,9.1,16.5,1,0,1,24.67037636029714,0
56,72.1,190.6,8.1,6.5,127.3,1,1,0,19.846753335410682,1
45,74.2,186.6,6.6,8.0,136.8,1,1,1,21.309861468668764,1
22,83.9,164.1,3.3,4.4,51.6,1,1,2,31.15622264778875,0
25,49.7,193.8,3.8,7.2,20.4,1,1,1,13.232711475769493,0
42,59.7,163.0,9.0,4.3,77.3,1,0,0,22.469795626481993,0
44,105.5,190.0,0.2,4.2,51.8,1,1,2,29.22437673130194,1
63,104.0,189.6,7.0,7.7,68.4,1,0,0,28.930548879275047,1
40,95.8,184.1,9.5,5.8,103.1,1,1,3,28.26558199216884,0
47,46.3,175.4,7.1,8.5,39.4,0,1,2,15.049491047665606,1
62,66.3,155.4,9.9,9.4,60.0,0,1,1,27.454371083714708,1
64,85.8,173.9,6.9,4.8,119.6,1,1,0,28.371880622501543,1
40,62.9,166.1,0.3,8.3,100.1,0,1,1,22.798768069111077,1
66,104.1,185.6,8.3,7.1,55.7,1,1,3,30.220022666468495,1
64,86.2,184.1,2.8,4.7,103.0,0,0,2,25.433122836377393,1
37,49.7,191.0,4.5,7.9,117.1,0,0,1,13.623530056741867,1
35,104.1,150.7,3.1,7.7,92.9,0,0,3,45.83784850084697,0
35,107.3,186.4,2.7,7.1,43.5,0,0,1,30.882176868242183,1
19,50.1,192.2,4.3,9.6,10.0,0,0,2,13.562225439378206,1
21,79.6,185.5,3.8,7.1,122.4,1,1,3,23.132642163308898,1
47,64.7,155.9,6.3,9.9,125.2,0,1,3,26.620245128433424,1
50,70.5,153.7,8.1,7.1,107.7,0,0,0,29.842924623545265,0
53,56.7,150.9,3.0,4.7,20.7,1,1,2,24.900299989328442,0
35,82.6,178.3,2.1,6.8,91.9,0,1,3,25.98228612033195,0
54,107.3,178.3,6.7,5.1,124.9,0,1,2,33.7518075146685,0
36,77.7,194.4,6.7,7.6,64.6,0,1,1,20.560255042422398,0
64,50.4,167.9,9.0,8.2,37.7,0,0,2,17.878420356426172,1
45,85.3,164.9,0.2,6.8,92.3,0,1,0,31.369508910889632,1
57,67.1,178.1,8.5,4.6,125.7,0,0,2,21.154106245316385,1
37,100.6,187.2,5.2,6.8,16.8,0,0,2,28.706899700489448,1
66,73.3,192.2,6.2,4.5,93.6,1,1,1,19.842537419289872,1
50,57.5,186.1,0.9,8.1,100.0,1,1,0,16.602561529814878,1
29,57.4,169.2,4.3,8.7,94.3,1,1,1,20.049852176002773,1
68,95.0,178.6,2.3,9.8,101.0,0,0,3,29.782468847537583,1
32,62.3,188.5,2.5,4.9,98.4,0,1,1,17.533367574527364,1
58,94.9,172.1,5.0,7.2,28.3,1,0,0,32.0408826807381,1
56,58.4,159.8,8.1,7.4,42.9,1,1,0,22.869638362095294,0
19,65.9,157.6,7.4,9.5,96.7,1,0,2,26.53218325646114,1
46,75.3,150.0,5.9,7.8,12.5,0,0,0,33.46666666666667,0
58,106.3,182.3,5.4,4.9,98.9,1,0,1,31.985999580541073,0
27,105.6,155.0,4.3,6.6,103.2,0,0,0,43.95421436004162,1
19,58.4,161.0,9.7,7.9,43.5,1,0,3,22.529994984761387,1
68,68.3,163.4,5.6,8.2,93.7,1,0,0,25.58094590322836,1
28,54.7,175.2,2.5,9.2,84.8,0,0,0,17.820468714163596,0
30,78.1,167.9,2.3,5.1,46.5,0,1,1,27.704456941208015,1
27,74.9,180.4,6.1,9.7,74.8,0,0,2,23.014881932733864,1
31,103.5,152.5,5.2,4.4,137.3,0,1,2,44.504165546896004,1
35,105.5,155.6,0.1,9.9,69.7,0,1,1,43.5745864751092,1
68,69.9,172.5,8.3,9.1,98.2,0,1,2,23.490863264020163,0
26,77.0,165.2,7.0,8.0,14.9,1,0,3,28.2143883120614,0
56,103.3,163.3,6.6,8.4,20.9,0,0,3,38.73717557615455,1
45,97.4,153.0,0.7,4.4,21.4,0,1,2,41.60792857447991,1
20,45.2,190.3,3.6,4.2,119.0,0,0,1,12.481329780756607,0
37,65.8,181.1,9.4,4.6,59.0,1,0,1,20.06268216107407,0
23,72.4,155.5,8.6,4.5,41.9,1,1,2,29.941791337972113,1
44,59.9,152.9,2.9,7.3,114.6,0,1,0,25.621930661666035,1
19,58.0,193.9,1.6,5.3,33.8,0,1,2,15.42667660712058,0
46,47.5,180.7,4.5,9.2,44.5,0,1,3,14.547129483846408,1
55,86.8,168.8,3.6,6.7,70.3,0,1,3,30.463152220300522,0
20,62.1,181.6,6.8,8.2,56.4,0,1,0,18.830415882318697,1
33,48.4,184.0,9.7,7.9,92.0,0,1,3,14.295841209829867,1
47,60.0,185.1,3.6,5.9,57.3,1,0,1,17.512107433276682,1
57,97.1,171.5,0.6,5.5,65.0,0,0,0,33.01345527798791,1
19,100.3,169.3,9.0,6.1,130.8,0,0,0,34.99347056030372,1
34,76.4,150.5,0.4,8.8,133.8,0,1,0,33.730312027461075,1
58,72.0,191.7,9.5,7.5,125.9,0,0,1,19.59242850600386,1
29,108.6,177.1,6.6,5.5,131.1,1,1,3,34.625232867444346,0
52,58.0,159.1,9.4,8.9,89.8,0,1,2,22.913299629713176,1
60,59.0,191.4,2.0,4.3,100.5,1,1,3,16.105274996205704,1
18,64.0,191.2,0.4,8.2,88.0,0,0,2,17.506696311339088,1
62,56.2,194.5,4.9,6.6,120.0,0,1,0,14.855836268594576,1
32,69.7,189.3,4.5,8.4,87.1,0,1,2,19.450534945523156,1
43,104.2,194.9,3.3,9.6,25.6,1,1,3,27.431151626612007,1
54,85.0,161.0,9.6,8.5,123.3,1,0,1,32.79194475521777,1
38,71.8,187.9,8.2,6.7,116.5,0,0,3,20.336250556202117,1
66,105.7,187.0,6.6,4.9,124.8,0,1,1,30.22677228402299,1
48,48.2,160.4,1.6,8.8,36.7,0,1,1,18.734336229252303,1
42,58.7,154.4,7.3,6.8,48.0,0,1,1,24.623144245483097,0
40,81.8,194.1,7.3,4.5,51.4,0,0,2,21.71212011420894,1
41,85.0,163.3,4.3,8.3,81.1,0,1,0,31.874733049110716,1
55,47.6,189.2,9.2,5.8,28.7,0,1,0,13.297337403733984,1
45,71.2,150.2,1.7,4.3,64.0,1,0,0,31.560227730092684,1
38,87.2,150.9,2.7,9.4,35.5,1,0,1,38.294641253429276,0
60,90.4,171.0,0.6,6.9,47.1,0,0,2,30.915495366095556,1
35,86.5,160.7,8.0,5.7,108.9,0,0,2,33.49533717800429,1
53,65.8,181.0,6.2,8.3,129.7,0,0,2,20.084856994597235,1
52,51.1,175.5,3.1,9.3,13.2,0,0,3,16.590774425532263,1
62,72.8,153.5,1.6,4.0,89.2,0,1,2,30.896879542488517,1
26,53.4,157.3,0.4,8.1,15.0,0,0,2,21.581608589641874,1
55,106.6,167.5,1.7,8.6,21.9,1,0,2,37.99509913120962,1
47,75.9,158.4,4.5,5.3,108.7,1,1,0,30.250420875420875,1
61,65.6,185.7,2.5,6.9,113.0,1,1,1,19.023044852917934,0
51,94.8,168.7,2.6,4.5,124.0,0,1,3,33.31027147519879,1
49,77.4,154.2,8.8,8.5,76.4,1,0,0,32.55159048585142,1
20,65.2,171.8,5.2,9.1,130.4,0,0,2,22.09028285048673,0
20,97.8,154.1,7.3,4.6,33.4,1,0,1,41.18447909424466,0
45,101.4,155.8,0.4,8.9,45.0,0,0,1,41.77371008221264,1
61,88.7,160.8,3.7,8.6,28.8,1,0,1,34.30453454122422,0
32,48.1,188.7,4.8,6.1,121.7,0,1,1,13.508318006587906,1
58,81.8,191.6,1.9,8.1,42.0,1,1,2,22.28241683047058,1
40,94.6,187.2,1.2,4.0,31.8,1,0,3,26.99475856527139,0
57,53.9,165.0,8.7,9.6,97.2,1,0,2,19.7979797979798,0
28,59.9,162.3,9.4,7.3,20.8,0,1,1,22.73996451958123,1
65,102.4,174.7,0.8,7.7,16.3,0,0,2,33.55167039153555,1
49,46.3,182.5,3.5,8.0,24.9,0,1,1,13.901294802026646,0
53,93.9,194.7,9.6,7.4,10.0,0,1,2,24.770438183511757,1
50,75.8,155.9,0.8,9.1,107.6,0,1,3,31.18724236066852,0
41,74.0,152.2,6.4,7.7,88.7,1,1,1,31.944964869172424,1
56,45.5,181.2,9.7,9.4,39.4,0,1,2,13.85782299996589,0
51,98.3,187.5,9.8,7.5,42.6,0,1,0,27.96088888888889,1
45,68.4,188.1,4.7,5.0,123.5,0,1,3,19.332076748344694,1
54,80.1,180.5,1.6,9.5,80.3,1,1,0,24.585446704675377,1
24,89.0,192.9,2.0,8.1,107.8,1,0,2,23.918037989906587,1
21,90.7,173.0,8.9,8.2,73.4,1,1,3,30.305055297537507,1
54,107.1,191.1,9.1,9.9,43.3,0,1,3,29.327030896889607,0
18,79.5,193.6,6.1,4.5,145.9,0,1,3,21.21076941465747,1
18,71.0,188.1,7.7,6.6,89.2,1,1,2,20.06692177094259,1
64,107.0,163.9,7.4,5.4,28.3,0,1,3,39.83142744296009,1
37,86.7,158.8,6.6,7.8,66.9,0,0,3,34.38096809192368,1
36,64.4,174.7,8.3,8.8,56.1,0,1,0,21.100855207176654,1
46,53.2,170.4,6.9,9.8,40.0,0,0,2,18.321981970067668,0
27,99.8,189.5,5.3,6.7,140.7,0,1,1,27.79150799562799,0
35,68.5,154.5,2.4,8.7,133.3,1,1,2,28.696808789183187,0
45,87.9,161.6,7.4,9.5,37.9,1,0,2,33.65938388393295,1
52,75.6,183.8,4.7,8.1,59.3,1,0,3,22.37849012682328,0
60,57.9,154.3,2.9,5.5,116.7,0,1,0,24.319055933408624,1
64,84.1,164.4,8.0,7.6,39.2,1,1,0,31.11661664328295,1
48,48.9,167.4,7.0,9.8,92.8,0,0,2,17.45010127482089,1
44,71.9,178.0,9.4,9.9,108.0,1,0,1,22.69284181290241,1
28,80.5,157.1,1.7,7.9,101.6,0,1,2,32.61696219795376,1
66,73.3,188.7,6.5,9.3,108.9,0,0,1,20.58544095390631,1
66,93.7,170.1,2.4,5.2,108.9,1,0,1,32.384035258161596,1
55,98.8,191.3,9.0,5.5,145.1,1,0,2,26.997714758213327,1
22,95.1,171.1,1.0,9.7,58.5,1,0,3,32.48482248291302,1
25,47.5,162.4,6.6,4.8,133.0,0,0,3,18.010325414351232,0
51,57.6,156.4,7.9,5.1,13.1,1,1,1,23.54772666322172,0
65,79.9,150.2,3.5,6.5,50.3,1,1,0,35.41660387126974,1
69,105.8,173.9,9.5,7.5,16.8,1,1,3,34.98537260909864,1
29,99.3,154.8,8.5,7.6,101.2,1,1,3,41.43881577629549,1
55,99.8,167.6,2.9,5.8,24.1,0,1,1,35.5289614436008,1
18,64.7,176.5,0.1,9.5,128.4,0,1,1,20.76896532353201,0
48,72.9,162.4,3.0,9.5,100.5,0,0,1,27.641109951709577,1
21,75.6,157.9,2.8,6.4,14.0,1,0,3,30.321978501075506,0
66,55.2,184.9,8.9,6.6,110.1,1,0,3,16.146011423303083,0
62,47.0,192.6,9.7,8.2,130.7,1,1,0,12.670253157049677,1
67,106.5,154.5,0.7,8.0,102.6,0,0,0,44.616206365664375,0
22,60.6,157.0,4.7,6.3,14.3,1,0,2,24.585175869203617,1
47,60.6,193.2,5.5,6.5,130.1,0,0,1,16.23522755037743,1
41,50.4,151.7,0.9,6.1,112.5,1,0,3,21.900769525253022,0
20,105.4,194.0,3.8,5.4,63.0,0,0,0,28.005101498565207,1
28,82.7,150.2,3.2,6.7,56.0,0,1,1,36.65773642245316,1
62,88.4,189.3,5.4,8.1,77.2,1,1,1,24.668971150419612,1
21,104.3,163.8,6.6,8.5,131.4,1,0,2,38.87375682247477,0
43,67.5,192.2,7.0,8.7,45.3,0,0,1,18.272459424311954,1
44,85.4,164.3,1.4,6.2,24.1,0,1,0,31.636085734533236,0
63,47.5,179.4,8.1,8.6,131.0,1,1,2,14.758721316813508,1
60,57.1,153.6,6.8,4.0,13.7,0,0,3,24.202134874131943,0
44,99.0,160.9,8.9,6.9,137.5,1,0,2,38.24045987436271,1
59,94.8,184.8,4.5,8.8,52.8,1,1,1,27.759037499297236,1
68,67.8,173.8,8.9,7.8,81.2,0,1,1,22.445544724899715,1
67,69.5,191.8,8.7,6.8,28.5,0,0,0,18.892420306606308,0
23,79.7,169.3,4.4,7.9,136.3,1,0,1,27.806376905844537,1
32,45.0,189.1,3.8,9.4,115.0,0,1,3,12.584311390675474,0
47,60.7,170.2,9.3,7.4,139.4,0,0,0,20.95412737623947,1
59,58.5,194.1,7.2,8.8,105.7,1,1,1,15.527616463095637,1
54,61.3,193.2,9.3,9.9,35.9,0,0,3,16.422763182147463,1
54,97.4,164.8,8.0,8.2,53.2,0,0,0,35.86282873032331,1
59,63.2,189.9,6.1,7.4,78.2,0,1,1,17.525368108987823,0
54,57.4,188.1,1.2,4.2,95.0,0,0,3,16.223117037353585,1
52,77.8,159.5,2.9,6.2,139.7,1,0,3,30.581460480930808,1
40,101.3,178.1,9.7,7.4,63.8,0,1,2,31.936079920276452,1
23,60.7,153.3,3.2,8.8,108.4,0,1,0,25.828809036593928,1
21,50.1,187.7,0.9,6.6,144.5,0,1,2,14.220313817632,0
35,68.2,157.9,7.1,9.8,31.3,0,0,3,27.353954150441137,0
26,93.6,153.2,7.3,5.6,130.8,1,1,2,39.88029095569539,0
66,80.8,168.0,2.9,8.5,68.9,1,1,2,28.628117913832202,0
46,98.1,176.0,3.0,6.5,112.5,1,1,2,31.669679752066116,1
30,107.4,188.5,4.7,6.9,51.1,0,1,0,30.226062239233375,0
64,96.5,193.8,0.2,8.8,56.8,1,0,1,25.693292905669136,1
69,84.2,169.8,7.9,5.8,13.8,1,1,2,29.203622081545387,0
34,77.1,152.7,3.2,4.6,146.0,0,0,1,33.06559209925339,1
62,47.6,183.7,8.5,7.1,123.9,0,0,0,14.105505028938513,0
49,109.0,175.4,8.0,7.2,23.1,1,1,1,35.4296873476361,1
65,69.9,170.2,6.6,8.8,149.9,1,1,0,24.130041245455338,1
39,54.9,163.9,3.2,9.8,94.7,0,1,1,20.43687258521971,1
21,88.3,172.6,5.2,4.3,129.5,0,0,0,29.640062891983955,0
22,63.5,165.2,4.4,7.6,19.3,0,1,3,23.26770984176492,1
54,83.1,184.1,3.4,8.1,64.5,1,1,0,24.518474567319736,0
58,83.1,174.5,8.5,9.9,103.8,0,1,1,27.290416334841254,1
66,74.0,189.5,4.8,9.7,24.9,1,0,2,20.606929776317347,1
30,99.3,174.5,8.3,8.3,78.4,1,1,3,32.610569699756155,1
51,62.2,160.7,1.1,7.1,72.0,1,0,2,24.08566442164008,1
62,74.2,188.3,1.4,5.0,40.2,0,0,1,20.92682127507517,1
39,79.9,175.1,9.8,6.3,52.0,1,0,2,26.060004546639096,0
40,88.1,159.3,5.9,7.5,145.4,1,1,2,34.717173257609694,1
68,96.0,178.1,5.1,8.4,50.4,1,1,0,30.265189263045798,1
20,70.7,166.1,5.2,7.8,39.9,1,0,1,25.625960293897506,1
59,87.0,188.0,2.2,8.3,85.1,0,1,2,24.615210502489816,0
51,54.8,170.4,7.2,6.6,103.9,1,0,2,18.873019021799024,1
49,105.6,182.7,0.8,8.4,111.5,0,1,2,31.636382918869753,1
62,69.9,154.3,5.7,4.9,115.6,0,1,1,29.359274779710933,1
68,92.4,167.8,5.7,5.0,15.2,1,1,3,32.816182497751875,0
66,46.3,194.2,9.1,5.0,65.1,1,0,2,12.276725343933919,1
38,58.3,186.4,5.3,9.3,118.4,0,1,2,16.779412035587317,1
63,76.7,157.2,1.4,4.5,136.7,0,0,3,31.037753562664705,1
61,102.1,162.5,5.7,8.8,94.3,0,1,3,38.66508875739645,0
38,79.3,164.8,0.9,5.4,17.3,0,1,3,29.198381091526056,1
61,105.4,179.3,2.0,6.8,65.5,1,1,2,32.78536565792048,1
28,76.4,184.1,0.3,9.5,20.4,1,1,0,22.541654114840288,1
56,76.9,183.7,5.1,7.5,114.8,1,0,1,22.788095309356546,0
21,52.8,172.9,0.8,5.3,18.9,1,0,2,17.662164933176467,1
68,97.2,186.5,4.7,5.7,36.0,0,1,3,27.945288185784417,1
18,61.1,169.7,9.3,9.5,68.4,0,0,3,21.21668485653042,1
45,103.5,155.6,7.2,6.6,74.8,1,0,3,42.74852796373273,0
41,104.2,175.4,0.8,7.5,66.9,1,0,3,33.86948093232735,1
52,106.3,192.9,2.2,6.8,74.9,1,1,0,28.56727458794461,1
30,78.8,185.7,6.7,6.3,109.9,0,1,1,22.850852658688005,1
64,89.0,176.0,8.9,5.3,61.7,1,1,0,28.731921487603305,1
51,95.6,179.1,0.3,8.1,86.7,0,1,0,29.803462376713895,1
28,53.5,191.9,8.1,8.3,52.5,0,0,1,14.527933142180128,1
53,84.1,169.3,5.6,5.6,59.5,0,0,2,29.34148428835038,0
68,47.2,164.9,5.5,8.7,95.9,0,1,2,17.358040100750184,1
34,77.3,194.0,9.6,9.1,78.7,1,1,0,20.538845785949622,1
52,55.1,188.9,7.5,9.5,111.2,0,1,1,15.441435902207228,0
35,56.9,164.5,8.5,5.0,88.5,0,0,3,21.027152372945558,1
57,68.7,170.9,3.5,5.8,122.5,1,1,1,23.52191149940716,1
39,73.1,168.7,5.5,9.2,72.1,1,1,2,25.685451949757713,1
41,85.5,156.7,6.2,5.2,78.7,0,1,0,34.81994828728616,0
36,49.8,193.1,3.2,4.0,103.8,1,0,3,13.355642799310548,0
54,77.7,168.2,5.7,9.2,41.0,1,1,2,27.46433171540025,0
56,56.9,189.4,2.4,6.0,64.0,0,0,3,15.86179442891407,1
38,82.3,158.5,1.4,6.5,97.5,1,1,1,32.75980455572252,1
25,86.4,174.7,3.7,6.7,14.0,0,1,1,28.30922189285812,0
45,81.2,151.1,7.4,9.1,71.2,0,1,2,35.56535111367292,1
22,93.0,184.4,9.2,6.0,93.8,1,0,2,27.350238329388624,0
34,66.8,176.1,4.6,9.4,145.4,1,1,3,21.54059773868869,1
54,94.7,178.2,6.4,7.7,132.8,1,0,3,29.82184987422549,1
53,73.1,152.3,1.0,7.2,49.3,0,1,1,31.515018781830268,1
36,76.5,159.5,9.0,6.0,81.0,1,0,0,30.070459213254587,1
44,87.1,153.3,5.7,5.5,17.9,0,1,3,37.06242614641402,0
51,46.2,163.0,7.8,7.7,43.7,1,1,1,17.388686062704657,0
28,87.5,178.2,7.9,6.7,118.5,0,0,0,27.554507539543085,1
62,85.2,175.5,2.6,9.5,27.3,1,0,2,27.662113132198606,0
64,65.1,177.5,5.3,6.9,46.1,0,1,2,20.662566951001786,1
29,50.6,174.7,9.6,7.1,142.2,1,1,3,16.57924337706737,0
38,50.9,162.3,0.9,6.5,125.3,1,1,0,19.323275359710927,0
28,105.0,161.0,6.8,8.7,119.5,1,0,1,40.507696462327836,1
56,89.8,156.2,9.6,6.5,131.0,1,1,3,36.80563183547801,1
45,53.3,188.2,3.0,5.6,114.9,1,0,1,15.048318371596908,1
22,68.2,177.7,8.6,9.2,26.9,0,0,0,21.59780019121337,0
34,83.5,158.4,9.3,7.6,82.3,0,0,3,33.27944852566065,0
37,99.3,158.0,7.5,7.5,72.2,1,1,0,39.77727928216631,0
58,47.8,189.3,2.3,7.7,53.6,0,1,0,13.339104309842277,0
63,60.4,183.4,3.3,8.3,126.8,0,1,0,17.957185787898283,1
29,102.8,179.7,0.4,5.9,75.0,1,1,1,31.83442137068242,0
23,45.6,168.3,8.3,4.2,18.4,1,0,2,16.098915123765703,1
34,58.1,161.8,8.5,8.9,48.5,0,1,3,22.193157631772348,1
68,107.3,194.1,6.3,4.8,42.0,0,0,1,28.480568316071142,0
36,84.9,185.9,3.5,8.3,134.2,1,0,0,24.56681812828625,1
43,62.0,163.6,0.8,4.5,100.6,1,0,1,23.164615228268605,1
65,49.4,188.1,7.5,6.3,88.5,1,1,0,13.962055429360055,1
61,46.8,184.2,7.3,4.4,80.9,0,1,0,13.793249795753802,1
61,60.9,163.4,9.1,7.1,101.0,1,1,0,22.809364648705817,0
69,102.3,169.2,7.3,7.9,115.7,0,0,0,35.7334473450363,0
49,72.0,158.4,8.3,5.0,87.6,1,0,1,28.69605142332415,1
23,91.8,155.0,7.5,6.2,141.4,1,1,0,38.210197710718,1
53,104.7,182.5,6.3,9.6,146.8,0,0,1,31.435541377369113,0
55,71.5,162.0,4.3,6.7,149.3,1,0,1,27.244322511812218,1
28,57.4,186.9,9.0,8.8,103.7,0,0,2,16.432108339695763,1
50,78.6,194.8,6.5,9.6,140.6,0,1,1,20.71307801609822,0
41,104.0,153.4,4.0,9.8,66.6,0,1,2,44.19596490840386,0
40,97.3,171.3,0.8,9.4,130.3,1,1,2,33.15874724685273,1
32,49.3,186.1,2.9,5.9,137.3,1,0,2,14.234891885563018,0
44,90.0,185.5,5.4,9.8,136.6,1,1,1,26.154997420826646,1
28,82.2,184.2,2.8,8.9,126.3,0,1,2,24.226605410490652,1
68,104.0,165.7,2.2,9.0,66.9,1,0,3,37.878111878102416,1
67,53.0,170.4,5.3,4.1,32.2,1,0,0,18.25310233860125,1
34,79.7,176.8,1.7,9.7,56.8,1,1,1,25.4972768780328,1
68,102.2,193.8,8.0,8.7,117.4,1,1,0,27.21092782341332,0
31,71.7,164.7,4.8,8.6,42.6,1,1,1,26.432117566519917,0
44,76.3,191.5,5.7,4.5,77.0,0,0,2,20.8059227344927,1
35,49.6,162.1,1.5,5.4,89.2,1,1,3,18.87624679322632,0
45,63.1,194.5,3.2,9.8,94.5,1,0,2,16.67977346171384,1
68,66.1,180.2,4.1,7.0,141.0,1,1,1,20.355973939426043,1
64,106.4,170.9,8.1,6.4,102.6,0,1,2,36.42986002237149,1
64,63.4,177.6,7.7,9.0,120.1,1,0,3,20.100336823309796,1
21,75.0,162.3,2.2,4.5,91.5,0,1,0,28.472409665585847,1
24,88.6,162.3,6.2,6.5,126.7,0,0,0,33.63540661827874,0
62,55.5,155.1,2.4,6.3,46.9,1,1,2,23.07115768575088,1
52,76.6,155.1,9.9,6.1,39.4,0,1,1,31.842354571684997,1
65,93.0,165.6,9.5,5.8,139.7,0,1,1,33.912693411748236,1
26,101.3,184.3,5.6,5.3,107.1,0,1,0,29.82351134897953,1
25,85.7,177.4,7.0,5.0,104.0,1,1,3,27.231627072241025,1
69,88.5,154.6,8.0,7.8,75.4,0,0,2,37.027491552711254,1
62,53.2,188.4,7.2,9.5,62.7,1,1,2,14.988212278163187,1
34,106.5,177.1,7.0,7.1,87.8,1,1,0,33.95568416558769,0
34,53.6,193.2,9.6,5.8,26.9,0,0,1,14.359871232677067,1
66,95.4,180.2,6.0,5.0,73.7,0,1,2,29.379121237840312,1
50,62.2,157.9,6.4,9.0,73.8,0,0,1,24.947447920197046,1
49,105.7,171.3,8.5,9.8,85.4,1,1,1,36.021372908451525,1
25,91.8,179.2,6.7,6.1,98.9,1,1,0,28.586874202806126,1
36,94.0,151.3,7.3,5.7,144.0,0,0,1,41.06293593876205,1
55,59.2,150.7,2.3,7.6,101.3,0,0,3,26.067249099424984,1
20,73.8,155.8,3.7,8.7,133.7,1,1,3,30.403351124923987,1
22,85.2,161.3,1.5,6.7,87.9,1,0,0,32.7469502480812,1
30,95.0,169.3,5.1,7.8,97.8,1,1,2,33.14436394046714,0
64,51.8,171.9,4.6,8.3,19.8,0,0,1,17.529842187426496,0
63,107.6,156.2,10.0,9.8,28.7,0,0,3,44.10118023939236,1
48,102.9,180.3,6.1,5.0,91.2,1,0,0,31.65365913531062,1
33,62.6,176.8,7.9,10.0,65.4,1,0,0,20.02671935464057,1
67,98.5,163.3,3.3,6.4,121.8,0,0,1,36.9371906510283,1
49,78.7,150.6,8.3,8.3,86.0,1,1,0,34.69962557913543,1
39,75.0,153.5,6.2,7.4,133.5,0,1,2,31.830576451739542,1
46,65.4,167.6,7.0,6.9,146.1,1,0,1,23.28250579570634,0
39,82.8,156.9,2.9,8.2,30.7,1,1,2,33.63445923466982,1
60,92.4,167.0,5.5,6.4,65.3,1,0,3,33.13134210620675,0
20,71.7,178.3,6.3,4.8,103.1,1,1,3,22.553630930118654,1
27,85.9,174.6,5.9,6.9,52.8,0,0,3,28.177644467012808,0
59,90.5,160.4,9.2,7.1,47.4,1,0,3,35.175465326708164,0
38,91.2,165.5,9.0,5.2,123.9,1,1,0,33.296519746990256,1
33,48.4,177.6,9.7,9.6,147.3,0,0,2,15.344736628520412,0
29,100.9,188.7,6.7,5.4,118.3,0,1,0,28.336575610493135,1
19,74.8,183.9,9.7,6.5,83.3,0,0,0,22.117607123288806,0
58,62.1,174.9,8.3,4.9,72.0,1,0,3,20.300745243300018,0
41,60.7,166.3,2.7,7.2,85.6,0,0,2,21.94846702432664,1
52,76.4,166.4,4.3,5.8,74.8,1,1,1,27.592224482248515,0
47,102.6,189.6,2.4,6.9,80.4,0,0,1,28.541099182823267,1
47,69.6,151.8,0.0,5.3,38.5,1,1,1,30.204085883755923,1
64,93.7,194.5,1.9,4.3,136.5,0,1,2,24.76853840511231,1
52,51.3,179.9,0.0,8.7,115.6,0,1,3,15.85094059728692,1
36,75.9,180.7,7.2,7.8,105.3,0,1,3,23.24478163839879,1
67,109.5,151.7,4.3,6.0,143.0,1,0,2,47.58202902807949,1
25,95.1,177.2,3.1,4.3,49.8,1,0,3,30.28677853135558,0
43,58.7,171.8,7.6,9.2,21.4,0,0,2,19.88803072582164,1
66,77.6,154.8,8.3,5.0,125.7,1,0,2,32.383203466672,0
57,60.2,162.5,9.8,9.6,149.8,1,1,1,22.797633136094674,1
24,71.6,190.1,6.4,6.9,91.0,1,1,1,19.81293380570762,1
47,95.7,174.7,4.6,6.0,18.2,1,1,0,31.356395082714375,0
24,95.1,168.6,3.1,8.5,119.3,1,0,2,33.4553344900225,0
20,59.8,153.3,2.2,9.3,20.3,0,1,1,25.44584481694097,0
18,104.9,182.1,2.1,6.2,85.6,1,1,1,31.634108263438243,1
53,83.5,181.6,4.1,6.4,48.9,0,0,1,25.319480292650745,1
42,69.7,177.6,9.9,6.6,138.1,0,0,3,22.097688905121338,1
54,77.6,173.0,0.0,9.5,73.2,0,0,1,25.928029670219516,1
18,84.3,169.5,2.0,8.2,135.8,1,0,3,29.34189573707155,1
32,81.4,176.7,1.9,5.5,51.9,1,0,1,26.070616781470264,1
54,76.6,160.5,7.2,5.1,64.2,0,0,3,29.73573626032356,1
30,77.8,192.4,3.5,5.4,142.6,0,0,3,21.01693889635677,0
57,56.5,176.5,4.6,5.6,38.2,0,1,1,18.13673169674743,0
25,97.8,164.0,1.5,5.4,91.0,0,1,2,36.362284354550866,1
22,80.2,170.2,4.0,8.0,64.4,1,1,0,27.68568394686006,1
26,53.5,186.3,1.0,4.7,118.4,0,0,0,15.414451379506959,1
18,94.8,157.3,5.3,6.3,28.1,0,0,2,38.31341749621816,1
53,105.6,163.2,1.0,7.8,71.2,1,1,1,39.6482122260669,0
52,106.6,180.6,7.9,5.7,107.9,0,0,2,32.68298485790566,0
19,69.0,164.2,5.7,4.4,67.0,1,1,1,25.59191503187492,0
57,53.8,185.7,7.2,4.5,18.2,0,0,1,15.601216662911353,1
40,78.7,155.9,4.2,4.8,108.7,1,1,1,32.380421817738956,0
26,52.3,184.3,3.8,9.0,80.4,1,1,1,15.397528564181929,1
51,105.7,153.1,1.0,7.9,11.6,1,0,1,45.094606949518365,0
63,56.9,150.6,5.2,4.4,95.8,0,0,2,25.087785202704012,1
31,61.4,190.4,5.1,6.3,138.8,1,0,2,16.93692182755455,1
21,71.4,176.2,4.7,5.7,25.5,0,0,0,22.997805867597066,1
47,69.9,165.8,7.4,7.5,92.7,1,1,1,25.42776114929115,1
48,96.7,160.5,8.3,7.1,112.0,1,1,2,37.538455566230915,1
55,74.7,177.8,7.5,6.9,19.9,1,1,2,23.629639096012884,0
28,56.1,172.9,1.4,5.9,13.2,0,1,1,18.766050241499997,1
52,62.4,194.6,6.2,4.8,75.0,1,1,1,16.477788258308344,1
25,78.1,194.2,0.8,8.5,120.8,1,1,2,20.70868789117147,0
20,54.6,178.6,6.9,9.3,32.5,1,0,1,17.117082095532126,0
31,84.8,169.9,3.8,9.7,127.1,1,1,3,29.377111696420805,1
30,81.8,172.1,1.3,4.4,101.9,0,0,2,27.61795788497762,0
62,91.5,180.7,8.6,8.4,56.5,0,1,0,28.022365216251504,1
49,106.0,154.6,6.1,8.4,82.2,1,0,1,44.349311916241724,1
51,104.3,164.8,3.5,9.7,145.2,1,0,3,38.40341926666037,0
62,106.5,153.4,0.3,5.5,40.3,1,1,0,45.25836791100972,1
36,60.9,153.3,5.4,8.5,79.9,1,0,0,25.913912196516808,0
55,53.6,158.8,9.2,4.3,97.4,0,1,0,21.25513136940149,1
33,64.6,171.8,6.0,7.8,29.3,1,0,1,21.88699803897918,1
19,103.2,185.3,9.7,6.1,16.1,1,1,0,30.055839205920066,1
57,108.2,171.8,1.4,8.6,11.9,0,0,2,36.65902767519423,0
34,100.9,165.1,5.7,9.2,55.5,1,1,2,37.01664208062144,0
51,52.2,153.7,8.0,6.2,20.4,1,1,1,22.096463338284583,1
59,106.6,174.8,5.3,7.2,122.5,0,1,1,34.88786138064292,1
33,72.5,162.2,0.9,4.7,149.6,1,0,0,27.5572773257962,1
55,45.6,177.7,5.8,6.5,18.6,0,1,1,14.440757899110407,1
19,73.8,194.0,6.1,6.2,70.6,1,1,2,19.60888511000106,0
19,48.0,155.0,7.3,5.1,13.6,0,1,2,19.979188345473464,0
43,80.4,159.5,7.6,9.4,28.8,0,1,2,31.603463016283253,0
30,67.0,171.3,7.7,4.9,55.2,1,0,1,22.832847538942783,1
64,75.8,193.6,6.6,7.8,65.1,1,0,2,20.22360152995014,1
48,84.9,184.7,2.2,9.3,141.6,1,0,1,24.887077450988727,1
51,101.5,190.4,4.0,9.5,65.4,1,1,3,27.99833168561542,1
56,88.0,165.0,7.8,8.8,79.5,0,0,0,32.323232323232325,1
20,73.2,194.6,9.5,5.1,44.4,1,0,3,19.329713149169404,0
25,98.3,154.6,0.8,8.9,10.0,1,0,2,41.12771095628831,1
40,103.9,152.4,5.4,5.7,135.9,1,0,0,44.73481169184561,1
31,52.8,188.5,3.1,9.5,21.4,0,0,2,14.859740095265568,1
44,79.6,191.7,2.3,8.3,145.0,0,0,2,21.660518181637595,0
46,63.5,154.1,5.1,8.7,28.3,0,1,3,26.740433767735542,0
56,48.1,155.1,6.1,4.5,94.7,0,1,2,19.995003327650764,1
56,88.5,151.5,0.1,7.5,149.9,0,0,0,38.55831127667222,0
18,101.1,154.7,7.8,8.9,29.4,1,1,2,42.24453443054911,1
34,55.6,159.4,8.2,9.2,69.4,1,1,0,21.88256148763635,1
58,97.8,193.7,9.7,4.2,119.3,1,1,3,26.066313447685737,1
47,100.5,180.1,1.8,9.6,14.5,0,1,1,30.984082197532928,1
30,104.4,185.0,5.9,4.3,106.6,1,1,2,30.504017531044557,1
38,62.2,184.9,4.3,7.7,21.3,0,0,3,18.193512871910357,0
36,103.8,174.1,3.3,8.2,43.1,0,0,2,34.24520822769171,1
36,65.8,185.9,5.7,4.6,32.4,0,1,0,19.040007453960367,1
42,80.9,176.8,7.8,4.3,137.0,0,0,2,25.881175651604185,1
39,48.3,164.2,0.2,8.7,35.3,0,0,1,17.914340522312443,0
48,47.9,175.2,9.7,6.3,15.7,1,0,2,15.605127082421136,0
34,91.8,174.0,8.1,4.6,92.3,1,0,1,30.32104637336504,1
40,73.9,187.1,7.5,8.6,58.5,1,0,1,21.110419491744516,1
49,61.7,194.2,7.6,9.1,66.8,1,0,2,16.360128590080407,1
27,57.4,168.5,3.9,7.5,26.7,0,0,3,20.21678450985744,1
27,88.5,184.4,7.5,5.0,114.8,1,1,2,26.02683970054724,1
53,45.0,154.5,3.9,4.1,94.2,1,1,1,18.85191818267509,1
25,97.4,185.0,9.0,8.2,61.0,0,1,3,28.45872899926954,0
69,50.2,166.7,1.8,7.3,34.0,0,0,1,18.064773368061847,1
37,57.4,151.8,2.9,7.9,93.1,0,1,1,24.90969151907457,0
49,70.1,166.3,5.5,8.9,119.0,1,0,2,25.347405904535375,0
67,76.5,177.5,3.2,6.6,53.7,1,1,0,24.28089664749058,1
31,68.1,155.4,4.2,4.7,13.6,1,1,2,28.199738624449044,1
67,65.8,191.6,4.9,9.6,40.0,0,0,0,17.923997890525236,1
45,107.7,153.5,8.6,7.3,105.5,0,1,0,45.708707784697985,1
63,86.7,191.9,5.2,7.7,148.5,0,0,2,23.543398194897517,1
69,46.5,181.8,3.6,9.6,11.9,0,1,0,14.069063672043772,1
41,73.0,164.8,2.5,9.6,52.9,0,1,1,26.878711471392208,1
32,101.9,167.6,4.1,7.4,18.7,0,0,3,36.27656484071064,1
39,64.6,183.3,5.2,5.8,54.3,1,1,2,19.2268256481092,1
47,51.1,177.1,7.5,10.0,66.8,0,1,0,16.292351745178696,1
21,94.3,180.2,1.2,8.1,138.9,0,1,1,29.040368267592676,1
30,84.4,167.5,2.2,6.5,21.3,0,1,3,30.082423702383608,0
40,82.1,172.0,3.8,7.4,118.8,0,1,0,27.75148729042726,1
25,48.5,194.5,3.6,6.5,65.4,0,0,0,12.820428096562935,1
35,54.1,159.6,3.9,9.3,123.6,0,0,1,21.238874127675082,1
29,85.5,168.8,7.9,6.9,81.9,0,0,3,30.006906852945793,1
48,58.5,163.1,3.2,8.9,15.5,0,0,3,21.99115015970838,0
31,77.8,184.4,5.0,9.0,142.5,0,0,1,22.88009184974661,1
51,80.4,184.4,6.2,8.9,21.6,1,0,3,23.644722168632747,0
35,63.4,163.2,2.3,8.3,93.7,1,1,2,23.803945597846987,1
51,106.6,153.7,7.2,9.1,132.9,1,0,3,45.124195246381916,1
28,99.8,150.5,5.5,6.3,21.2,1,0,0,44.06132382644784,1
58,92.0,169.2,4.5,4.7,87.5,0,1,3,32.13565157129364,1
29,50.1,168.5,8.1,9.1,125.4,1,1,2,17.64566034745397,1
66,51.9,194.5,2.4,7.0,148.1,1,0,2,13.719179756940543,1
32,77.0,171.1,8.8,4.8,111.4,0,1,0,26.30211704715355,1
48,55.4,161.5,5.6,4.7,49.0,0,1,0,21.2404988066597,1
66,108.6,190.1,6.1,5.0,107.9,0,1,2,30.051461051673844,1
46,55.3,172.1,8.8,8.5,108.8,0,1,1,18.670819939355287,1
43,76.7,177.0,8.2,8.3,108.0,1,0,2,24.482109227871938,0
35,68.7,154.3,6.0,5.2,129.6,0,0,3,28.8552528950807,0
49,86.6,167.2,7.5,9.1,22.2,0,1,0,30.977427256701997,0
39,53.4,192.5,4.3,5.7,25.2,0,1,1,14.410524540394668,0
55,73.0,176.5,5.5,8.8,99.7,1,1,2,23.43329936039933,1
34,62.9,165.5,0.6,6.9,143.5,1,0,0,22.964376009711483,0
40,102.7,178.2,0.9,8.4,75.2,0,1,3,32.341119134983714,1
41,47.6,191.0,8.3,6.3,144.5,1,0,1,13.047887941668266,1
67,104.4,162.3,0.6,6.1,141.3,0,0,1,39.6335942544955,1
25,99.1,172.7,1.7,9.0,136.4,1,1,1,33.22683534678121,1
58,64.3,193.1,8.0,4.2,137.4,0,1,3,17.24433397581663,1
23,96.3,157.8,0.0,9.8,135.8,1,1,0,38.67339415055877,1
22,47.0,182.4,2.8,7.9,124.8,1,1,2,14.126942905509386,1
61,107.8,177.7,5.8,6.6,107.3,1,1,0,34.138458366756616,0
46,79.2,180.6,6.0,7.8,13.4,0,1,3,24.28229268992616,0
45,64.7,165.8,7.8,4.7,28.5,1,1,0,23.536139432891808,0
28,68.6,164.1,5.1,7.1,28.8,1,0,1,25.47457537113597,1
18,49.3,180.8,5.1,9.9,13.3,1,0,2,15.081691988409426,0
60,109.3,159.7,7.3,5.4,26.3,0,0,3,42.85587135239878,0
36,47.6,168.9,5.0,8.3,138.8,1,1,1,16.685823815227636,0
26,87.6,158.5,6.1,6.6,102.9,0,0,0,34.86948820268885,1
44,73.8,150.4,9.0,7.9,53.7,0,0,1,32.62576392032594,1
51,106.7,193.7,4.0,5.2,121.1,0,1,0,28.438401276769614,1
61,61.0,169.4,3.9,6.8,78.4,0,0,0,21.25705141697414,0
21,79.6,193.6,0.0,9.9,29.9,0,1,3,21.237449627757666,1
53,76.4,156.3,6.1,5.2,133.8,1,0,0,31.27342180764471,1
35,90.7,176.4,0.3,7.8,57.4,0,1,1,29.148091587353004,1
32,49.4,159.0,5.0,7.5,107.8,1,1,3,19.54036628297931,1
68,57.6,185.6,8.0,7.4,50.7,1,1,2,16.721165279429254,0
30,58.9,185.3,5.5,7.7,80.0,0,0,3,17.153962492526084,1
36,93.0,155.1,2.7,7.0,124.3,0,1,1,38.65977774369066,1
66,57.3,191.0,7.9,4.1,31.9,0,0,0,15.706806282722512,0
23,82.3,158.8,2.7,9.4,146.8,1,0,3,32.63614387503251,1
65,59.0,177.6,7.3,9.0,19.8,1,1,3,18.705360766171577,0
29,101.0,194.4,6.1,5.0,84.8,1,0,3,26.725685447679048,1
68,106.2,189.7,1.7,6.5,138.2,1,0,1,29.511402878167655,1
54,78.7,193.0,9.1,8.6,142.4,1,0,0,21.12808397540874,1
34,67.9,165.4,2.0,9.9,42.5,1,1,2,24.819827789141854,1
40,60.2,154.8,9.9,9.7,30.2,1,0,2,25.122021246052253,1
43,48.2,158.5,0.1,9.4,111.4,1,0,0,19.18617958184478,0
46,62.5,172.5,2.6,5.0,15.9,1,0,2,21.003990758244065,1
50,87.5,185.7,2.0,9.5,77.9,0,0,0,25.373725985218282,1
44,79.7,156.8,0.1,9.3,121.5,1,0,3,32.41650614327363,0
42,106.4,179.7,7.3,6.3,88.4,0,0,3,32.94924546537558,1
27,70.8,164.6,6.9,6.4,36.3,0,1,1,26.13205694721472,0
64,90.1,165.4,7.9,6.8,78.2,1,1,3,32.93470521062858,1
40,76.8,179.8,2.6,7.9,139.0,1,1,1,23.756466522560597,1
38,78.3,171.0,4.4,5.6,96.4,1,1,2,26.77746999076639,1
38,62.4,186.5,6.6,4.1,111.0,1,0,2,17.940185008157897,0
60,74.6,157.0,4.4,4.8,57.1,1,0,3,30.264919469349667,1
30,75.6,185.5,7.0,6.6,36.4,1,0,0,21.97019783349438,1
54,90.9,152.9,6.3,5.7,45.8,0,0,2,38.88202833297901,1
50,106.1,158.7,1.1,8.6,84.6,0,1,2,42.12709677598668,1
41,66.4,179.5,7.8,4.6,49.2,1,1,2,20.60815791311365,0
61,47.7,188.5,7.2,9.5,85.9,0,0,0,13.424424290609236,1
28,77.3,161.4,6.6,9.4,109.1,0,0,3,29.67374997888672,0
34,80.4,164.7,1.6,9.5,112.8,0,0,1,29.63936195743656,1
21,55.9,174.2,2.7,8.4,33.1,0,1,0,18.421097726065423,1
64,94.4,159.5,3.9,4.6,115.1,0,1,0,37.10655359125795,0
42,109.0,186.5,2.8,6.6,104.2,0,1,2,31.33782317130145,1
47,106.5,184.8,2.3,4.8,11.7,1,0,1,31.18499465902063,1
26,57.8,156.5,8.1,9.9,18.2,0,0,0,23.599301819963458,0
38,101.9,170.9,6.4,6.0,100.5,0,0,2,34.889123461274956,1
37,90.8,184.9,5.7,7.5,63.7,0,1,0,26.559018790505796,1
36,74.5,165.2,2.3,8.7,30.5,0,1,2,27.298336743487976,1
36,80.1,178.5,9.2,9.5,16.2,1,1,1,25.13946755172657,0
29,100.2,152.3,1.9,8.5,32.3,0,0,1,43.19842519752932,1
54,76.2,177.4,7.9,8.0,144.1,1,1,2,24.212951959215474,0
59,69.3,156.9,9.7,6.8,111.9,0,0,3,28.150580011625827,1
34,77.1,187.4,7.3,7.6,83.9,1,0,0,21.95407810526339,0
54,82.6,166.0,9.9,4.6,141.8,0,0,3,29.975322978661634,1
65,57.3,162.7,6.5,9.3,96.7,0,1,0,21.646092804695204,1
56,103.6,187.8,2.2,7.3,111.6,0,1,1,29.37437125802833,1
45,88.8,152.3,2.0,4.2,49.6,1,1,0,38.28363430679244,1
58,86.2,167.8,3.2,9.5,92.5,1,1,2,30.61423085829233,1
52,51.5,166.7,0.1,6.9,30.1,1,1,2,18.53258622420687,1
64,84.3,162.8,6.8,9.2,66.6,1,1,2,31.806711782141754,0
65,52.9,191.0,2.7,9.1,14.7,0,0,3,14.500698993996876,1
35,50.1,183.8,8.2,8.9,40.3,0,1,1,14.830189885632889,0
31,79.3,152.9,3.6,4.4,20.5,1,1,1,33.920185333390926,1
52,71.2,182.2,4.8,5.5,64.3,0,0,1,21.447824551975433,0
61,83.3,173.7,9.7,9.3,128.0,0,1,2,27.608662292367452,0
58,50.8,190.5,2.4,9.4,62.9,0,1,1,13.998250218722658,0
24,73.0,164.1,7.2,6.7,126.4,1,0,3,27.10851315004265,1
58,56.4,175.8,7.6,6.6,101.9,1,1,3,18.249096281455422,0
30,109.2,172.5,2.2,5.1,81.3,0,0,3,36.698172652804026,1
35,81.5,172.0,5.0,9.8,43.2,1,0,2,27.548674959437538,1
54,89.7,170.5,3.5,5.3,139.1,1,0,0,30.856287785622754,1
30,66.2,159.3,7.7,5.1,17.6,1,1,1,26.087138134548944,1
53,51.2,184.0,6.2,8.0,106.4,1,0,3,15.122873345935728,1
48,108.4,170.3,4.8,5.5,97.0,0,1,0,37.37661665073103,1
19,63.6,193.1,7.8,9.6,71.7,1,0,0,17.05660405695082,1
33,72.5,161.7,2.4,4.1,43.6,1,1,3,27.727963057939206,1
26,87.2,180.7,7.5,4.0,70.3,0,0,3,26.70546717876646,0
26,46.6,192.3,8.7,7.0,132.2,1,1,1,12.601648111686297,1
55,97.7,179.9,8.8,6.9,127.1,0,1,1,30.187853730115638,1
28,79.9,189.2,7.8,5.0,141.8,0,1,0,22.320530641982042,0
39,63.1,187.2,4.1,7.0,53.1,1,1,0,18.006017605376584,1
50,49.0,166.2,9.8,6.5,64.2,0,1,0,17.73920044717266,0
53,55.6,177.0,3.8,9.3,12.6,0,1,2,17.74713524210795,0
62,103.2,157.0,6.4,4.1,142.0,1,1,0,41.86782425250517,1
40,89.6,174.1,1.6,9.9,56.1,1,1,2,29.560410955695346,1
62,61.2,160.4,9.8,7.7,66.6,1,1,1,23.787165502702095,0
62,49.3,183.5,7.0,4.9,137.1,0,0,0,14.641136247206527,0
51,89.9,173.8,7.5,4.3,83.7,0,0,1,29.76186535056762,1
26,82.2,168.5,0.7,7.2,89.3,0,0,0,28.95156248624184,1
41,71.3,162.1,7.6,5.4,34.7,0,0,1,27.134604765262832,1
25,68.6,194.9,7.7,5.8,79.8,0,0,0,18.05928024554303,1
24,59.1,153.2,6.7,5.5,138.5,0,1,2,25.18082473805126,0
53,88.5,152.0,2.9,7.9,88.2,1,0,3,38.30505540166205,1
35,108.1,159.8,4.9,7.3,45.7,0,0,1,42.332327173672965,1
20,56.4,193.7,1.1,4.5,14.4,0,0,1,15.032107141610181,0
45,83.8,194.1,4.7,7.2,57.1,1,0,3,22.242978796707938,1
23,72.6,179.5,2.4,8.7,90.2,0,1,0,22.532413621868233,0
61,74.0,189.6,3.5,4.5,16.0,0,1,2,20.585198241022628,1
61,61.5,159.6,1.6,9.3,95.4,0,0,2,24.144006633124167,1
38,98.6,193.7,2.3,7.5,83.3,1,0,2,26.279534825580917,1
45,76.5,156.4,0.8,9.7,119.7,1,0,0,31.274324474591346,1
57,80.3,154.6,9.2,4.9,14.0,1,0,1,33.5966957252284,1
18,64.8,155.0,5.3,10.0,119.3,1,1,0,26.971904266389174,0
53,56.8,175.8,4.0,7.9,82.9,0,1,2,18.378522496217517,1
38,50.6,185.1,5.4,7.4,61.9,0,1,3,14.76854393539667,1
60,91.4,166.5,6.3,7.1,145.2,1,0,2,32.96990684378072,0
52,57.8,194.0,9.2,4.1,32.4,0,1,1,15.357636305664789,0
30,89.9,169.5,1.8,9.6,85.8,0,0,0,31.29106081569078,1
66,70.4,156.8,3.0,7.9,54.9,0,1,0,28.633902540608076,1
27,72.0,171.0,9.8,4.5,83.8,1,1,2,24.622960911049557,1
61,75.5,180.6,3.7,4.1,87.3,0,0,1,23.147892652644256,1
64,68.9,187.5,0.2,4.3,22.5,1,1,1,19.598222222222223,1
27,51.5,170.6,1.5,7.7,102.6,0,1,3,17.69494330059139,0
63,65.1,176.7,0.3,7.7,98.8,0,0,2,20.850087868227444,1
30,88.1,162.0,9.9,7.0,117.7,1,1,3,33.569577808260924,1
54,88.3,179.1,2.8,5.8,22.7,1,1,0,27.5276749776552,1
55,63.6,194.4,9.2,7.2,51.6,0,0,0,16.8292435096276,1
41,74.9,152.2,10.0,7.1,101.0,1,1,1,32.333484712175874,0
19,57.6,189.9,6.0,4.1,29.1,1,0,3,15.972487390469915,0
39,58.7,175.3,0.3,5.7,104.9,0,0,1,19.101798920862255,1
34,46.5,161.3,0.8,4.3,18.3,1,0,2,17.87245524103023,0
53,103.3,193.0,4.8,9.4,56.9,1,0,1,27.732288115117186,1
31,58.7,171.8,4.1,8.4,128.5,1,0,0,19.88803072582164,0
27,59.8,164.9,6.1,10.0,118.4,1,0,0,21.99175419544197,1
52,63.2,158.2,4.4,5.8,100.3,1,0,1,25.25248489246118,1
42,53.3,161.0,9.3,9.3,131.9,1,0,2,20.56247829944832,0
20,86.6,187.5,5.3,7.6,109.3,0,0,3,24.632888888888886,0
64,49.9,177.6,6.9,6.7,82.7,1,0,0,15.82029664799935,1
55,53.7,191.1,9.0,5.3,147.2,1,0,0,14.704589721409636,0
34,86.9,160.4,1.5,8.4,107.3,0,0,2,33.77622029713745,1
29,67.1,155.5,2.3,9.4,94.2,1,0,1,27.74991987262332,1
69,91.0,150.3,1.1,5.4,67.2,1,1,0,40.28315070900558,1
41,81.2,172.9,1.4,5.1,136.3,0,0,0,27.162268798748663,1
46,61.6,194.9,5.1,8.2,51.4,0,0,2,16.21649654701823,0
60,87.3,181.3,3.2,9.9,11.3,1,0,1,26.559422982084705,0
42,52.6,163.9,4.2,8.5,37.5,1,1,2,19.58068302336169,1
53,79.9,189.5,9.8,5.7,25.3,0,0,2,22.249914717942648,0
43,73.4,185.2,1.6,6.5,54.7,1,1,1,21.400015860502222,0
55,62.4,150.7,5.4,6.3,125.6,1,0,0,27.47628959128579,1
18,84.3,186.8,1.0,9.1,101.2,0,1,3,24.15871502001476,1
37,101.6,163.5,3.2,8.6,33.7,0,1,3,38.006527695947774,1
45,109.9,156.7,5.3,7.5,120.4,0,1,3,44.756869202020454,1
33,84.5,160.2,9.5,5.6,80.6,1,1,2,32.92544743539989,0
64,71.3,171.1,3.9,9.6,81.8,0,1,0,24.355077213792832,1
34,59.6,169.1,0.6,7.9,60.7,1,0,0,20.84294317745074,1
57,61.7,163.0,3.9,9.8,131.0,0,0,0,23.22255259889345,0
45,76.2,157.7,1.5,7.5,54.6,0,0,0,30.640199217589245,1
29,68.9,184.3,2.3,8.9,23.2,1,1,2,20.284698242297036,1
44,104.4,194.6,6.2,8.9,52.4,0,1,3,27.56860727832358,1
59,68.9,185.0,0.7,6.0,110.1,1,1,3,20.131482834185537,1
64,69.3,163.3,4.6,9.8,102.1,1,1,1,25.987282356510264,0
47,69.9,161.0,6.1,4.1,36.3,1,0,0,26.966552216349676,1
58,99.4,159.8,4.2,8.6,25.6,1,1,3,38.92537762315535,0
51,87.3,156.2,0.2,9.8,102.5,1,0,3,35.78097616077094,1
54,84.9,174.8,9.9,6.0,104.7,0,1,0,27.785923369761576,1
23,66.7,177.2,3.7,7.9,61.3,0,1,0,21.24214645679724,1
24,98.2,181.7,7.8,7.4,128.0,1,1,3,29.74415483437928,0
49,47.5,180.6,3.3,8.6,146.9,1,1,1,14.56324372186228,1
49,101.6,163.2,4.8,9.2,38.8,1,1,0,38.14638600538255,1
42,78.3,164.9,3.9,7.6,90.8,1,0,3,28.79522330272753,1
50,70.9,180.7,3.4,8.9,10.7,0,1,1,21.713504850625483,1
24,77.3,165.7,0.2,5.9,109.8,0,0,2,28.153635078628046,1
69,88.4,159.6,3.6,5.4,68.0,0,0,1,34.70455587590531,1
29,45.8,166.8,8.9,6.6,37.1,0,1,0,16.461650823226307,0
33,101.7,162.2,6.9,8.1,115.3,0,1,2,38.65620833149619,0
33,74.0,154.0,1.5,5.1,123.5,0,1,1,31.20256367009614,1
60,67.3,187.4,5.9,8.1,25.6,1,1,3,19.163546776708515,1
53,54.0,188.4,8.9,6.4,15.7,0,1,0,15.213598928962632,1
30,73.6,159.9,7.0,8.8,56.8,0,1,2,28.78597121950437,0
24,77.3,152.9,1.5,4.2,97.6,1,0,3,33.06469516104816,1
53,71.2,183.2,8.7,8.0,121.1,1,0,2,21.214317042009117,1
64,89.1,159.5,3.0,7.9,86.4,1,1,1,35.023240730731814,0
68,72.4,167.7,4.5,9.6,91.3,1,1,3,25.743787444498857,1
26,107.5,152.9,5.3,8.3,122.0,1,0,0,45.98259676342402,1
49,84.0,160.2,8.5,8.8,84.0,0,0,3,32.73062230264605,0
28,97.5,185.7,9.3,9.4,95.6,1,0,1,28.27358038352894,0
25,52.1,186.2,9.3,8.1,82.3,1,1,2,15.02721049978022,1
50,70.8,159.3,0.1,5.7,133.3,1,0,3,27.89983957592243,1
40,66.9,165.1,9.2,9.2,43.0,0,1,2,24.543244352760897,1
42,82.0,156.0,0.5,8.5,47.0,1,1,0,33.694937541091385,1
25,101.0,153.3,2.7,6.5,27.9,1,0,3,42.977095761054144,0
62,50.1,194.6,5.1,8.3,124.7,0,0,2,13.229762688161028,0
39,49.7,179.5,4.8,9.2,67.6,1,0,0,15.42508205243597,0
21,100.3,174.4,6.0,9.9,58.7,0,1,1,32.97675911118593,1
57,58.8,184.4,4.8,9.7,147.4,0,1,3,17.292408750194095,1
20,88.5,187.8,9.3,6.0,139.8,1,0,3,25.09297158625007,1
46,80.3,186.3,2.4,6.5,146.1,0,1,3,23.13608309858708,1
58,99.1,150.7,2.7,4.7,29.9,1,0,2,43.63622273231446,1
46,53.1,158.4,9.2,5.5,134.8,1,1,2,21.163337924701562,1
51,53.4,179.5,0.8,9.3,56.0,1,0,0,16.573428201208866,1
51,81.2,166.9,6.1,6.2,11.8,0,1,3,29.150321963870116,1
45,106.5,194.2,6.8,7.7,64.8,0,0,0,28.23911985159746,1
30,72.0,179.9,5.1,8.0,81.3,0,1,3,22.246934171630766,1
32,66.3,193.0,6.9,8.7,25.2,0,1,1,17.799135547263013,1
40,84.4,159.1,1.7,5.1,85.3,0,1,3,33.34280153013435,1
61,105.5,188.9,8.5,5.8,124.7,1,0,0,29.565725729271552,1
43,99.4,164.5,1.4,6.7,62.9,1,1,2,36.7328461488715,0
21,109.7,194.5,4.0,6.2,59.4,1,1,1,28.997957983359875,1
43,46.5,157.1,0.8,9.9,57.4,0,0,1,18.84085394043292,0
57,52.3,173.2,5.5,9.0,139.2,0,0,3,17.434356148894068,0
26,84.6,185.7,6.7,6.9,16.8,0,1,1,24.532768209708188,1
22,98.3,169.5,9.4,9.3,72.3,1,1,0,34.214808433619616,1
49,63.5,171.1,7.4,6.1,47.0,1,0,0,21.690706915509747,1
37,60.5,194.4,5.4,8.7,135.1,0,1,3,16.008950193906756,1
67,96.2,169.1,9.3,5.3,23.4,1,1,2,33.64246868575103,1
28,48.7,177.2,4.8,8.6,67.6,0,0,1,15.50963317010533,0
32,69.0,152.5,5.6,6.7,67.0,1,0,1,29.669443697930667,1
49,77.9,187.9,6.0,4.6,134.4,0,0,3,22.06398214941706,0
45,81.4,179.2,4.1,5.6,40.2,0,1,1,25.34827407525511,0
39,92.4,168.2,8.4,6.4,100.3,1,1,2,32.660286364259754,1
58,68.1,150.7,1.9,8.5,28.8,1,0,3,29.98614296741286,1
34,84.8,176.6,5.5,4.4,143.6,0,0,0,27.19032845147232,1
43,83.0,150.6,7.2,8.0,93.0,1,1,1,36.595539047881076,1
61,80.6,150.1,9.0,8.3,97.7,1,0,3,35.77450697980161,1
24,86.6,177.7,8.8,7.9,70.7,1,1,0,27.424772676819323,0
59,61.9,158.5,5.1,8.6,57.9,0,0,0,24.639512782493608,1
43,50.5,158.6,6.4,5.1,39.8,1,0,0,20.076361733897965,1
42,52.8,179.4,3.9,7.5,94.6,1,1,3,16.405483905847436,0
27,59.6,152.4,4.7,9.6,143.6,1,1,3,25.661162433435976,1
62,77.5,164.1,9.1,7.7,60.4,1,0,0,28.779585878469938,1
36,99.6,156.7,9.3,7.7,133.6,0,1,0,40.56218537325966,1
28,90.6,176.1,9.0,8.4,30.8,0,1,3,29.215241843191546,1
30,96.3,179.8,1.4,6.0,141.1,0,0,3,29.7883818505545,0
25,67.8,182.5,8.5,8.2,59.1,1,1,2,20.356539688496902,0
57,71.3,161.5,9.5,9.5,63.2,0,1,0,27.33659864467214,1
21,70.6,154.0,3.6,4.1,74.8,1,1,1,29.768932366334962,1
64,57.5,153.5,5.2,9.2,110.6,0,1,1,24.40344194633365,1
48,49.0,169.2,7.8,5.3,110.8,0,0,3,17.11572746731944,0
45,83.4,192.6,5.6,6.7,77.1,1,0,1,22.482959857403046,0
28,109.3,159.8,9.9,9.1,83.2,1,0,3,42.80225124960643,1
60,55.8,161.6,4.6,8.9,14.2,1,0,2,21.36739045191648,1
18,48.0,154.5,7.1,9.4,52.6,0,0,3,20.10871272818676,0
66,95.7,177.3,7.9,9.6,58.4,1,1,0,30.443492011684953,1
64,61.4,180.6,4.9,6.7,88.2,1,1,3,18.824908726786187,1
69,98.9,178.9,8.6,7.9,88.2,1,1,1,30.901218895298605,0
55,90.8,188.8,5.5,6.3,109.4,0,0,1,25.473103993105426,1
41,106.5,171.9,4.1,6.1,110.4,1,0,1,36.04108480619541,1
64,71.6,156.1,1.1,6.6,42.9,0,0,0,29.3837497193975,1
48,88.0,163.0,3.9,8.5,117.8,0,1,3,33.12130678610411,0
58,75.2,179.8,7.3,7.0,12.7,1,1,3,23.261540136673922,1
63,86.0,177.6,9.2,8.9,110.3,1,1,1,27.265441116792466,1
67,74.2,173.9,2.5,8.5,24.3,1,0,0,24.536055270275227,1
43,57.3,180.7,3.6,4.1,112.2,1,0,1,17.548431987882086,0
66,78.0,178.7,1.5,7.8,83.8,0,1,1,24.425614452949223,1
67,79.4,189.7,6.9,6.6,71.2,1,1,0,22.064080871247757,1
22,97.7,176.4,9.6,6.7,106.7,1,1,1,31.397668666862057,1
37,92.8,185.0,6.4,8.9,15.1,0,0,2,27.11468224981738,1
69,88.1,161.2,6.2,7.3,41.3,0,0,0,33.903601401400174,0
58,52.4,180.5,5.5,9.3,96.3,1,1,1,16.083363387328212,1
28,91.8,190.6,0.9,8.3,128.6,1,1,3,25.26951395548822,0
50,77.5,167.4,7.3,7.3,63.4,1,0,2,27.656090977476875,0
67,103.1,185.1,6.0,8.5,46.2,1,1,3,30.091637939513763,0
55,104.8,182.6,6.6,4.2,82.6,1,1,3,31.43111128172953,1
44,48.6,152.7,9.0,4.2,97.1,0,0,2,20.842902412758946,1
51,98.3,176.2,7.8,4.5,68.8,0,1,0,31.662245333120328,1
32,47.5,155.9,7.8,6.6,132.7,0,1,1,19.54345662442948,0
49,68.9,193.5,9.3,5.4,83.3,1,1,3,18.401671908071766,0
38,80.2,186.5,9.9,9.9,15.0,1,0,3,23.057737782920885,1
63,54.6,154.9,5.8,7.3,41.2,1,1,3,22.755679438326478,0
22,93.5,155.5,1.1,8.0,73.1,1,1,0,38.66792113398332,0
23,45.5,176.8,4.6,5.7,107.7,0,0,3,14.556161831248335,0
55,56.0,165.5,7.9,5.9,40.8,0,1,3,20.44523142359051,0
39,82.8,151.6,0.3,6.0,146.7,1,1,3,36.02731810555482,0
35,91.4,174.4,0.6,8.2,54.6,1,0,2,30.050606009595157,0
31,104.6,167.5,0.7,6.8,84.5,1,1,2,37.28224548897304,1
27,90.9,154.5,7.3,7.1,12.7,0,1,3,38.08087472900368,0
63,88.7,186.1,5.0,7.6,133.9,0,1,0,25.611255785992693,1
30,70.6,191.2,3.7,8.6,120.4,1,0,0,19.31207436844593,1
48,45.1,184.0,1.1,4.5,37.4,1,1,1,13.321124763705104,0
47,52.8,187.0,7.3,8.7,140.7,0,0,2,15.099087763447622,0
20,79.7,159.7,3.2,7.4,54.2,1,0,0,31.249889723569833,0
47,88.9,161.9,2.7,8.0,106.9,0,0,3,33.91626840167392,1
23,72.1,159.4,6.5,6.0,124.7,1,0,2,28.376487108967282,1
46,92.5,184.4,5.6,6.5,113.7,0,0,0,27.203194037295138,1
25,78.9,192.7,3.6,5.4,138.5,1,0,1,21.247780630264653,1
61,49.8,182.3,6.4,9.9,131.0,0,0,3,14.984974403677754,0
62,57.5,189.7,2.7,7.0,149.2,0,1,2,15.978396096936347,1
60,99.6,178.7,7.9,10.0,35.6,1,1,1,31.1896307629967,1
61,92.1,167.4,2.3,6.9,52.7,0,0,1,32.86614166484671,1
50,103.2,169.2,1.6,5.3,99.1,1,1,2,36.04781784953809,1
34,52.6,153.4,7.8,7.0,112.6,0,1,0,22.352959174827337,1
65,109.4,151.4,7.1,4.2,84.8,1,1,3,47.72715771251673,1
28,58.6,181.3,1.8,9.4,20.3,1,0,1,17.8279746477682,1
30,45.8,169.7,1.2,8.9,127.8,0,1,1,15.903832511114455,1
67,109.8,174.8,8.4,8.4,144.5,1,0,2,35.93515177856091,0
28,63.3,175.1,7.8,7.7,66.8,1,0,2,20.645785829815452,1
48,88.4,162.5,3.3,7.5,41.5,1,1,2,33.47692307692308,1
45,56.5,171.4,6.6,10.0,12.7,1,0,1,19.23210461175657,0
61,82.7,171.2,1.2,5.7,43.2,0,0,0,28.21616516726352,1
23,103.8,167.5,5.1,8.7,108.0,0,0,0,36.99710403207841,0
58,65.8,186.9,0.2,7.5,137.6,1,1,3,18.836807121114656,1
33,88.6,170.3,3.9,9.9,23.1,0,1,2,30.5495224654499,1
21,57.2,177.2,0.7,9.0,87.5,1,1,3,18.2166533332654,1
52,85.6,190.3,4.8,10.0,107.4,1,0,1,23.637208611344366,1
65,66.9,189.0,4.2,7.5,48.7,1,1,1,18.728479045939366,0
43,58.7,190.1,4.4,5.2,89.8,0,1,1,16.243285117249123,0
29,65.4,162.2,0.5,7.0,110.1,1,1,3,24.85856464975271,1
28,56.6,151.6,3.6,8.3,127.3,1,0,2,24.627369622879264,1
54,103.6,161.7,7.6,8.6,73.3,0,0,3,39.62230307313796,1
42,70.8,162.5,3.7,4.0,114.7,1,1,3,26.811834319526625,1
35,60.9,190.9,7.2,7.0,52.2,0,0,1,16.71111530642121,1
36,74.1,179.2,3.7,5.4,39.8,0,1,1,23.075025908801024,0
40,65.8,153.7,4.2,9.2,36.2,0,1,0,27.853396315308913,0
55,93.4,156.1,5.6,4.9,60.2,1,0,2,38.33019865630904,0
35,108.1,157.0,9.5,8.0,15.0,1,0,2,43.85573451255629,1
43,73.5,178.4,1.1,5.6,49.6,1,0,2,23.09391904120332,0
23,101.0,183.1,0.3,6.1,101.3,1,0,3,30.126222908397494,0
21,81.8,188.7,6.1,9.6,100.7,1,0,1,22.972565757565295,1
61,55.2,192.3,9.5,5.4,20.3,1,0,1,14.927274158049006,1
68,89.9,159.1,9.9,4.6,50.2,1,1,0,35.51561442605543,1
46,78.4,163.9,4.8,4.4,89.7,1,1,3,29.184896369421228,0
51,87.3,160.8,4.7,7.0,54.6,1,0,2,33.76308754733793,1
34,102.8,166.1,6.4,7.9,68.5,1,0,3,37.26094368051858,1
60,73.6,191.2,5.6,6.0,109.8,1,1,1,20.13270075803995,1
60,103.6,175.9,6.3,8.1,11.3,1,1,0,33.483286313448154,0
33,93.8,183.2,8.7,4.4,48.7,0,0,3,27.948074979500774,0
19,76.8,172.1,7.5,9.1,29.9,0,0,1,25.92981864995454,1
51,84.2,151.3,5.0,8.9,27.9,1,1,3,36.781906447274096,1
25,66.2,152.9,4.6,9.9,144.3,1,1,1,28.31672470454577,0
30,108.9,174.2,6.4,9.6,62.7,0,1,3,35.886539219472716,0
59,88.4,182.3,4.6,6.1,83.8,0,1,2,26.599834082030394,0
25,47.9,159.7,4.6,6.4,112.7,1,1,3,18.781301352057653,0
47,66.2,182.5,0.2,8.5,16.6,1,0,3,19.876149371364235,1
49,85.5,186.5,1.7,4.8,43.7,1,1,2,24.58150349675481,0
53,48.7,168.5,4.9,5.9,126.5,1,0,3,17.152568042335496,1
64,46.6,183.6,8.2,4.7,130.7,1,1,1,13.824217656077199,0
47,74.3,168.2,2.8,6.7,62.2,0,0,1,26.262546286412334,1
18,66.6,180.5,5.2,7.3,62.5,1,1,1,20.441832091527843,0
60,73.5,184.4,3.4,5.3,116.0,0,0,1,21.61551093774262,0
56,62.1,194.6,1.0,4.2,51.3,0,1,1,16.398568122451092,1
34,55.7,165.5,9.6,8.3,26.4,1,0,2,20.33570339810699,1
37,89.8,168.5,8.5,4.1,46.1,1,1,2,31.628349285456412,1
41,78.4,157.5,0.8,9.8,64.2,0,0,3,31.604938271604944,0
67,58.0,159.2,7.2,5.3,17.3,1,0,1,22.884523118103083,0
39,65.8,181.2,3.5,8.0,77.0,0,0,3,20.0405440307199,0
46,83.5,191.3,9.9,6.6,113.6,0,0,1,22.81689455780175,0
39,49.7,167.8,3.0,4.4,81.9,1,1,3,17.651128464699873,1
61,54.6,158.1,2.4,6.8,20.1,1,1,2,21.843835777562543,1
26,49.8,162.8,5.7,7.1,71.6,1,0,1,18.78973009194139,1
54,97.8,170.5,8.4,9.1,109.2,0,1,2,33.64264153215056,1
27,93.9,163.1,1.9,8.4,18.1,0,0,3,35.29861538455755,0
53,94.0,160.5,7.1,4.5,18.4,0,1,2,36.490329092303064,1
54,91.6,183.1,0.6,5.3,61.9,1,1,2,27.32239622187337,0
45,88.5,150.4,9.2,5.9,37.3,0,0,2,39.12439169307379,1
45,76.0,174.3,0.8,4.7,140.9,1,1,0,25.016054711428286,1
59,86.7,185.7,9.1,6.7,91.4,1,0,3,25.14173763335343,1
60,47.5,162.0,4.9,9.9,50.2,0,1,3,18.099375095259866,1
38,85.4,177.1,4.5,7.1,108.7,1,1,1,27.22831387550412,0
41,95.6,180.1,9.7,8.5,62.5,0,1,1,29.47341550332485,1
59,77.5,179.5,9.9,8.1,28.5,1,0,1,24.053196359432345,1
57,68.2,170.1,6.5,9.1,43.2,1,1,2,23.57087731703971,0
19,63.0,165.6,1.3,5.3,100.0,0,0,3,22.97311489182945,0
25,86.8,187.6,5.1,8.5,17.3,1,0,2,24.663463068453048,0
65,90.0,184.1,5.3,9.3,48.2,0,1,3,26.55430458554484,1
44,101.6,164.5,5.1,5.0,39.2,1,0,2,37.54584676786061,1
39,67.3,154.6,5.7,6.1,38.2,0,1,1,28.157629169462904,1
54,95.0,153.2,0.2,9.8,105.6,0,0,2,40.47679103409255,1
44,81.5,154.2,7.1,8.7,125.6,1,1,0,34.27589954259549,0
46,102.4,176.2,7.1,5.7,110.2,1,0,1,32.98284763083949,1
20,79.3,152.3,1.2,7.4,100.4,0,0,0,34.18797523117839,1
61,78.6,165.2,5.7,6.4,138.3,0,0,0,28.80066131594839,1
30,82.6,183.9,5.7,6.9,18.2,0,0,1,24.42398861475475,0
62,93.7,163.2,6.8,6.1,33.4,0,1,0,35.18027921953096,1
27,107.7,184.3,0.9,5.7,68.0,1,1,0,31.707721345361257,1
53,49.8,183.5,6.3,8.0,62.1,1,0,3,14.789626472837424,1
26,48.5,161.1,2.8,8.7,68.5,1,0,2,18.687476423918277,1
44,105.9,182.8,5.1,9.2,38.9,1,0,0,31.691557057970112,1
51,79.4,183.6,7.7,4.9,30.9,1,0,2,23.55456828095557,1
68,85.0,167.9,7.1,8.9,81.3,0,1,0,30.15209782333779,1
18,76.4,159.5,1.2,5.5,139.9,0,1,1,30.031151423433343,1
49,51.1,173.5,5.9,6.6,64.9,1,1,1,16.975475255171954,1
42,94.9,191.5,9.7,9.4,16.1,1,0,3,25.877877686806784,0
46,93.6,178.8,1.6,6.7,108.9,0,1,1,29.277960452231877,1
24,65.3,157.8,8.5,5.2,50.8,1,1,3,26.22401493282957,0
66,64.9,180.7,7.0,5.0,44.3,1,0,1,19.875972705297517,1
20,99.5,169.2,7.7,6.8,55.4,0,1,2,34.75540577547519,0
37,49.7,176.6,2.8,8.6,111.3,1,0,0,15.935841085355829,1
37,102.3,183.0,2.9,10.0,124.6,1,0,0,30.547343903968464,1
47,61.7,173.2,9.1,8.7,92.3,1,0,3,20.567873315234497,0
52,83.5,186.6,3.6,9.3,55.1,1,0,1,23.980774024714847,0
52,105.8,182.5,0.6,8.5,53.5,0,0,2,31.765809720397822,0
66,89.1,177.7,6.0,9.4,27.4,1,0,2,28.216480894972303,0
56,71.9,156.8,1.2,4.5,140.7,1,0,1,29.243999895876716,1
44,89.8,187.6,8.0,9.6,99.3,0,1,0,25.515886907224466,1
43,67.4,192.1,6.4,6.4,13.8,0,1,1,18.26438977833697,1
31,63.0,156.2,8.7,9.5,102.7,0,0,0,25.821323002618207,1
34,109.8,172.0,7.8,4.5,72.6,1,1,1,37.114656571119525,0
35,93.8,161.6,1.1,8.3,146.2,0,1,0,35.91865993530047,1
62,86.9,184.0,3.8,8.4,124.7,0,1,3,25.667533081285445,0
69,68.1,182.5,7.7,10.0,34.0,1,0,2,20.446612872959278,1
46,48.2,156.3,4.2,8.6,110.8,0,1,1,19.730090721576897,1
37,47.0,189.5,9.7,6.3,78.0,1,0,0,13.088185128201557,1
44,81.0,158.1,7.4,7.3,36.2,1,0,0,32.405690439241134,1
35,94.5,185.9,0.2,6.2,107.8,1,0,0,27.344691556219676,0
21,79.9,170.6,8.8,5.2,86.6,0,0,3,27.45293145082043,0
18,99.7,164.8,1.0,5.5,14.3,1,0,0,36.709692242435665,1
67,47.2,157.1,1.4,5.3,100.5,0,0,2,19.124479698675994,0
18,68.8,157.5,7.3,7.3,98.9,0,0,3,27.734945830183925,0
43,60.4,179.8,8.6,9.4,30.2,1,1,0,18.683471067222136,0
62,74.1,174.8,5.4,9.5,58.9,1,1,2,24.25131827678837,1
37,49.7,155.5,2.9,4.3,92.0,0,0,0,20.553964495817873,1
69,107.0,155.1,3.5,4.5,29.4,1,1,2,44.47952923198818,1
40,59.5,153.3,3.4,5.5,129.4,0,1,2,25.31819007705665,1
27,105.0,183.5,3.3,5.5,13.8,0,0,0,31.18294738248855,1
28,72.7,182.0,2.4,4.6,24.4,0,1,2,21.947832387392825,1
58,109.1,152.6,6.1,6.3,26.3,0,0,1,46.850656768051884,1
58,81.0,175.2,9.0,7.5,83.9,0,1,0,26.38862826046163,1
22,105.5,153.8,3.1,7.5,96.8,0,0,1,44.600506289728266,0
18,45.3,190.7,1.9,7.3,66.5,1,0,2,12.456522474398822,0
34,93.6,190.8,8.4,6.0,50.4,0,1,3,25.711008267078036,0
39,103.7,181.4,7.4,8.2,123.3,0,0,3,31.514047911077505,1
51,54.1,191.7,9.3,9.0,19.6,1,1,2,14.721533085761232,1
62,51.2,186.5,1.7,6.1,49.2,1,0,1,14.720151801565454,1
58,72.6,187.3,1.4,4.5,15.5,0,0,0,20.694792010213984,1
46,105.7,175.6,5.4,5.8,11.9,0,1,3,34.27882794298494,1
21,80.3,163.8,6.1,4.8,59.5,0,1,1,29.928692932355933,1
22,79.3,159.8,4.8,6.8,37.3,1,1,3,31.054149351269807,1
28,54.2,164.7,6.0,4.9,47.6,0,0,3,19.98076390663012,1
68,45.1,178.3,1.8,6.8,124.9,0,1,2,14.18645404391006,1
38,97.7,157.8,4.8,5.3,32.8,1,0,0,39.235624179746544,0
52,50.7,161.6,6.6,8.4,119.2,1,1,1,19.414456915988634,0
29,86.2,171.1,4.3,4.2,104.5,1,1,1,29.444707655384885,1
43,104.5,160.5,6.8,7.3,55.7,0,1,0,40.56637649091139,1
68,58.6,176.5,4.5,5.0,86.5,1,1,1,18.810840308484945,0
36,88.2,191.5,3.3,4.0,72.2,0,1,3,24.050883160973214,0
62,50.1,183.7,3.0,9.2,28.0,1,0,0,14.846340377097047,0
24,84.2,180.0,4.1,8.0,137.0,1,0,3,25.987654320987655,1
64,55.7,176.2,0.2,4.6,89.7,0,1,3,17.940865361696872,1
24,92.8,172.0,6.7,8.0,133.2,0,1,3,31.368307193077342,1
43,64.6,158.4,8.5,7.7,125.3,1,1,0,25.746735027038053,0
57,75.1,190.3,3.5,6.8,21.2,0,0,1,20.737784657850025,0
22,84.0,161.2,0.5,6.5,39.0,0,0,3,32.32579475275386,1
38,56.1,154.1,9.9,9.3,30.3,1,1,0,23.62422573810967,1
31,93.2,183.8,2.6,5.5,126.3,0,0,0,27.588297352115475,1
21,64.7,157.9,1.3,6.4,130.7,0,0,2,25.950158849465417,0
40,88.1,166.7,3.7,6.0,83.9,1,1,2,31.703317404905345,1
59,55.3,151.3,7.4,8.6,24.6,0,0,2,24.15723784482491,0
37,89.7,156.2,2.9,9.5,29.0,0,0,1,36.76464560848973,1
32,53.3,157.8,5.7,9.1,123.9,0,0,1,21.404900396934394,1
67,72.6,152.4,4.2,8.8,140.1,1,0,1,31.25839585012503,1
69,61.1,179.5,1.2,9.9,37.9,0,1,1,18.96322964595247,0
62,93.6,187.7,3.3,8.2,11.6,0,0,3,26.567292880845415,1
46,62.0,166.8,7.2,8.5,56.3,0,0,0,22.284330808734303,1
25,102.3,189.4,6.1,9.9,14.3,0,0,0,28.51777803300368,0
58,103.0,159.6,1.2,4.0,125.9,0,1,2,40.436303792061615,1
65,57.8,164.6,1.6,7.8,78.8,1,1,0,21.33379790323462,1
36,84.9,156.8,6.4,8.4,99.9,0,1,1,34.531510308204915,1
65,50.7,177.9,8.1,9.5,67.6,1,1,0,16.019762130230237,0
56,70.4,168.9,3.5,9.3,58.4,0,1,3,24.678193205714823,0
63,91.4,177.6,6.0,9.1,41.1,1,1,3,28.97745718691665,1
45,87.9,184.3,1.7,9.7,117.9,0,1,2,25.87844666905529,1
63,85.6,174.6,3.1,7.2,107.4,1,0,1,28.079235929875388,1
44,63.4,178.2,0.2,4.0,60.5,0,0,0,19.965208891508933,0
21,69.6,192.1,7.7,4.1,55.0,0,0,2,18.860556803742625,0
32,51.7,163.5,4.0,7.3,10.2,0,0,0,19.339935845280515,1
52,91.7,166.2,8.2,6.6,18.9,0,1,2,33.19764655113741,1
54,77.8,182.3,7.1,6.7,97.3,1,0,2,23.41026121699055,1
18,91.1,177.5,8.3,6.4,82.0,0,0,3,28.91489783773061,1
20,61.2,158.0,2.9,9.5,70.9,0,1,3,24.515302034930297,1
64,66.1,166.9,1.9,6.2,125.9,0,0,3,23.72951085975141,1
41,66.7,171.1,9.7,9.1,80.5,0,1,2,22.783781909677167,0
44,46.7,168.9,7.2,9.4,63.8,1,1,3,16.370335549813667,1
57,67.2,158.0,8.3,7.0,32.6,0,0,3,26.918763018746994,0
53,97.2,191.6,0.1,6.7,124.9,0,0,1,26.477395060167975,1
51,103.3,184.3,3.5,8.6,90.7,0,1,0,30.41232697284882,0
46,78.7,171.7,7.4,8.2,22.9,0,0,0,26.69525920011235,1
41,74.6,180.6,0.8,6.0,100.8,1,1,1,22.871957508440545,1
41,47.0,190.4,5.7,4.6,69.5,0,0,1,12.964744721417977,1
59,102.1,156.1,4.3,5.6,123.6,1,0,3,41.90057047975537,1
21,45.8,161.3,0.2,4.8,138.6,0,0,3,17.6034075277244,1
20,106.4,174.4,2.4,5.8,94.1,1,1,0,34.982324720141406,1
51,76.8,186.0,2.8,5.6,112.4,1,1,1,22.19909816163718,1
66,67.2,151.6,1.1,7.8,17.9,0,0,1,29.239562520450292,0
40,105.1,194.3,6.3,9.7,88.4,0,0,3,27.839223320104182,1
69,46.6,170.5,2.4,8.1,115.7,0,1,0,16.03013389977726,1
40,82.8,166.2,2.8,9.6,79.5,0,1,2,29.975628510732577,0
62,80.7,163.2,9.0,8.7,93.1,1,1,1,30.29934400230681,0
22,59.3,157.8,4.7,8.4,135.9,1,1,0,23.81445766488198,1
48,72.9,185.6,3.9,6.5,37.7,1,0,0,21.16272480677765,1
58,87.4,193.0,7.2,5.9,23.8,1,1,0,23.463717146769042,1
23,92.3,168.6,9.1,9.1,106.7,0,1,1,32.47031938411227,1
54,45.0,192.9,0.3,9.4,125.2,0,1,2,12.09338999489659,1
27,105.9,187.1,4.5,6.7,129.1,1,1,3,30.25160249222928,1
57,55.7,171.6,6.1,4.1,99.8,0,0,2,18.91562206247521,0
24,60.2,180.3,3.2,8.8,126.6,1,0,0,18.518467249229342,1
56,62.1,169.6,7.7,5.7,108.1,1,0,1,21.58936676753293,1
55,47.5,175.1,9.7,4.1,22.2,1,1,1,15.492493316212228,1
38,53.0,152.6,9.4,8.8,116.7,0,1,2,22.759714103636572,0
37,109.1,181.3,2.7,7.1,35.1,1,0,2,33.1916729363739,1
20,65.5,152.4,2.3,8.1,43.1,1,0,1,28.20144529177947,0
68,52.5,186.8,9.6,9.5,65.3,1,1,2,15.045463090756524,1
39,52.0,187.1,4.6,7.2,54.0,0,1,3,14.854422375787749,0
64,91.8,160.7,2.1,7.0,55.0,0,0,3,35.54765263515368,1
21,100.5,164.6,7.1,5.7,33.7,1,1,3,37.094233378461574,1
45,61.7,171.7,2.8,5.8,51.1,0,0,0,20.928811850659873,0
29,46.4,176.8,2.7,8.8,12.8,0,1,2,14.844085911426873,0
55,59.5,162.9,8.8,6.7,76.2,0,0,1,22.422023174950944,0
68,48.7,176.7,1.6,5.0,117.6,0,1,0,15.597531170240808,0
53,51.7,163.4,0.6,4.6,130.7,1,1,1,19.36361498092103,1
64,73.0,152.5,2.7,6.8,124.9,1,1,2,31.389411448535345,1
58,59.9,150.1,6.1,6.8,68.3,1,0,2,26.586761390696232,1
22,78.5,154.6,1.2,7.9,112.3,1,1,0,32.84359420212241,1
30,61.5,185.7,4.7,6.8,50.3,0,1,0,17.834104549610565,0
40,106.1,193.3,6.3,4.9,17.8,1,1,3,28.395640934577887,1
67,103.9,169.2,8.5,7.0,104.6,0,0,0,36.29232824192837,0
47,81.8,173.1,2.3,9.4,100.8,1,1,3,27.299781301385252,1
54,68.0,156.6,8.2,5.0,122.2,1,0,0,27.728437469926885,1
42,69.8,174.8,2.3,8.1,96.3,0,1,3,22.844021804586077,1
65,71.8,156.5,6.8,7.6,32.0,1,0,2,29.315395686390595,0
44,92.3,177.5,4.3,8.5,129.4,0,0,1,29.295774647887324,0
68,74.4,192.0,1.1,4.9,97.8,1,1,2,20.182291666666668,1
31,100.7,158.8,7.1,9.6,123.1,1,0,3,39.932681509304665,0
65,106.4,184.4,2.2,7.7,118.4,0,1,2,31.29102535749408,0
64,66.8,151.1,1.8,9.1,51.7,1,1,0,29.258195251149637,0
53,81.4,166.9,3.6,5.5,20.4,0,1,0,29.222120786441227,1
56,51.2,155.0,6.5,8.4,34.7,0,1,1,21.311134235171696,1
33,58.0,165.9,2.3,8.7,23.0,1,0,1,21.073429638906784,1
39,71.9,157.8,1.8,6.4,44.1,1,0,2,28.87452792757192,0
38,58.4,166.8,0.1,6.3,74.3,0,0,1,20.990401923065857,0
38,102.0,168.8,4.7,7.9,137.0,1,0,0,35.797713438601996,0
25,55.3,163.5,4.3,4.6,132.1,1,0,0,20.68662383450701,1
66,74.6,179.5,2.3,8.4,110.6,0,1,0,23.153141269853585,1
33,84.4,191.3,0.5,4.3,13.4,0,1,3,23.062825157825962,1
48,90.0,168.0,4.3,5.1,57.8,1,0,3,31.88775510204082,1
59,69.9,158.7,7.9,8.0,105.5,0,0,2,27.753855463161823,1
27,101.5,162.2,7.2,4.6,28.1,1,1,3,38.58018825611468,1
49,81.9,188.4,8.6,9.8,122.2,1,0,1,23.073958375593328,0
51,73.6,175.7,0.1,9.2,138.0,1,0,0,23.841539282337276,1
26,49.4,170.5,9.7,7.8,59.6,0,0,2,16.993317910922677,0
34,75.2,156.7,3.4,8.9,108.8,0,0,3,30.62526445852537,0
28,98.3,170.2,9.9,9.3,30.7,1,1,2,33.93394927651301,1
49,84.9,162.5,2.5,5.6,106.7,0,1,2,32.15147928994083,1
27,99.1,192.4,4.7,9.1,13.0,0,0,1,26.770933735590695,0
39,77.1,189.8,3.5,5.2,31.1,0,1,1,21.402374636492738,0
34,52.7,153.8,3.6,6.5,109.4,0,0,1,22.279115464158103,1
21,45.9,173.2,8.4,7.3,109.7,0,1,2,15.30089765266229,1
65,64.7,160.1,7.5,8.3,99.8,1,0,2,25.24187529577275,1
69,90.4,168.5,9.9,4.2,76.8,0,1,1,31.83967455907862,1
64,96.4,189.5,6.1,5.7,104.5,0,1,3,26.84470311401341,1
42,64.2,173.7,4.6,7.7,118.3,0,1,0,21.278224719927856,0
38,77.2,165.0,0.9,6.1,145.3,1,0,1,28.356290174471997,1
54,72.4,159.4,10.0,8.7,134.4,1,1,3,28.494558483900576,1
55,71.7,186.0,5.5,7.9,121.2,0,1,2,20.724939299340964,0
66,60.0,178.1,7.0,5.4,107.3,1,0,2,18.915743289403625,1
18,53.9,171.1,4.1,4.9,90.4,0,0,3,18.411481933007487,0
42,57.8,159.8,5.5,7.8,26.9,1,0,3,22.63467632412856,1
68,48.6,165.0,9.4,6.7,33.2,1,0,2,17.85123966942149,1
53,57.9,193.2,1.7,5.0,124.8,0,0,2,15.51187582783586,1
34,45.6,173.4,2.9,6.0,122.5,1,1,2,15.165846513651259,1
58,85.8,168.0,1.5,5.8,96.0,0,0,2,30.399659863945583,0
41,65.6,173.5,7.9,4.6,71.4,0,0,1,21.792390934232486,0
19,108.3,185.1,0.6,7.3,13.6,1,1,2,31.60935391706441,0
57,57.6,165.3,0.8,8.6,55.8,1,0,2,21.080299472004373,1
32,67.5,158.0,3.0,7.5,68.9,1,0,3,27.038936067937826,0
49,68.3,176.3,5.1,9.0,78.0,0,1,3,21.974352102475763,1
56,45.5,179.9,4.1,4.8,140.1,0,1,3,14.058826455683331,1
23,99.5,182.1,0.4,6.6,25.2,0,0,2,30.005660364271733,1
18,47.1,189.7,9.6,7.7,82.6,1,0,3,13.088390542012208,0
64,106.1,166.7,9.5,8.1,61.5,1,1,2,38.18072618229804,1
40,103.0,153.4,2.8,8.2,148.6,1,0,2,43.771003707361515,1
56,79.8,193.1,7.3,8.4,130.7,1,1,3,21.401210750702443,1
34,80.3,169.6,5.8,7.9,71.4,0,1,0,27.916685208259167,1
51,87.5,178.0,2.4,4.6,150.0,1,1,1,27.616462567857592,1
58,70.2,180.0,2.6,8.2,82.0,0,0,1,21.666666666666668,0
46,87.1,174.6,4.9,8.3,33.4,0,0,0,28.57127861556246,1
26,47.9,159.2,4.2,10.0,87.8,0,0,0,18.899459609605824,1
30,48.5,184.0,2.9,8.2,41.7,1,1,2,14.325378071833647,0
23,74.7,186.2,8.1,8.1,99.1,1,0,3,21.545731753043807,1
23,80.7,174.9,4.8,7.1,141.2,1,0,1,26.38116169298408,1
37,102.7,172.0,6.5,9.2,120.1,1,1,1,34.714710654407796,0
69,51.8,155.1,1.9,10.0,48.2,1,0,0,21.53308050670082,1
20,98.5,153.8,5.3,8.7,51.6,1,0,3,41.64123099088374,0
34,58.7,165.3,3.2,7.7,19.7,1,1,1,21.482874635532237,1
66,70.6,164.0,5.3,4.5,50.0,1,1,1,26.249256395002977,1
29,65.6,192.9,7.8,8.4,23.0,1,1,2,17.62947519256036,0
65,71.0,185.3,7.7,8.3,79.9,1,0,2,20.67795139166981,1
64,54.8,179.7,3.5,8.7,109.2,1,0,2,16.970100108106973,1
62,77.7,173.3,6.9,4.7,115.2,1,0,1,25.871636062996263,1
18,97.1,157.5,9.4,7.9,18.3,1,1,1,39.143361048122955,1
34,73.7,194.0,6.3,5.8,57.6,1,0,2,19.58231480497396,0
20,76.9,166.9,1.5,8.6,50.3,0,0,2,27.606647278591282,0
43,100.2,154.8,6.8,5.4,24.6,0,0,3,41.814394167017205,0
32,90.9,172.2,1.0,8.1,60.7,0,1,1,30.65473661207493,1
53,76.9,189.3,8.7,5.8,51.9,1,0,1,21.4597724147881,0
49,61.8,189.9,5.2,4.1,98.8,0,1,0,17.137147929358346,1
49,102.5,150.5,3.9,7.8,133.7,1,0,2,45.25336364940785,1
21,82.5,189.9,0.6,4.7,73.7,1,1,2,22.877260585308473,0
35,59.4,162.2,3.8,8.0,114.5,0,1,2,22.57796238830751,1
66,62.5,151.8,9.0,9.6,30.4,1,0,1,27.12292195021186,0
36,97.2,188.2,0.2,9.8,135.3,1,0,3,27.442711927189862,0
60,47.9,188.9,4.7,5.4,31.4,1,1,1,13.42368021262661,0
69,109.5,176.8,9.3,8.9,36.9,1,1,0,35.03076308838885,1
52,53.5,175.8,3.9,6.1,24.9,0,0,0,17.310756224430232,0
57,96.7,186.6,4.3,9.4,53.4,1,1,3,27.771746684909292,0
31,70.7,185.4,5.8,8.7,87.3,0,1,2,20.56837369622112,0
50,77.0,190.1,4.6,4.4,148.3,0,1,0,21.307205349713502,1
31,102.2,174.9,1.7,6.4,121.1,1,0,1,33.40960006224254,1
51,71.8,193.5,0.2,6.0,63.3,0,1,0,19.176198011604537,1
21,79.9,194.8,6.1,8.7,90.6,1,0,0,21.055660731377202,0
41,48.2,155.2,9.2,6.5,97.3,1,0,3,20.010760973535984,0
46,45.2,188.2,1.1,8.1,125.2,0,0,3,12.761425710997754,1
36,60.9,172.5,2.1,7.6,113.1,0,1,1,20.466288594833014,0
23,89.2,167.4,3.7,9.9,89.7,0,1,2,31.83126858310887,0
50,52.9,177.6,8.1,9.6,103.7,1,1,3,16.771416686957227,1
66,52.4,152.5,2.7,6.6,114.4,0,0,3,22.53157753292126,1
57,71.7,172.8,8.8,8.3,28.6,0,0,2,24.012184927983537,1
36,87.1,189.2,0.5,9.0,38.1,0,0,0,24.33189260221071,0
18,91.3,159.6,9.4,9.4,106.4,1,0,1,35.84305374966238,1
22,56.6,169.2,5.6,4.4,129.1,1,0,1,19.770411727556745,0
44,50.2,192.3,6.6,5.8,67.3,0,0,0,13.575165991559059,1
33,106.1,169.3,3.7,5.9,147.2,0,0,2,37.01702120087961,1
23,61.9,166.1,7.8,6.6,40.3,0,0,2,22.43630752747179,1
57,100.5,169.8,1.7,5.0,68.3,1,1,3,34.8570548598018,1
30,101.1,173.4,0.5,7.0,63.0,1,1,2,33.624278125661014,1
65,95.2,178.4,4.0,8.0,140.2,1,1,1,29.91212371051097,1
52,56.0,186.0,8.5,7.0,50.0,1,1,1,16.18684240952711,0
36,98.4,170.3,7.5,8.0,75.9,1,0,1,33.92858928442743,1
29,95.0,186.8,5.2,4.4,36.2,0,1,2,27.225123688035616,1
33,83.8,174.0,5.7,9.3,83.0,0,0,0,27.678689390936714,1
60,66.9,165.2,1.3,9.6,130.0,1,1,1,24.513539975024777,1
27,62.1,179.6,8.4,7.7,52.6,1,0,1,19.252136646147587,1
42,52.9,182.3,7.9,9.3,123.5,0,1,0,15.917774015151672,0
37,78.1,175.1,6.6,4.8,137.6,0,1,3,25.472920589393155,1
48,83.0,152.5,4.7,8.8,20.2,0,1,2,35.68933082504704,1
21,68.4,157.6,9.6,4.7,115.9,0,0,1,27.538715246463457,0
61,75.9,162.8,8.8,6.4,45.7,0,1,2,28.6373597184408,0
40,68.6,162.7,6.4,5.9,34.5,0,1,1,25.914868523596702,1
19,86.7,180.3,3.7,7.5,94.2,0,1,1,26.6702842277107,1
39,103.6,150.8,6.2,5.8,108.8,0,1,3,45.557205074263514,0
68,55.7,184.0,5.8,7.8,65.3,0,1,0,16.45203213610586,0
54,69.8,161.9,3.9,6.2,15.5,0,0,0,26.629421084778844,1
25,54.2,164.0,3.1,9.2,137.2,0,0,0,20.151695419393224,1
24,85.6,173.8,4.1,7.8,112.3,1,1,3,28.338327853265717,1
31,92.4,159.7,5.7,5.3,48.0,1,0,3,36.22948319269577,1
20,105.6,189.8,4.3,6.0,79.6,1,1,0,29.313758256986162,0
67,63.1,153.8,2.6,9.1,13.9,0,1,2,26.675753051012833,1
33,106.8,170.0,7.6,6.3,57.5,0,1,2,36.95501730103807,1
36,49.1,188.2,5.3,7.2,83.2,1,1,3,13.862522177212162,0
68,84.2,177.7,0.7,7.9,82.4,1,0,2,26.66473278739246,1
35,48.7,163.2,3.7,6.1,39.1,0,1,0,18.28473423683199,1
69,103.1,168.9,8.8,5.8,118.7,0,1,1,36.140933515755655,1
33,79.4,181.8,7.6,6.9,51.8,0,0,2,24.023304420651087,1
25,88.5,193.8,3.2,5.3,91.3,1,1,0,23.56327898602817,0
50,99.1,190.2,9.4,5.7,48.0,0,1,0,27.393821988255212,1
66,54.8,165.4,0.8,4.4,69.5,0,0,0,20.031319040426705,1
29,47.5,194.9,9.6,5.8,39.1,0,0,2,12.504603668561135,1
28,102.1,150.2,2.5,5.9,98.6,0,1,1,45.25701195565257,1
22,65.5,151.2,0.1,9.8,69.6,1,1,2,28.65086363763613,1
44,53.4,187.1,4.3,7.5,12.3,1,1,0,15.254349132058957,1
29,75.4,159.0,3.6,8.7,13.9,0,0,0,29.82476958981053,0
34,83.9,152.7,5.4,4.3,76.0,1,1,0,35.98188297182049,0
23,47.0,160.7,8.0,4.6,35.7,1,1,3,18.199778582268227,0
50,62.9,169.2,8.4,8.9,91.9,0,1,2,21.97100525906924,1
22,47.1,182.9,4.0,7.7,67.1,1,1,1,14.07970307669911,1
45,72.3,178.1,4.3,5.1,101.6,0,0,2,22.793470663731366,0
31,103.2,160.7,1.5,6.4,143.3,0,0,0,39.962067014682574,0
22,108.9,172.6,0.5,7.2,84.0,1,1,0,36.55495865160876,0
50,86.4,191.7,6.4,9.1,120.2,0,0,3,23.51091420720463,0
67,55.5,186.7,0.6,4.4,115.4,0,1,0,15.922246649084299,0
65,103.9,164.5,7.3,7.6,139.1,0,0,2,38.39580196044013,1
58,78.6,194.2,5.4,8.3,40.0,0,0,2,20.84126591864376,0
36,55.0,181.9,2.0,9.9,125.8,1,0,2,16.622536351220294,0
39,104.9,152.8,5.4,8.8,136.8,0,1,0,44.9292097256106,0
22,94.2,151.6,1.8,5.7,65.0,1,1,3,40.98760103313121,0
19,92.6,157.6,4.4,8.3,53.9,1,0,2,37.281944909685905,1
47,91.1,182.8,8.0,8.6,143.3,1,1,1,27.262519810963898,1
64,58.0,158.3,4.6,8.4,97.9,0,0,1,23.145478510819906,1
56,58.7,173.0,1.5,8.9,63.3,1,1,1,19.613084299508838,1
21,89.7,154.2,7.2,9.4,120.9,1,0,2,37.72451765608362,1
50,59.3,191.4,1.9,4.6,52.6,1,0,3,16.18716622499997,0
30,73.5,165.5,7.4,4.6,34.7,1,1,0,26.834366243462544,0
37,95.8,190.9,4.8,8.8,86.2,1,1,3,26.28776430796637,0
24,96.0,192.5,4.5,5.5,89.3,1,0,0,25.906560971496035,1
32,74.5,150.3,8.5,4.4,125.6,1,1,0,32.97906294308699,1
40,96.5,170.9,7.1,6.4,74.0,0,0,0,33.04023958795911,0
31,99.5,151.1,0.3,8.9,124.0,0,0,0,43.58069502229624,1
40,87.6,190.9,3.0,4.8,53.6,1,1,2,24.037663396428538,1
36,59.8,173.3,8.7,8.0,90.6,1,1,1,19.91150368812325,0
46,62.8,153.4,0.2,4.0,39.2,0,1,2,26.687563425459253,1
37,65.5,155.0,5.5,4.7,64.0,1,1,3,27.263267429760663,1
46,52.6,167.3,7.3,6.1,130.1,1,0,0,18.79290257094767,1
41,62.8,192.3,6.2,4.5,40.2,0,0,2,16.98247857111372,0
35,58.6,181.2,7.6,9.1,123.4,1,0,2,17.847657753802224,0
27,74.6,189.0,7.3,9.2,49.6,1,1,2,20.884073794126703,0
58,104.0,166.5,6.9,8.5,14.8,1,1,0,37.51499246994742,0
25,51.8,151.9,8.2,5.5,25.4,1,0,0,22.449889722501158,1
43,91.8,193.8,6.5,7.1,114.4,0,1,0,24.441909727880066,0
46,89.7,150.8,4.0,5.1,46.7,1,1,2,39.444800146345926,1
27,51.2,192.6,4.7,5.7,101.6,1,1,2,13.802488545551988,1
34,105.0,166.6,7.2,7.1,107.9,0,0,3,37.83025815368164,1
19,82.0,150.5,8.8,8.4,58.3,0,0,1,36.20269091952628,0
23,68.6,181.0,2.7,4.6,76.5,1,1,1,20.939531760324776,0
22,94.2,194.1,3.4,5.8,66.5,1,0,0,25.003443945702717,1
45,61.7,193.5,9.3,9.6,142.6,1,0,1,16.4787105475766,1
58,90.1,157.2,5.8,6.6,54.8,1,0,0,36.46025548886688,0
22,47.6,158.2,1.8,9.6,35.7,1,0,0,19.01927659622076,1
35,99.6,175.4,6.6,9.9,61.2,1,0,2,32.37428311765647,0
43,74.1,178.7,9.9,7.2,103.7,1,1,1,23.20433373030176,1
37,86.4,183.3,8.2,5.7,107.6,0,0,3,25.715135232146057,1
58,59.4,158.1,7.5,8.7,139.4,0,1,0,23.764172988776828,1
66,89.0,193.2,2.1,5.0,133.4,1,1,0,23.843816039333188,1
44,95.2,178.7,8.8,5.5,50.4,1,0,3,29.81177558872777,0
66,75.8,188.1,5.3,8.7,73.7,1,0,1,21.423558735738705,0
29,85.2,174.3,8.9,6.6,114.6,1,0,3,28.044313965969604,1
24,74.7,168.6,3.3,5.2,138.3,1,0,1,26.27879586124796,0
20,103.1,194.0,0.6,7.9,57.2,1,1,1,27.393984482941864,0
27,77.4,176.2,4.8,8.4,72.2,0,1,1,24.93039459596657,1
51,99.7,189.0,2.7,4.8,135.9,0,1,1,27.910752778477647,1
42,97.1,192.9,7.2,5.7,60.2,1,0,1,26.09484818898797,0
52,71.7,180.4,9.6,5.3,77.3,1,1,1,22.031602597824005,1
33,60.0,174.7,6.9,6.3,136.6,1,1,0,19.65918187004036,1
19,71.4,150.2,8.9,8.6,122.3,0,0,2,31.648880055177216,0
41,98.7,151.8,4.5,8.3,44.1,0,0,0,42.83251834377457,1
27,59.8,159.0,7.7,8.0,55.5,0,0,0,23.654127605711796,1
55,79.1,158.4,8.4,4.0,59.4,1,1,3,31.525800938679723,1
39,97.4,161.5,7.1,4.9,137.8,0,0,2,37.3434040391454,1
43,68.0,163.7,5.1,5.3,149.9,1,1,2,25.375321529579608,1
60,86.7,166.2,6.3,5.6,118.4,1,0,2,31.387524056527955,1
56,61.0,168.9,7.0,4.9,77.8,1,1,1,21.383093544724492,1
44,52.1,154.4,2.5,6.5,11.4,1,1,1,21.854613546672393,1
46,96.6,151.9,8.1,4.5,107.6,0,0,1,41.86601056358324,1
64,51.4,180.3,9.5,8.5,64.5,1,1,0,15.811448780903458,1
55,62.6,174.2,4.7,8.7,98.6,1,0,2,20.628993160137668,1
37,100.6,170.0,7.0,7.4,94.9,0,0,2,34.80968858131488,1
44,67.5,178.5,7.4,4.5,77.3,1,0,0,21.18494456606172,1
58,108.2,187.2,6.6,9.3,142.2,1,1,1,30.87561180509899,1
37,108.7,169.2,5.5,9.8,13.2,1,1,3,37.968970932604556,1
61,62.4,178.9,8.8,5.2,109.7,0,1,2,19.4968256730701,1
36,47.7,192.9,4.5,8.2,67.4,1,0,0,12.818993394590386,1
37,90.8,187.8,0.6,9.1,109.9,1,1,1,25.745105311090466,0
52,74.3,169.2,8.4,7.2,104.5,0,1,0,25.953031649425192,1
64,51.5,179.0,6.7,5.9,11.4,1,0,3,16.073156268530944,1
19,91.0,158.0,8.5,6.9,49.9,1,0,3,36.45249158788655,1
47,47.0,175.2,1.4,7.1,36.5,1,0,1,15.311920101749342,0
51,101.6,194.2,0.3,6.4,33.4,1,0,0,26.939855182369033,0
39,54.0,173.3,9.3,9.6,112.0,0,0,1,17.980287611348754,1
20,53.3,191.7,1.5,8.5,43.5,0,0,0,14.503839435694521,1
23,56.4,168.3,8.1,5.4,76.5,1,0,0,19.911816074131266,1
32,107.4,194.9,8.2,7.5,44.6,0,1,3,28.27356703165192,1
44,90.1,176.1,7.1,8.1,91.2,1,0,0,29.054009824189382,1
27,97.1,151.9,1.3,4.8,110.9,1,0,0,42.08270834082746,1
26,70.8,176.4,6.7,6.2,56.4,0,0,3,22.752865318462984,1
50,66.9,162.4,8.9,9.4,94.4,1,0,2,25.366121478317844,1
49,60.2,151.5,4.3,7.4,125.5,1,0,2,26.22836541079851,1
65,76.2,186.9,4.1,5.3,23.2,1,1,2,21.81405323144281,0
23,80.9,162.4,4.4,4.7,109.5,1,0,2,30.674427916231892,1
58,86.1,185.8,0.8,7.1,55.2,0,1,0,24.940877663981198,1
53,61.7,163.0,8.9,7.3,27.2,0,1,2,23.22255259889345,1
19,106.7,158.7,8.7,6.0,86.4,0,0,2,42.365327294983786,1
46,56.0,193.8,10.0,7.8,41.7,0,0,0,14.910097437486751,0
21,107.8,166.3,5.9,4.4,125.0,0,0,2,38.97932034962787,1
18,46.0,177.1,7.5,4.9,16.0,1,1,2,14.666304897812523,0
36,76.3,177.4,2.0,7.3,23.8,0,0,1,24.244727486721004,1
43,66.7,175.2,6.7,4.4,82.9,0,1,2,21.729895123120876,1
42,74.2,191.2,6.5,9.3,92.5,1,1,1,20.296826035958755,1
27,82.1,180.3,9.0,4.9,112.2,1,0,2,25.255251846540347,1
32,73.3,168.2,8.3,8.0,46.3,1,0,0,25.90907998376883,1
39,72.0,188.8,9.4,6.3,127.8,1,1,2,20.198937087043948,1
68,92.6,158.1,8.7,6.4,143.4,1,1,3,37.04650536634233,1
65,89.6,174.5,8.7,8.6,79.9,0,0,0,29.425045771381182,1
38,99.2,192.8,0.6,7.0,116.5,0,0,2,26.686868339043748,0
39,61.2,178.1,8.5,8.4,83.5,0,1,2,19.294058155191696,1
53,84.6,186.8,6.1,7.0,19.7,1,1,0,24.244689094819083,1
51,83.0,179.4,3.8,7.6,55.7,0,0,3,25.788923564116235,0
47,69.0,187.8,0.6,8.6,22.2,1,1,0,19.564011745211918,1
42,76.6,192.5,6.8,7.6,148.4,0,0,3,20.671276775172874,1
62,65.4,162.3,3.3,7.7,42.1,1,0,0,24.827941228390863,1
45,54.2,157.6,4.7,8.7,99.0,0,0,0,21.821613543250283,1
18,58.9,171.8,6.8,9.7,49.8,0,1,1,19.955792329657488,0
66,51.9,181.6,9.1,6.3,101.5,1,1,1,15.737497331599684,1
62,89.4,160.2,8.3,7.5,39.5,1,1,0,34.83473373638758,1
21,87.9,150.2,4.5,4.5,119.9,1,0,1,38.962696874650945,1
24,106.8,165.4,3.9,6.2,25.5,0,0,2,39.03914002769292,0
66,92.4,193.6,2.4,6.5,135.3,1,0,2,24.652516904583024,1
26,48.4,181.3,3.7,9.0,127.7,1,1,2,14.724811825119128,0
53,102.5,168.1,1.1,7.1,105.0,1,0,1,36.27341448905268,1
36,101.1,158.7,9.7,8.4,19.4,0,0,1,40.141842451010874,1
